Code,proportionToHere
500100,0.000188084
500202,0.001414399
500203,0.000464891
500204,0.00039641000000000003
500205,0.00017522500000000002
500206,0.00023886
500207,0.0007812930000000001
500208,0.00036088
500301,0.0006284700000000001
500302,0.0006095580000000001
500401,7.517e-05
500402,0.001317348
500500,2.679e-05
500600,0.00010169
500700,6.8845e-05
500801,0.0004353160000000001
500802,0.0004475119999999999
500900,0.002109514000000001
501000,0.0004288699999999999
501100,0.0015295650000000003
501200,0.00075832
501300,0.000147475
501400,0.000514692
501500,0.000237922
501612,8.989999999999999e-05
501614,0.000576219
501615,0.000315672
501620,0.000589002
501631,0.000246549
501632,0.00011928700000000001
501633,0.00091069
501634,0.00055493
501700,0.000715685
501802,0.0008092319999999999
501806,0.0011114000000000002
501807,0.00027675
501809,0.000594657
501810,0.00025136
501811,0.00035570499999999994
501814,0.001011543
501815,0.00025510199999999994
501816,0.00039328699999999987
501817,0.000211805
501818,0.0003826899999999999
501819,0.00023948999999999997
502001,0.00031069999999999996
502002,0.00016543
502003,0.00021719999999999997
502004,0.00010447
502005,0.000206417
502101,0.0012687220000000003
502102,0.0007124589999999999
502201,0.000521007
502202,0.0005074249999999999
502300,0.00041335000000000005
502400,0.00031438
502500,4.06e-05
502600,0.00020152
502700,0.00039062
502800,0.0008551130000000001
502900,0.00045645900000000004
503000,0.0007400980000000002
503100,7.801399999999998e-05
503200,0.00021318000000000004
503300,0.00020705
503400,0.000224045
503500,0.0007995980000000001
503600,0.00039214
503700,0.00018627
503800,0.00046486
503900,3.815e-05
504000,0.0006197299999999999
504100,0.00038519499999999996
504300,0.000364229
504400,7.669e-05
504501,0.0018978800000000007
504502,0.00030513700000000003
504600,0.0020773809999999997
504700,0.000124857
504800,9.510000000000001e-05
504900,9.491000000000001e-05
505010,0.0009682040000000006
505021,0.000763068
505022,0.000795238
505300,0.00043717200000000005
505400,7.275e-05
505500,0.00069713
505601,0.000170897
505602,0.000250427
505603,0.00023671000000000003
505604,0.00026398999999999997
505605,0.00030906
505700,0.00015727
505803,4.702e-05
505804,0.00027507
505805,0.0025003110000000003
505806,0.00030192500000000003
505807,0.0004803000000000001
505808,0.0006558000000000001
505902,0.0011080800000000002
505904,0.0008275800000000001
505906,0.0004916
505907,0.00042124999999999997
505908,0.00042367999999999996
505909,0.0005602050000000001
505910,0.00044905699999999994
506001,0.000207399
506002,0.0001676
506003,0.00020779999999999998
506201,0.00018061999999999996
506202,1.435e-05
506300,0.000551786
506400,0.00013119
506613,0.0009046449999999998
506614,0.0006285000000000002
506616,2.129e-05
506620,1.29e-05
506631,0.0011784730000000002
506633,0.00011324000000000001
506634,5.8874999999999995e-05
506642,0.000267195
506644,9.5087e-05
506645,0.00022203000000000001
506646,0.0004339169999999999
506647,7.275999999999999e-05
506648,0.00012568
506652,0.00035197
506653,0.0005750500000000001
506654,0.00021375000000000002
506655,0.000615111
506656,9.900999999999999e-05
506657,6.34e-05
506658,0.00012799000000000003
506659,9.476e-05
506660,0.0006878759999999999
506661,0.0010810250000000004
506800,0.0005913459999999999
506901,0.0005947899999999998
506902,0.0005451
506903,0.00080662
507000,0.00071642
507101,0.000697035
507102,0.00075415
507200,0.00089575
507300,0.0008078600000000001
507400,0.00093637
507500,0.00042404
507710,0.0004962899999999999
507720,0.0005818
507800,0.0008807500000000001
507900,0.0010433360000000002
508010,0.0005679470000000001
508020,0.0010954789999999995
508110,0.0005960499999999999
508120,0.00041524
508210,0.0007763600000000001
508220,0.00059652
508310,0.0007920699999999999
508320,0.0008656429999999998
508411,0.0009082099999999999
508412,0.00054189
508420,0.0011302900000000002
508510,0.0009465799999999999
508520,0.0011042500000000002
508610,0.0008324799999999999
508620,0.0005516799999999999
508701,0.0005839899999999998
508703,0.00048248
508704,0.0007677599999999996
508803,0.00089279
508804,0.00067785
508805,0.000446283
508806,0.00088198
508807,0.0006459399999999999
508900,0.00016994
509000,0.00042866
509100,0.0019429780000000002
509300,0.0006866400000000002
509400,0.0010984039999999999
509500,0.00040989
509701,0.0007425199999999999
509702,0.0007248900000000001
509800,0.0007663819999999999
510010,0.0010431889999999995
510020,0.000773585
510210,0.00049659
510220,0.00068564
510401,0.0006425000000000001
510402,0.0007621889999999999
510500,0.0006858500000000001
510700,0.0009877850000000001
510800,0.0007636349999999999
511001,0.0005183700000000001
511002,0.0007540599999999998
511100,0.0011587099999999994
511301,0.00042564000000000013
511302,0.0004542
511303,0.0008716190000000001
511401,0.0007343299999999999
511402,0.0007232599999999999
511601,0.0007304499999999999
511602,0.0004441800000000001
511700,0.00075688
511800,0.00068521
511901,0.00052221
511902,0.0006420499999999999
512000,0.0006180599999999999
512100,0.000711787
512201,0.0005002499999999999
512202,0.0008810289999999998
512300,0.0008111449999999998
512401,0.0005707000000000002
512402,0.0006377949999999999
512500,0.0010394599999999999
512600,0.00060019
512700,0.00040258000000000004
512801,0.00042821
512802,7.77e-05
512902,0.0005574999999999999
512903,0.00035287
512904,0.00022489000000000002
512905,3.767e-05
512906,0.0005671300000000001
513011,0.00036380000000000006
513012,0.0004134799999999999
513013,0.00048908
513020,0.0006092169999999999
513101,0.00023276999999999998
513102,0.000236175
513211,0.00037975
513212,0.00046437999999999997
513213,0.00053286
513214,0.00049921
513220,0.00115144
513301,0.0006510899999999999
513302,0.0009090939999999998
513410,0.00036205499999999985
513420,0.00030707
513431,0.000208795
513432,0.00036310000000000004
513511,0.00022334499999999998
513512,0.00047152999999999995
513521,0.0008121600000000002
513522,0.0008871799999999999
513530,0.00101452
513610,5.7379999999999996e-05
513621,0.00011581
513622,0.00024119999999999998
513631,0.0009488799999999997
513632,0.0006609299999999999
513701,0.000145387
513702,0.00032548
513800,0.000992228
514000,0.0007146599999999999
514101,0.001499798
514102,0.003311778
514103,0.002517106999999999
514200,0.000403919
514301,0.0005589870000000002
514302,0.00020060000000000002
514401,0.0008927699999999999
514402,0.00105293
514500,0.0010923499999999993
514600,0.0009011299999999999
514700,0.0010366599999999998
514801,0.0008836530000000001
514802,0.0008005500000000001
514900,0.000550195
515001,0.00059888
515002,0.00074859
515003,0.00029675
515100,0.0008627
515201,0.00045489000000000006
515202,0.000529755
515301,0.0005372110000000001
515302,0.0006679499999999999
515410,0.00059438
515420,0.000668019
515431,0.0005876590000000001
515432,0.000132
515500,0.00025797
515600,0.0007119979999999999
515700,0.0009584579999999999
515801,0.00067117
515802,0.00059885
515901,0.0004071
515902,0.0016731499999999998
516001,0.00032428000000000003
516002,0.0007163
516003,0.0012081679999999997
516101,0.0005773999999999999
516102,0.0007212600000000003
516201,0.00056717
516202,0.00072468
516301,0.0010874399999999998
516302,0.0009002799999999998
516400,0.0009070170000000001
516500,0.0009520099999999999
516601,0.0005981000000000002
516602,0.0006216
516700,0.0008685549999999999
516800,0.0007111999999999997
516900,0.001002
517001,0.0007319999999999999
517002,0.00045030000000000005
517100,0.0007107199999999999
517201,0.00045823
517202,0.00036932
517400,0.0006689669999999999
517500,0.0010736749999999998
517600,0.0007720799999999999
517701,0.0005282100000000001
517702,0.000799487
517703,0.0005631099999999999
517800,0.0009586499999999998
517901,0.0004914000000000001
517902,0.00042002
517903,0.0007065400000000001
518101,0.000688114
518102,0.0005056
518201,0.0010535739999999998
518202,0.0004647399999999999
518301,0.0006469000000000001
518302,0.0008439499999999998
518500,0.0009228199999999999
518600,0.001078799
518701,0.001261005
518702,0.0007302649999999998
518801,0.0006467270000000002
518802,0.00047525000000000003
518803,0.0009459299999999999
518901,0.0009647299999999999
518902,0.00069712
519001,0.00058855
519002,0.0007497799999999999
519200,0.0008599099999999999
519300,0.000775592
519400,0.0009967100000000003
519500,0.0005097990000000001
519710,0.0006456999999999999
519720,0.0005917000000000001
519810,0.0006587370000000002
519820,0.0007158259999999998
519900,0.0006680800000000001
520000,0.000558641
520201,0.0012375240000000003
520202,0.0005080460000000001
520301,0.00040838999999999996
520302,0.0005136099999999998
520303,0.000660019
520401,0.0007512349999999999
520402,0.00086549
520500,0.000982715
520601,0.0007382300000000001
520602,0.0005077370000000001
520801,0.0018820169999999997
520900,0.00015783999999999997
521000,0.0007895019999999999
521111,0.00017952000000000002
521112,9.800999999999999e-05
521114,3.26e-05
521115,3.86e-05
521116,9.149e-05
521117,0.00014010999999999998
521121,0.0005604690000000001
521122,0.00111029
521131,0.00029449
521132,0.0006997
521134,4.019e-05
521135,0.00041061600000000004
521136,0.0006499380000000001
521151,0.00046076
521152,0.000353837
521153,0.00037333599999999983
521160,0.00013304999999999998
521201,0.000275407
521202,9.07e-05
521203,6.235e-05
521301,0.0008284260000000002
521302,0.00010420000000000001
521501,0.0005276799999999999
521502,0.0008083200000000001
521601,0.00047029999999999983
521602,0.00107989
521801,0.000488387
521802,0.000718389
521803,0.00034535
521901,0.0015100690000000006
521902,4.33e-05
522100,0.0009707699999999999
522201,0.0009411900000000001
522202,0.00078997
522301,0.00065774
522302,0.0009204399999999997
522400,0.0007599899999999999
522601,0.0008633399999999999
522603,0.00030806000000000003
522604,0.00043889
522711,0.000543027
522712,0.00066393
522721,0.000224265
522722,0.0007172799999999998
522723,0.0004885400000000001
522730,0.0006115299999999999
522810,0.0007293300000000001
522820,0.0005538399999999999
522910,0.00058455
522920,0.0007478600000000001
523000,0.0008526000000000002
523101,0.00084254
523102,0.0007168070000000001
523105,0.00044170999999999994
523106,0.00081788
523107,0.000272995
523109,0.0006368999999999998
523110,0.0004531100000000001
523112,3.0362e-05
523113,0.000894701
523114,0.0008991099999999998
523115,0.001139485
523116,0.0004175200000000001
523201,0.00035208
523202,0.00037514699999999994
523300,0.0012731860000000002
523402,0.0004974799999999999
523403,0.00019619000000000003
523404,0.00015967
523501,0.0002751870000000001
523502,0.0007307300000000002
523601,0.0005449000000000001
523602,0.0006670299999999999
523711,0.0007578800000000002
523712,0.0011163399999999997
523713,0.0008456599999999999
523721,0.00068917
523722,0.0008022199999999999
523813,0.00025937
523814,0.00099337
523816,0.0005833999999999999
523817,0.0003695
523818,0.000238167
523819,0.00014414999999999998
523820,0.00106787
523911,0.00060708
523912,0.00075512
523920,0.0008136999999999998
524001,0.00054748
524002,0.0011477030000000004
524111,0.0005739800000000001
524112,0.0006325799999999999
524121,0.00033788000000000004
524122,0.000813549
524200,0.001444629
524301,0.00101342
524302,0.0008920999999999997
524303,0.00100348
524402,2.5795e-05
524403,0.0004405
524404,0.000422
524405,0.0005666
524510,0.00059658
524520,0.00080751
524530,0.00083283
524602,0.000700715
524603,0.0009739779999999999
524604,0.00023806100000000002
524711,0.0005554
524712,0.00033884000000000003
524713,0.0005157400000000001
524720,0.0010122299999999996
524811,0.0006907
524812,0.000823
524821,0.0004673
524822,0.0008193
524901,0.0008599799999999997
524902,0.00043829
525001,0.0007361799999999999
525002,0.00040466699999999994
525101,0.00087002
525102,0.0012430499999999999
525201,0.00045093000000000005
525202,0.0003043259999999999
525410,0.00034639199999999995
525420,0.0004407649999999999
525510,0.00027681
525520,0.00045526
525530,0.000521697
525540,0.0005032649999999999
525610,0.0009971670000000002
525620,0.00031415
525630,0.0007207499999999998
525700,0.00040838000000000007
525910,0.0016348029999999996
525921,0.0011715
525922,0.00048458599999999996
526103,0.001138457
526104,0.0006590649999999999
526105,0.00026389
526106,3.762e-05
526200,0.0008199189999999999
526400,0.0
526500,0.00059728
526601,0.00068307
526602,0.0009399680000000001
526603,0.000257267
526701,0.000681097
526702,0.00015179999999999998
526900,0.00026882999999999996
527004,0.0003809
527005,0.0003397169999999999
527006,0.0006359200000000001
527007,0.00079732
527008,0.00052571
527009,0.001289807
527111,0.00034870899999999994
527112,0.000331676
527122,0.00018810999999999999
527123,0.000508407
527124,3.4645e-05
527125,0.000383867
527131,0.0009538299999999999
527133,0.00031575
527134,0.00024110000000000003
527210,0.000490242
527221,0.0001907819999999999
527222,7.725e-05
527401,0.000467235
527402,0.0008112740000000002
527501,0.00052007
527502,0.0005202200000000001
527503,0.000258824
527504,0.00065376
527505,0.001152398
527600,0.000218309
527700,0.00045603900000000004
527810,8.829999999999999e-05
527820,0.00019501
527912,0.00024898
527913,0.00046001999999999995
527914,0.00034643
527915,0.0007372300000000001
527916,0.00012664
527917,2.424e-05
527921,9.435e-05
527922,0.00036529900000000003
527923,0.00011223
527924,9.203000000000001e-05
527925,7.369e-05
527931,7.627e-05
527932,0.00020978000000000001
527934,0.00032223500000000003
527935,0.000147997
527936,0.0001562
527937,3.37e-05
528000,0.00013405
528200,0.0008693599999999999
528310,0.0009761700000000002
528320,0.00037669
528402,0.00035610000000000004
528403,0.00023732599999999997
528405,2.828e-05
528406,2.7265e-05
528501,0.00074105
528503,0.00046011
528504,0.00051572
528505,0.00043400000000000003
528601,0.0006782699999999999
528602,0.00064458
528700,0.0005498000000000001
528800,0.00059996
528900,0.00031755799999999985
529000,0.0007369299999999999
529100,0.0007409820000000001
529200,0.0007816400000000003
529300,0.0008487099999999999
529401,0.0005263199999999999
529402,0.0005758100000000001
529501,0.00028575000000000003
529502,0.00044741000000000003
529503,0.0005493899999999999
529600,0.00041594999999999995
529700,0.0008051730000000002
529800,0.00050356
529900,0.00042326
530000,0.0007156699999999997
530100,0.001036568
530200,0.0006824919999999998
530300,0.0007388499999999999
530400,0.00066
530500,0.0014458929999999997
530600,0.00042904999999999994
530700,0.0006207899999999999
530800,0.00042723
531001,0.00023962
531002,0.00054678
531003,0.00045535500000000006
531004,0.0006367870000000001
531100,0.000622928
531200,0.0006078669999999999
531301,0.0004368879999999999
531303,7.330999999999999e-05
531304,0.000919024
531500,0.000328669
531600,3.813e-05
531710,6.580300000000001e-05
531720,0.00041062399999999995
531731,0.000245059
531732,0.000174482
531800,0.00016724900000000004
532000,0.0007650740000000001
532200,3.1641e-05
532300,2.8720000000000003e-05
532400,2.0787000000000003e-05
532501,0.0008398939999999998
532502,0.000618713
532601,0.0008220199999999998
532602,5.1660000000000003e-05
532700,0.0005418449999999999
532901,0.00021575999999999998
532902,0.000496692
532903,8.8562e-05
532904,9.053999999999998e-05
533000,0.0016810360000000006
533100,0.001176095
533200,0.0030261380000000016
533300,0.0014165329999999996
533400,0.0011075050000000002
533501,0.001157011
533502,0.0009041500000000002
533602,0.00015063399999999997
533603,0.0015603410000000005
533604,0.00016298
533800,0.00033752900000000004
533901,0.0004640719999999999
533902,0.00021795000000000004
533903,7.1327e-05
534100,0.0014542970000000004
534200,0.0009189450000000001
534300,0.000843033
534400,0.0014435550000000002
534500,0.0004608699999999999
534602,5.046e-05
534603,0.0004859299999999997
534604,0.0007689919999999999
534800,0.0008749240000000001
534901,0.000445465
534902,0.0007795459999999999
535000,7.68e-05
535100,0.000271319
535211,7.029e-05
535212,6.509e-05
535220,0.00045752999999999983
535231,0.00013315
535232,0.0003468439999999999
535241,0.0009549780000000001
535242,0.00015046999999999996
535250,0.00041424999999999996
535261,0.0006596620000000003
535262,0.00018376999999999998
535310,0.00028371
535320,0.000110397
535330,0.00031291700000000007
535340,0.00033559999999999997
535350,0.00014302200000000003
535360,0.00049103
535370,0.00034297999999999995
535380,4.9187e-05
535501,0.000616294
535502,0.000735459
535600,0.0008288159999999997
535700,0.0001831
535800,0.0008477609999999996
535900,0.000394614
536000,0.00044568
536201,0.0005694000000000001
536202,0.0007185400000000003
536203,0.0004113299999999999
536400,8.897e-05
536503,0.00047410099999999994
536505,0.00011041999999999999
536508,0.0
536510,0.0
536512,0.00010449999999999999
536513,0.000790608
536514,0.000688197
536515,0.00047170000000000003
536516,0.0006727899999999999
536517,0.0005712350000000001
536611,4.168e-05
536613,0.0
536614,0.0004351559999999999
536615,0.000945692
536620,0.000952809
536630,0.0010301660000000001
536641,0.00011669999999999999
536642,0.00041849399999999994
536651,0.000149995
536653,0.00045399
536654,0.0005163909999999999
536810,0.0014254920000000004
536821,0.001541540000000001
536831,0.0014705980000000003
536832,0.0008168140000000001
537000,0.00092141
537100,0.0006069950000000003
537201,0.000870324
537202,0.0005619499999999999
537301,0.00083129
537302,0.00027526000000000004
537400,0.0005919190000000001
537500,0.00049963
537601,0.0008103419999999999
537602,0.0009986519999999996
537700,0.00039661
537800,0.00012223000000000003
537900,0.00100943
538000,0.00044799999999999994
538101,0.00033305
538102,0.000919179
538201,0.0008592039999999999
538202,0.00016348199999999998
538301,0.00026629999999999997
538302,0.0005915700000000001
538303,0.0006711149999999999
538501,0.0005425100000000002
538502,0.000875832
538601,0.000589207
538602,0.000752065
538721,4.4e-05
538722,0.000572113
538731,9.55e-05
538732,0.0006305869999999999
538741,0.0007014900000000001
538742,0.00037102000000000006
538811,0.0005336500000000001
538812,0.0
538820,0.001285896
538831,9.533000000000001e-05
538832,0.0008343759999999998
538841,0.0005417389999999998
538842,0.000107
538850,0.00034014000000000006
538861,3.0185e-05
538863,0.00026015500000000003
538864,0.00011368
539000,0.000206
539100,0.0005998600000000001
539200,0.0005313889999999998
539310,0.000347035
539320,0.000461237
539400,0.00040062699999999986
539500,0.00033398
539600,0.0002809499999999999
539700,0.00022665999999999997
539800,0.00025932999999999994
539900,0.00025251
540000,0.000826495
540100,0.00042387699999999997
540200,0.00042727
540300,9.175000000000001e-05
540410,0.0011300470000000001
540420,0.000455375
540510,0.000527224
540520,0.0005124589999999999
540600,0.000720553
540700,0.00015818
540900,0.00014733399999999997
541000,0.001910278
541311,0.000592084
541312,0.000436934
541313,0.00011558
541315,9.9e-07
541316,0.00013926
541317,0.0001626
541318,4.5095e-05
541319,0.00023467
541320,0.001173833
541333,0.00017778200000000003
541334,0.000234747
541335,0.002732327
541342,0.00018618900000000002
541344,0.00138005
541345,6.8245e-05
541346,0.0009013160000000001
541347,0.0005354750000000001
541348,8.831e-05
541501,0.000630717
541502,0.0
541503,9.2397e-05
541710,0.00027384
541720,0.0009982130000000004
541730,0.000838332
541740,0.0013783269999999997
541750,0.0007419429999999999
541760,0.000575564
541900,0.0011408580000000002
542000,0.00023869899999999999
542100,0.00012927
542200,0.00029398
542300,8.07e-05
542410,0.0013358969999999997
542421,0.00031203700000000003
542422,0.0005297899999999999
542430,0.0006671159999999999
542440,0.0007105319999999999
542511,8.313700000000001e-05
542514,4.1727e-05
542520,0.000102387
542530,0.0008570800000000001
542540,0.00040947
542550,0.00156203
542561,9.401000000000002e-05
542562,0.0011634420000000002
542600,0.0013053820000000001
542700,0.000406226
542800,0.0007374800000000001
542901,6.44e-05
542903,0.00018769000000000004
542904,0.000878758
542906,0.0005975690000000002
543301,0.0005811389999999997
543302,0.00025596500000000003
543303,6.432999999999999e-05
543601,0.0008710999999999998
543602,7.915e-05
543800,5.695e-05
543901,0.000247467
543902,0.000121347
543903,0.00037388
544001,0.0005347279999999999
544002,0.0008160960000000001
544003,8.606e-05
544004,0.0003324939999999999
544200,0.0006934799999999999
544300,0.0007707
544400,0.0004577499999999999
544500,0.0008896669999999999
544600,0.0009208170000000002
544701,0.0003499
544702,0.000500959
544801,0.0004938770000000001
544802,0.00037349999999999997
544900,0.0003474
545201,6.219e-05
545202,4.155e-05
545204,0.0009169509999999998
545205,0.0019529979999999998
545206,0.000415129
545301,0.00065944
545302,0.00014565200000000002
545303,4.2505e-05
545304,0.0006383039999999999
545500,0.0008902379999999998
545611,0.000596022
545621,0.000308612
545631,0.00035065000000000004
545632,7.432e-05
545710,0.00017596999999999998
545721,0.000231349
545722,0.00018414
545730,0.00047060900000000003
545740,0.00044371699999999994
545750,0.00016635
545761,0.000126922
545762,0.00015679000000000002
545811,0.00017406700000000003
545812,0.0001357
545821,0.0004725
545822,5.8370000000000005e-05
545831,0.0001073
545832,0.00014773000000000002
545841,0.00026271499999999995
545842,0.00024050400000000003
545851,0.00021299000000000003
545852,0.00012869
545860,0.00020145000000000002
545911,0.001277725
545912,0.0029078220000000004
545913,0.000983706
546100,0.000403019
546200,0.000274162
546300,0.000241795
546400,4.059900000000001e-05
546500,0.0007433600000000002
546600,0.0008416270000000001
546700,0.0005103849999999999
546801,0.0005563450000000002
546802,0.001067992
546901,0.0011616410000000001
546902,0.00048475000000000005
547001,0.00041037
547002,0.00042304999999999996
547100,0.001103265
547200,0.0013325910000000002
547300,0.0009530500000000001
547400,0.0006545799999999999
547600,0.00058746
547700,0.0005219300000000001
547800,0.00037419999999999993
547900,0.0007420370000000001
548000,0.0009900710000000001
548100,0.00053776
548200,0.001133747
548300,0.0007652449999999999
548400,5.937e-06
548500,0.00031089
548611,0.0004976600000000001
548612,0.00045138000000000003
548620,0.0006022799999999999
548810,0.00029137
548821,0.000578119
548822,0.00020581
548831,0.000645625
548832,0.0006474699999999999
548833,0.00016666
549000,0.00010997499999999999
549100,0.000876722
549200,0.0022900440000000006
549400,0.00022083900000000002
549500,0.0009775150000000002
549601,5.763e-05
549602,0.0005570139999999997
549800,0.0009755829999999998
549901,0.000107655
549902,4.95e-07
550101,0.00039679000000000005
550102,0.0012936229999999998
550200,0.00028507
550500,0.00041110100000000003
550600,0.00011970000000000001
550700,0.000458744
550800,0.00024999699999999996
550901,0.00089289
550902,6.336200000000001e-05
551012,0.00016799000000000002
551013,7.716e-05
551014,0.00017779
551021,0.000201542
551022,0.0005230500000000001
551023,0.00013749999999999998
551024,0.000346985
551030,0.000114677
551111,0.0009356029999999998
551112,0.0007936969999999999
551120,0.00012472
551301,0.0006053619999999999
551302,0.0004623199999999999
551400,0.001072208
551501,0.00038426000000000004
551502,0.00033309
551503,0.00033757000000000004
551600,0.00025973
551700,0.0005646100000000001
551800,0.00046881799999999997
551900,0.0003858399999999999
552001,0.00032402899999999993
552002,0.0004098
552100,0.000691345
552200,0.000376035
552300,0.0004635100000000001
552400,0.00059238
552500,0.00090581
552701,9.803000000000001e-05
552702,0.0006485569999999999
552800,0.0006907559999999998
552900,3.963999999999999e-05
553001,0.000439375
553002,0.000311284
553003,0.000297347
553004,0.00047499699999999995
553101,0.000718748
553102,0.00038838
553200,0.00026906
553301,4.1037e-05
553302,0.0006490370000000002
553400,5.054e-05
553500,0.000461094
553601,0.0006140140000000001
553700,0.000245568
553800,0.000290015
553900,0.000279039
554010,0.0013381659999999994
554020,0.0006629620000000002
554111,0.00013937999999999998
554113,0.00014419
554114,9.079e-05
554115,0.00012916999999999998
554120,9.450500000000003e-05
554130,0.00011389399999999998
554300,3.4819999999999995e-05
554400,0.0006413989999999996
554500,0.00015853600000000003
554700,0.000239485
554800,0.000288222
554900,0.0017832710000000003
555000,0.0011731259999999998
555100,0.00024574000000000004
555200,0.00021126
555300,0.00043936099999999993
555400,0.00112213
555700,0.0008664679999999999
555800,0.00033970599999999995
555900,0.00017575700000000002
556000,3.674200000000001e-05
556100,0.0004331490000000001
556200,0.0005180800000000002
556300,0.00026419999999999997
556400,0.00025635
556500,0.0002231
556600,0.00031330999999999997
556700,0.000188145
556800,0.00035787399999999994
556900,0.00022501
557000,5.047000000000001e-05
557100,0.0006218630000000001
557200,0.00037294
557300,0.000436651
557400,0.00035116
557500,0.00037612
557600,0.0002619
557700,0.00036400999999999995
557800,0.00012936
557900,0.00024170000000000005
558100,5.355e-05
558200,0.000104157
558300,0.0005987739999999999
558500,0.000145699
558600,4.8650000000000003e-05
558700,0.000334188
558800,5.394e-05
558900,0.0003824659999999999
559000,0.000502586
559210,0.00024123500000000002
559220,0.0021634510000000003
559230,0.000638076
559240,1.79e-05
559400,0.000345909
559500,0.0008809300000000003
559700,0.000525977
560000,0.0014518259999999998
560200,0.0005905559999999999
560301,0.000138667
560302,0.00022915
560411,3.82e-05
560412,0.00023249999999999999
560421,0.00011423999999999998
560422,0.0003968639999999999
560710,0.0006977
560720,0.0011759250000000002
560730,0.00049583
560740,0.00047257000000000006
560900,8.907e-05
561000,9.753e-05
561100,3.2640000000000006e-05
561200,9.367e-05
561300,0.000767878
561410,7.283700000000001e-05
561421,4.156e-05
561422,0.0006607999999999999
561500,0.00017694000000000002
561700,0.0007233840000000001
561811,0.000146035
561812,0.00010784999999999999
561813,0.00012645499999999998
561820,0.0002222
561901,0.00034654
561902,0.000311395
562100,0.0009346649999999999
562200,0.0011394849999999995
562310,0.0008674000000000002
562320,0.000317375
562401,0.0004996369999999999
562402,0.00048384000000000003
562500,0.000925462
562600,0.00051533
562710,0.00056025
562720,0.0006839400000000001
562800,0.0015030450000000002
562910,0.0007035589999999997
562921,0.000233055
562922,0.0005276899999999999
563000,0.0010162269999999998
563101,0.00080622
563102,0.00027542
563200,0.0008451299999999998
563300,0.0005917899999999999
563500,0.000337164
563600,0.00011934499999999999
563701,0.0006228609999999999
563703,0.00044037
563704,5.94e-05
563705,0.000818698
563706,0.001245382
563801,9.109999999999999e-05
563802,0.00016958
563920,0.0003116009999999999
564011,0.00019755000000000003
564012,0.00027387999999999995
564013,0.00013799
564021,0.0011727640000000002
564022,0.001089033
564023,0.00013254
564210,0.0007811279999999999
564220,0.0004652619999999999
564231,0.0005766149999999998
564232,0.00030038699999999994
564240,0.0007566799999999998
564400,0.0013113400000000002
564510,0.00024796000000000003
564520,0.000342609
564530,0.00044269700000000003
564601,3.319e-05
564602,0.00022833
564800,0.000626915
564900,0.0005187999999999999
565000,0.00032622
565100,0.00040129000000000006
565200,0.00040776699999999996
565300,0.0005395549999999999
565400,0.0006469299999999999
565601,0.00025316
565602,0.0007303100000000001
565603,2.235e-05
565604,0.0002564
565700,2.4275e-05
565901,0.0007198989999999999
565902,0.000197857
565903,0.00098385
566000,0.0014872650000000002
566101,0.0008912440000000001
566102,0.0006181899999999999
566200,0.00048778400000000006
566301,1.48e-06
566302,0.000871938
566500,0.00023799000000000002
566610,9.287e-05
566620,0.00051185
566700,0.00050097
566800,0.000503989
566900,0.0004744
567000,0.00035729
567100,5.0050000000000004e-05
567200,5.1500000000000005e-05
567300,0.0003758499999999999
567400,0.000667309
567500,0.00036606000000000003
567600,0.00036778
567700,0.00053339
567800,0.0006150600000000001
567901,0.0002153
567902,0.00028026
568101,0.0006180500000000003
568102,0.00034087
568103,0.00043018999999999995
568104,0.00034793
568201,0.0004335719999999999
568202,0.0005156899999999999
568301,0.00038718999999999993
568302,0.0008009949999999998
568303,0.0008797129999999995
568401,0.0004291399999999999
568402,0.00043497999999999996
568501,0.0004982900000000002
568502,0.00049851
568601,0.00014549
568602,0.0007245399999999998
568701,0.00022428999999999998
568702,0.00045540999999999995
568800,0.0005644690000000001
568900,0.00038498899999999997
569001,0.00023707999999999997
569002,6.434000000000001e-05
569100,0.0011195119999999998
569201,0.000129895
569202,0.00045691899999999997
569301,0.00033811000000000003
569302,0.0006249000000000001
569401,0.00019142
569402,0.00044607
569500,0.00047815999999999993
569600,0.000318678
569800,0.00030157
569900,0.0003049779999999999
570000,0.0005665409999999999
570100,0.0007110879999999999
570300,0.0013998479999999993
570400,0.00040617
570500,0.00035556000000000004
570600,0.0007101199999999998
570700,0.00038960000000000004
570800,6.380200000000001e-05
570900,0.000337297
571000,0.00022429999999999998
571100,0.0005189200000000001
571200,0.00025289
571300,0.0007267389999999998
571400,0.000663
571501,0.00040012999999999995
571502,0.00044322000000000003
571600,0.00044002000000000006
571800,0.00039288
571900,0.000600204
572000,0.00046960999999999997
572100,0.0004758899999999999
572200,0.000453417
572300,4.95e-07
572500,0.0006122
572600,0.000745195
572701,0.0006578299999999999
572702,0.000293025
572900,0.000988292
573000,0.0020910970000000005
573101,0.002146792000000001
573200,0.000933443
573300,0.0009140700000000001
573400,0.0011934839999999999
573511,5.7470000000000004e-05
573513,0.0006105389999999999
573514,0.000532837
573522,9.0095e-05
573523,0.0002056
573524,0.0001168
573525,5.0007000000000004e-05
573526,2.9175e-05
573600,0.00030698000000000005
573700,0.000616517
573801,0.00018314999999999998
573802,0.00024864
573901,0.00028975
573902,0.00021827
573903,0.0004382000000000001
574001,0.0006086999999999998
574002,6.93e-06
574100,0.0006474199999999999
574200,0.000549955
574302,0.0006437299999999998
574303,1.482e-06
574304,0.00046025000000000005
574401,0.0005443299999999999
574402,0.000517377
574500,2.2815e-05
574600,0.0006040620000000002
574701,0.00025512000000000006
574702,0.0003394700000000001
574703,0.00012366500000000002
574800,0.00045173999999999995
574900,0.0007497449999999998
575000,0.0006034940000000002
575100,0.00073325
575200,0.00044231999999999995
575300,0.000670095
575400,7.473999999999999e-05
575500,0.00011295000000000001
575600,0.0007273500000000002
575701,0.00018482
575702,0.00014756000000000003
575800,0.0003643699999999999
575901,0.0001703
575902,0.00032117999999999996
576001,0.0005973700000000001
576002,0.0005821
576100,0.0006330419999999999
576200,0.00048583000000000003
576301,0.0005422369999999999
576302,0.00019192
576400,0.0008273649999999997
576500,0.0008196789999999999
576600,0.00022787
576700,0.00030827
576800,0.0008222699999999999
576901,0.000530222
576903,0.00057836
577000,0.0005520499999999999
577101,0.0001143
577102,0.0006098
577200,0.0006151500000000001
577301,0.000579049
577302,0.00039747999999999997
577400,0.00026349
577500,0.00036967000000000006
577601,0.00028089999999999994
577602,6.59e-05
577700,0.000271132
577900,0.00028321699999999994
578000,0.000471246
578100,0.00020536899999999998
578200,0.000252275
578301,9.16e-05
578302,0.000305301
578401,0.0008626480000000001
578402,0.0003548119999999999
578600,0.000143324
578700,0.0005705
578800,0.00059122
578901,0.0003918999999999999
578902,0.0005185869999999999
579000,0.00022768000000000002
579100,0.000179143
579200,0.001170283
579400,7.973e-05
579501,0.0015773380000000002
579502,0.00035588499999999996
579700,0.0020032509999999997
579802,0.0008109250000000001
579803,0.0017293869999999995
579804,0.0
579900,0.000782656
580000,0.00044332
580100,0.000531337
580200,0.000694948
580300,0.000552579
580410,9.1292e-05
580420,0.000187985
580431,0.00025831
580432,0.000233358
580442,0.00088985
580446,0.005523781999999998
580447,0.000984586
580448,0.00021104999999999995
580449,0.00033984
580450,0.0015782230000000001
580451,6.738000000000001e-05
580452,8.791500000000001e-05
580600,0.000332598
580801,0.000850941
580802,0.000109167
580900,8.3e-05
581100,0.0016177729999999999
581210,0.000938967
581220,0.0019891229999999998
581230,0.0009280450000000002
581240,0.0008297500000000001
581250,0.0008855800000000001
581260,0.0008217070000000001
581400,0.001398747
581500,0.0014638450000000003
581601,0.0038614969999999998
581602,0.000505514
581713,7.82e-05
581715,0.0004552699999999999
581717,0.00011285
581720,0.00018854999999999998
581721,4.95e-07
581723,0.00031778000000000004
581724,4.08e-05
581725,0.0
581726,0.00015638000000000002
581811,1.14e-05
581812,0.000431496
581822,0.0003365
581823,0.000552874
581825,0.000356165
581832,0.00031852899999999996
581833,0.0008575170000000001
581834,2.44e-05
581836,0.0015757299999999998
581841,0.0010499060000000002
581842,0.001596334
581843,0.00024973
581844,0.00019749900000000001
581850,0.000191237
582000,0.00028897600000000003
582100,0.00046991
582200,0.00030157999999999997
582300,0.0008567700000000001
582401,0.0003506169999999999
582402,0.00052355
582500,0.000955965
582600,0.00014765
582700,0.000364473
582800,0.00040207
582900,0.000249517
583000,0.0009691250000000002
583100,0.000526779
583201,0.00030846700000000004
583202,0.00027387
583300,0.00038525
583400,0.0007993680000000001
583500,0.00024175000000000002
583600,0.0001377
583700,0.00056814
583800,0.00042687499999999995
583900,0.000676206
584000,0.0005544599999999999
584201,0.001012277
584202,0.0020086719999999995
584301,0.001073484
584303,0.0010427389999999998
584305,1.48e-06
584402,0.00026729900000000003
584403,3.664e-05
584404,6.305e-05
584405,0.0006147679999999999
584407,0.001777167
584408,0.000279302
584409,8.872500000000002e-05
584410,0.00032921
584411,0.0001628
584412,0.000105802
584500,0.0013959750000000003
584600,0.0011820370000000001
584701,0.000436428
584702,0.00036223
584703,0.000777409
584800,0.000310049
584911,9.75e-05
584912,0.00019770999999999998
584922,7.145e-05
584923,3.7260000000000006e-05
584930,0.000144
584931,3.907e-05
584932,8.42e-06
584933,0.00019524199999999999
584934,1.2375000000000001e-05
584935,6.895000000000001e-05
584936,2.676e-05
584937,0.00019252899999999996
584938,0.00014334
584939,0.000593132
584940,0.000503467
585000,0.00044443900000000003
585110,0.000406524
585120,0.00017834999999999997
585130,0.0007606779999999999
585140,0.000786879
585306,0.000207954
585307,0.00010301000000000002
585309,0.000228999
585311,5.4499999999999997e-05
585312,0.00014489
585313,0.000554212
585314,0.0008698540000000001
585315,0.001254795
585316,0.000189956
585317,0.000309066
585318,0.003074991
585319,0.000259959
585320,0.001429751
585321,0.00048709200000000006
585322,0.00025998000000000004
585323,0.000751685
585324,0.00050311
585325,0.0011919640000000002
585400,0.002334086
585502,0.0018033399999999998
585504,0.00025283900000000004
585505,0.00017423599999999998
585506,0.003724379000000001
585601,0.0007094569999999998
585602,0.000604398
585700,0.0017729630000000004
585802,0.0004155959999999999
585803,0.0004932320000000001
585805,0.00010441999999999999
585806,0.00046192999999999994
585807,0.0004424560000000001
585808,0.00031188900000000004
586001,4.96e-06
586002,0.00010315
586112,0.00014794000000000002
586114,7.3272e-05
586115,0.0001061
586120,0.0009605949999999999
586121,0.0007972629999999999
586122,0.00027851000000000004
586124,0.000172519
586126,0.000604408
586127,0.00011405700000000001
586128,1.98e-06
586129,0.00018444000000000002
586130,8.412e-06
586303,0.00039910499999999997
586304,0.000264344
586305,0.00034814
586306,0.0006133570000000001
586307,0.00053355
586308,0.00031438
586403,0.00036237
586404,0.0003055
586405,7.7767e-05
586407,0.00017494499999999995
586408,0.00025454
586409,0.000244357
586501,0.000211015
586503,0.0001733
586504,6.427e-06
586603,0.00043555999999999993
586604,0.00018618
586605,0.000207557
586606,0.00020685
586801,0.0007461470000000001
586802,0.000518516
586900,0.0003429300000000001
587010,0.0006002199999999999
587020,0.00017939000000000003
587100,0.00553432
587302,0.0003776599999999999
587303,0.00038878
587304,0.0005952999999999999
587400,0.0005658370000000001
587500,0.0009649589999999999
587701,0.0012531439999999999
587702,0.0013572349999999996
587811,0.00038515399999999997
587812,0.00045460699999999994
587821,0.00016208400000000003
587822,0.00029462
587830,0.000494787
587842,8.308e-05
587844,0.00030453999999999995
587845,0.00047840000000000003
587846,0.00026140999999999995
587847,0.00015628000000000001
587848,0.0003828019999999999
587849,0.00028104000000000003
587902,0.000634923
587903,0.000140672
587904,0.0013112700000000004
587905,0.000284529
588101,0.000814139
588102,0.0005732749999999999
588200,0.000512387
588300,0.00040906000000000004
588401,0.0005835149999999999
588402,0.00057328
588500,0.0007741999999999996
588600,0.0005546149999999998
588700,0.0004221
588800,0.000800131
588900,0.00038296999999999995
589000,0.0003026
589100,0.0004376199999999999
589200,0.00049426
589300,0.00035568
589400,0.000496825
589500,0.00031287999999999997
589601,0.00052421
589602,0.00024401
589700,0.00048546999999999984
589800,0.0005532000000000001
589900,0.0006129899999999999
590000,0.0009207309999999997
590100,0.0006015500000000001
590200,0.000556819
590300,0.000581218
590400,0.00070384
590501,0.0007915969999999998
590504,0.000288605
590505,0.0003991000000000001
590506,0.000135575
590507,7.253e-05
590602,0.0007811000000000001
590603,0.0006009000000000001
590604,0.0005606890000000001
590701,0.0005974069999999999
590702,0.0004748000000000001
590800,0.0008277989999999998
590900,0.000137855
591101,0.0005073519999999999
591102,0.000692757
591200,0.00025787499999999997
591300,0.00032806700000000003
591500,0.0023559370000000002
591600,0.001174086
591700,0.0012859259999999997
591800,0.0004249000000000001
591900,0.0007570690000000001
592000,0.0009512569999999997
592100,0.0006588499999999999
592200,0.0007461350000000001
592300,0.0008708700000000003
592401,0.0009262560000000001
592402,0.0011098199999999996
592500,0.0004926599999999998
592600,0.0008320239999999995
592701,0.00061942
592702,0.0005958499999999999
592811,0.00019910199999999996
592812,0.00032980199999999997
592820,0.00036159500000000004
592900,0.0004575549999999999
593000,0.00046839500000000003
593100,0.0006286499999999999
593200,0.00038045700000000006
593300,0.00032963
593400,0.00032446699999999994
593501,0.0008498900000000001
593502,0.0006235849999999999
593600,0.00039608000000000004
593700,0.0003303700000000001
593800,0.00039214799999999993
593900,0.00048203399999999995
594010,0.0005842599999999999
594020,0.0006841689999999999
594100,0.000520428
594200,0.0006304400000000001
594300,0.0005758369999999999
594400,0.0007894600000000002
594500,0.00030390299999999995
594600,0.0010205849999999999
594700,0.0006544350000000001
594800,0.0009314500000000001
594900,0.00053435
595000,0.00058706
595100,0.00047192999999999996
595200,0.00032285999999999995
595300,0.000762827
595400,0.00060552
595500,0.00040309999999999993
595600,0.00082562
595700,0.0007492929999999999
595800,0.000403647
595900,0.0006052000000000002
596000,0.00070382
596102,0.0008552200000000001
596200,0.0007238899999999999
596400,0.0006986440000000001
596502,0.0002914269999999999
596503,0.000323934
596504,0.0
596600,1.2845e-05
596800,0.00041336
596901,0.00024197
596902,7.5877e-05
597000,9.941e-05
597101,0.00028098999999999995
597102,0.0
597200,0.000828739
597300,0.00024794000000000004
597400,0.000273694
597503,7.785e-05
597505,0.0
597506,0.0008059239999999999
597507,0.00029672
597508,0.0005137
597509,0.00036205000000000005
597510,0.00032594000000000004
597512,0.0005469299999999999
597513,0.00010093
597600,0.0008590720000000001
597712,0.000122067
597713,9.399e-05
597714,0.00014068999999999998
597715,7.8837e-05
597720,0.0013644519999999997
597730,0.0007607
597741,0.00043782
597742,0.00020809
597811,0.00033987699999999993
597812,0.0006835799999999998
597820,0.00017109
597830,0.000844598
597840,0.000284255
597850,0.00047497
597860,0.00050558
598000,4.2579999999999996e-05
598201,9.210999999999998e-05
598202,0.00019177000000000002
598311,1.236e-05
598312,0.0011996350000000001
598313,0.0008021419999999997
598314,7.115e-05
598320,0.00023642999999999998
598500,0.0006628669999999999
598600,0.001137641
598700,0.00014293000000000002
598800,0.000204
598900,0.0006470700000000001
599000,0.00030428
599100,0.000593827
599200,0.0002895
599300,0.00039453
599400,0.00046176999999999996
599500,0.0009119449999999998
599600,0.00040160999999999994
599700,0.00045826000000000005
599800,0.0004537779999999999
599900,1.04e-05
600100,0.00030899699999999993
600200,0.0005458780000000001
600312,3.17e-05
600320,0.00028378
600321,0.0
600322,0.0
600323,0.0032376980000000007
600410,0.001242221
600420,5.355e-05
600500,0.0007437429999999999
600600,0.00013429999999999998
600811,3.41e-05
600812,0.00013185699999999998
600813,0.00010456
600822,1.4335e-05
600824,0.00023259099999999998
600826,0.0007425810000000001
600827,0.00022469100000000003
600828,8.525000000000001e-05
600830,3.0677e-05
600831,0.0014194990000000003
600832,0.0
600840,4.9540000000000003e-05
601010,0.0006392
601020,0.00053521
601030,0.000660769
601040,0.0005856349999999999
601200,0.00026332899999999997
601301,0.000171947
601302,1.1880000000000001e-05
601400,0.0007309230000000001
601500,4.509e-05
601602,8.509e-05
601603,0.0003624189999999999
601604,5.935e-05
601605,0.0001069
601700,1.534e-05
601900,0.0003935
602000,0.0007313419999999998
602100,8.615999999999999e-05
602200,0.00024959900000000003
602300,0.000207264
602411,7.896e-05
602412,0.0002899499999999999
602421,0.00023314900000000004
602422,0.000185287
602500,0.0005912969999999997
602600,9.678899999999998e-05
602800,0.00026778
602900,0.000669849
603000,0.0010708859999999998
603100,0.0007158949999999999
603210,0.000257302
603220,0.00013358
603300,0.0007855399999999999
603400,0.000408374
603500,0.00017876
603601,0.0007642459999999999
603602,0.0011388300000000004
603710,0.00033381
603720,0.0001504
603810,0.00010147
603820,0.00017317000000000002
603910,0.0005141
603920,0.00030796999999999997
603930,0.0005683700000000001
604010,0.000466614
604020,0.0004231300000000001
604110,0.0005618099999999999
604120,0.0004158110000000001
604130,0.00042758799999999996
604210,0.0011124429999999999
604221,8.950000000000001e-05
604222,0.000162952
604300,4.95e-07
604410,0.0006622459999999999
604420,0.00029215299999999997
604500,0.00075618
604611,0.00046356
604612,0.00043363
604620,0.000690437
604710,0.00016109
604720,0.000334129
604810,0.00018480000000000002
604821,5.547999999999999e-05
604822,0.00018957000000000002
604830,0.000460049
604901,0.00010382200000000001
604902,2.775e-05
605100,0.00022604
605200,0.0006456040000000001
605400,0.00030478000000000005
605500,0.00030406000000000004
605600,0.0004901799999999999
605800,0.000448552
605910,0.00029437699999999996
605920,0.00041813000000000006
606100,0.0006545099999999999
606210,0.0005216050000000001
606220,0.00025184999999999997
606300,0.000546658
606500,1.6322e-05
606600,5.0549999999999995e-05
606700,0.0006138119999999998
606800,0.0016707599999999999
606900,0.0006220280000000001
607000,7.082e-05
607100,0.000131621
607200,0.000324999
607300,0.0011010129999999999
607400,0.0008507240000000001
607501,0.0005071879999999999
607502,0.0004510579999999999
607600,0.00014319999999999998
607700,0.00021169500000000003
607800,0.00020721000000000002
607900,0.000678578
608000,0.0004559099999999998
608100,6.752e-05
608302,0.001035422
608303,0.0008675570000000001
608304,0.00208162
608305,0.0
608500,0.0015766199999999997
608600,0.0011631240000000004
608700,0.0003752500000000001
608800,0.003313416000000001
609011,0.0011815719999999999
609013,0.001544103
609014,6.4637e-05
609022,0.00019325000000000004
609023,0.00051787
609027,0.0
609028,5.25e-05
609029,0.000479471
609030,0.0
609031,0.000702915
609032,0.00028154
609033,0.0001288
609034,0.00027022
609035,0.000181159
609200,0.0005715600000000001
609302,0.0015168459999999996
609303,0.00018093999999999999
609304,0.0015513779999999997
609400,2.08e-05
609500,6.17e-05
609600,9.069999999999998e-05
609700,9.2137e-05
609800,0.0001365
609911,0.000549288
609912,0.000279807
609913,3.066e-05
609914,0.000142137
609921,6.038700000000001e-05
609922,0.000470332
610010,0.00013937400000000002
610020,0.0015247020000000002
610031,0.000251224
610032,0.0004549159999999999
610033,0.00013812900000000002
610040,0.0006345159999999999
610051,0.0003713849999999999
610052,0.000168425
610061,0.00028998500000000004
610062,9.763e-05
610072,0.00027802699999999997
610073,4.361e-05
610074,0.00018900499999999998
610075,0.0
610080,0.0005006490000000001
610090,0.00010941500000000001
610210,0.000461578
610220,0.00026393000000000006
610230,0.00012909399999999998
610240,0.0005192
610250,0.0006379630000000001
610400,0.00024835499999999996
610500,0.00043617199999999997
610601,0.0005544419999999999
610602,0.00049183
610700,0.0006319499999999999
610800,0.0007691499999999997
610900,0.00050438
611001,0.00037717
611002,0.0004668369999999999
611100,0.00067355
611210,0.000593128
611220,0.000312185
611300,0.0005152
611400,0.0003772400000000001
611500,0.00048196
611601,0.000531697
611602,0.0003975
611700,0.00031533
611800,0.0005585599999999999
611900,4.703e-05
612100,0.000549076
612200,0.000180189
612300,4.9957e-05
612400,0.00282021
612500,0.000224829
612600,0.00018407999999999999
612712,0.0001572
612713,0.00010646000000000001
612714,0.0020527979999999998
612715,8.3e-05
612720,0.000405519
612730,0.001767453
612740,0.00042617999999999996
612801,0.000251652
612802,0.00023659999999999995
612901,0.0022430999999999996
612902,8.3e-05
612903,0.0
613000,0.0018899859999999997
615800,0.0
615900,0.0
616001,7.417e-06
616200,4.95e-07
616300,3.27e-05
616400,0.0
618300,0.0
618400,4.45e-06
618500,0.0
619302,2.469e-06
619701,2.39e-05
619900,9.55e-05
620000,0.000495868
620904,0.0
626500,0.0
626700,0.0
626801,4.95e-07
