Node,Equation
ts_12_pestsPast = 0
ts_12_LU = 0
"ts_12_ls = Switch(ts_12_LU,0,1,1,2,2,2,3,2,4,2,5,0,6,2,7,0,8,2,9,3,10,2,11,0,12,2)"
ts_12_GS = 0
"ts_12_EI = Uniform(0,100)"
"ts_12_GI = Uniform(0,100)"
"ts_12_CI = If(ts_12_GS=1,ts_12_GI,ts_12_EI)"
"ts_12_cs = If(ts_12_CI>=20,3,If(ts_12_CI>=5,2,If(ts_12_CI>=0.5,1,0)))"
"ts_12_hs = Min(ts_12_cs,ts_12_ls)"
"ts_12_HMR = Switch(ts_12_hs,0,1,1,0.15,2,0.1,3,0.05)"
ts_12_pestsEntering = 0
ts_12_pests = ts_12_pestsPast*(1-ts_12_HMR)+ts_12_pestsEntering
ts_12_establishPast = 0
"ts_12_ER = Switch(ts_12_hs,0,0,1,0.001,2,0.005,3,0.01)"
"ts_12_EMR = Switch(ts_12_hs,0,1,1,0.5,2,0.1,3,0)"
ts_12_detectionRate = 0
ts_12_treatmentRateForUndetected = 0
ts_12_treatmentEfficacy = 0
ts_12_eradEfficiacy = (ts_12_detectionRate+(1-ts_12_detectionRate)*ts_12_treatmentRateForUndetected)*ts_12_treatmentEfficacy
ts_12_establish = ts_12_establishPast*(1-ts_12_eradEfficiacy)*(1-ts_12_EMR)+(1-ts_12_establishPast)*(1-(1-ts_12_ER)^ts_12_pests)
"ts_12_SR = Switch(ts_12_hs,0,0,1,0.25,2,0.5,3,0.9)"
ts_12_spread = ts_12_establish*ts_12_SR
"ts_12_econEstab = Switch(ts_12_LU,0,0,1,0,2,0,3,0,4,0,5,0,6,0,7,0,8,0,9,0,10,0,11,0,12,0)"
"ts_12_econSpread = Switch(ts_12_LU,0,0,1,0,2,0,3,0,4,0,5,0,6,0,7,0,8,0,9,0,10,0,11,0,12,0)"
ts_12_econConseq = ts_12_econEstab*ts_12_establish+ts_12_econSpread*ts_12_spread
"ts_12_environEstab = Switch(ts_12_LU,0,0,1,0,2,0,3,0,4,0,5,0,6,0,7,0,8,0,9,0,10,0,11,0,12,0)"
"ts_12_environSpread = Switch(ts_12_LU,0,0,1,0,2,0,3,0,4,0,5,0,6,0,7,0,8,0,9,0,10,0,11,0,12,0)"
ts_12_environConseq = ts_12_environEstab*ts_12_establish+ts_12_environSpread*ts_12_spread
"ts_12_healthEstab = Switch(ts_12_LU,0,0,1,0,2,0,3,0,4,0,5,0,6,0,7,0,8,0,9,0,10,0,11,0,12,0)"
"ts_12_healthSpread = Switch(ts_12_LU,0,0,1,0,2,0,3,0,4,0,5,0,6,0,7,0,8,0,9,0,10,0,11,0,12,0)"
ts_12_healthConseq = ts_12_healthEstab*ts_12_establish+ts_12_healthSpread*ts_12_spread
"ts_12_socialEstab = Switch(ts_12_LU,0,0,1,0,2,0,3,0,4,0,5,0,6,0,7,0,8,0,9,0,10,0,11,0,12,0)"
"ts_12_socialSpread = Switch(ts_12_LU,0,0,1,0,2,0,3,0,4,0,5,0,6,0,7,0,8,0,9,0,10,0,11,0,12,0)"
ts_12_socialConseq = ts_12_socialEstab*ts_12_establish+ts_12_socialSpread*ts_12_spread
ts_11_pestsPast = 0
ts_11_LU = 0
"ts_11_ls = Switch(ts_11_LU,0,1,1,2,2,2,3,2,4,2,5,0,6,2,7,0,8,2,9,3,10,2,11,0,12,2)"
ts_11_GS = 0
"ts_11_EI = Uniform(0,100)"
"ts_11_GI = Uniform(0,100)"
"ts_11_CI = If(ts_11_GS=1,ts_11_GI,ts_11_EI)"
"ts_11_cs = If(ts_11_CI>=20,3,If(ts_11_CI>=5,2,If(ts_11_CI>=0.5,1,0)))"
"ts_11_hs = Min(ts_11_cs,ts_11_ls)"
"ts_11_HMR = Switch(ts_11_hs,0,1,1,0.15,2,0.1,3,0.05)"
ts_11_pestsEntering = 0
ts_11_pests = ts_11_pestsPast*(1-ts_11_HMR)+ts_11_pestsEntering
ts_11_establishPast = 0
"ts_11_ER = Switch(ts_11_hs,0,0,1,0.001,2,0.005,3,0.01)"
"ts_11_EMR = Switch(ts_11_hs,0,1,1,0.5,2,0.1,3,0)"
ts_11_detectionRate = 0
ts_11_treatmentRateForUndetected = 0
ts_11_treatmentEfficacy = 0
ts_11_eradEfficiacy = (ts_11_detectionRate+(1-ts_11_detectionRate)*ts_11_treatmentRateForUndetected)*ts_11_treatmentEfficacy
ts_11_establish = ts_11_establishPast*(1-ts_11_eradEfficiacy)*(1-ts_11_EMR)+(1-ts_11_establishPast)*(1-(1-ts_11_ER)^ts_11_pests)
"ts_11_SR = Switch(ts_11_hs,0,0,1,0.25,2,0.5,3,0.9)"
ts_11_spread = ts_11_establish*ts_11_SR
"ts_11_econEstab = Switch(ts_11_LU,0,0,1,0,2,0,3,0,4,0,5,0,6,0,7,0,8,0,9,0,10,0,11,0,12,0)"
"ts_11_econSpread = Switch(ts_11_LU,0,0,1,0,2,0,3,0,4,0,5,0,6,0,7,0,8,0,9,0,10,0,11,0,12,0)"
ts_11_econConseq = ts_11_econEstab*ts_11_establish+ts_11_econSpread*ts_11_spread
"ts_11_environEstab = Switch(ts_11_LU,0,0,1,0,2,0,3,0,4,0,5,0,6,0,7,0,8,0,9,0,10,0,11,0,12,0)"
"ts_11_environSpread = Switch(ts_11_LU,0,0,1,0,2,0,3,0,4,0,5,0,6,0,7,0,8,0,9,0,10,0,11,0,12,0)"
ts_11_environConseq = ts_11_environEstab*ts_11_establish+ts_11_environSpread*ts_11_spread
"ts_11_healthEstab = Switch(ts_11_LU,0,0,1,0,2,0,3,0,4,0,5,0,6,0,7,0,8,0,9,0,10,0,11,0,12,0)"
"ts_11_healthSpread = Switch(ts_11_LU,0,0,1,0,2,0,3,0,4,0,5,0,6,0,7,0,8,0,9,0,10,0,11,0,12,0)"
ts_11_healthConseq = ts_11_healthEstab*ts_11_establish+ts_11_healthSpread*ts_11_spread
"ts_11_socialEstab = Switch(ts_11_LU,0,0,1,0,2,0,3,0,4,0,5,0,6,0,7,0,8,0,9,0,10,0,11,0,12,0)"
"ts_11_socialSpread = Switch(ts_11_LU,0,0,1,0,2,0,3,0,4,0,5,0,6,0,7,0,8,0,9,0,10,0,11,0,12,0)"
ts_11_socialConseq = ts_11_socialEstab*ts_11_establish+ts_11_socialSpread*ts_11_spread
ts_10_pestsPast = 0
ts_10_LU = 0
"ts_10_ls = Switch(ts_10_LU,0,1,1,2,2,2,3,2,4,2,5,0,6,2,7,0,8,2,9,3,10,2,11,0,12,2)"
ts_10_GS = 0
"ts_10_EI = Uniform(0,100)"
"ts_10_GI = Uniform(0,100)"
"ts_10_CI = If(ts_10_GS=1,ts_10_GI,ts_10_EI)"
"ts_10_cs = If(ts_10_CI>=20,3,If(ts_10_CI>=5,2,If(ts_10_CI>=0.5,1,0)))"
"ts_10_hs = Min(ts_10_cs,ts_10_ls)"
"ts_10_HMR = Switch(ts_10_hs,0,1,1,0.15,2,0.1,3,0.05)"
ts_10_pestsEntering = 0
ts_10_pests = ts_10_pestsPast*(1-ts_10_HMR)+ts_10_pestsEntering
ts_10_establishPast = 0
"ts_10_ER = Switch(ts_10_hs,0,0,1,0.001,2,0.005,3,0.01)"
"ts_10_EMR = Switch(ts_10_hs,0,1,1,0.5,2,0.1,3,0)"
ts_10_detectionRate = 0
ts_10_treatmentRateForUndetected = 0
ts_10_treatmentEfficacy = 0
ts_10_eradEfficiacy = (ts_10_detectionRate+(1-ts_10_detectionRate)*ts_10_treatmentRateForUndetected)*ts_10_treatmentEfficacy
ts_10_establish = ts_10_establishPast*(1-ts_10_eradEfficiacy)*(1-ts_10_EMR)+(1-ts_10_establishPast)*(1-(1-ts_10_ER)^ts_10_pests)
"ts_10_SR = Switch(ts_10_hs,0,0,1,0.25,2,0.5,3,0.9)"
ts_10_spread = ts_10_establish*ts_10_SR
"ts_10_econEstab = Switch(ts_10_LU,0,0,1,0,2,0,3,0,4,0,5,0,6,0,7,0,8,0,9,0,10,0,11,0,12,0)"
"ts_10_econSpread = Switch(ts_10_LU,0,0,1,0,2,0,3,0,4,0,5,0,6,0,7,0,8,0,9,0,10,0,11,0,12,0)"
ts_10_econConseq = ts_10_econEstab*ts_10_establish+ts_10_econSpread*ts_10_spread
"ts_10_environEstab = Switch(ts_10_LU,0,0,1,0,2,0,3,0,4,0,5,0,6,0,7,0,8,0,9,0,10,0,11,0,12,0)"
"ts_10_environSpread = Switch(ts_10_LU,0,0,1,0,2,0,3,0,4,0,5,0,6,0,7,0,8,0,9,0,10,0,11,0,12,0)"
ts_10_environConseq = ts_10_environEstab*ts_10_establish+ts_10_environSpread*ts_10_spread
"ts_10_healthEstab = Switch(ts_10_LU,0,0,1,0,2,0,3,0,4,0,5,0,6,0,7,0,8,0,9,0,10,0,11,0,12,0)"
"ts_10_healthSpread = Switch(ts_10_LU,0,0,1,0,2,0,3,0,4,0,5,0,6,0,7,0,8,0,9,0,10,0,11,0,12,0)"
ts_10_healthConseq = ts_10_healthEstab*ts_10_establish+ts_10_healthSpread*ts_10_spread
"ts_10_socialEstab = Switch(ts_10_LU,0,0,1,0,2,0,3,0,4,0,5,0,6,0,7,0,8,0,9,0,10,0,11,0,12,0)"
"ts_10_socialSpread = Switch(ts_10_LU,0,0,1,0,2,0,3,0,4,0,5,0,6,0,7,0,8,0,9,0,10,0,11,0,12,0)"
ts_10_socialConseq = ts_10_socialEstab*ts_10_establish+ts_10_socialSpread*ts_10_spread
ts_9_pestsPast = 0
ts_9_LU = 0
"ts_9_ls = Switch(ts_9_LU,0,1,1,2,2,2,3,2,4,2,5,0,6,2,7,0,8,2,9,3,10,2,11,0,12,2)"
ts_9_GS = 0
"ts_9_EI = Uniform(0,100)"
"ts_9_GI = Uniform(0,100)"
"ts_9_CI = If(ts_9_GS=1,ts_9_GI,ts_9_EI)"
"ts_9_cs = If(ts_9_CI>=20,3,If(ts_9_CI>=5,2,If(ts_9_CI>=0.5,1,0)))"
"ts_9_hs = Min(ts_9_cs,ts_9_ls)"
"ts_9_HMR = Switch(ts_9_hs,0,1,1,0.15,2,0.1,3,0.05)"
ts_9_pestsEntering = 0
ts_9_pests = ts_9_pestsPast*(1-ts_9_HMR)+ts_9_pestsEntering
ts_9_establishPast = 0
"ts_9_ER = Switch(ts_9_hs,0,0,1,0.001,2,0.005,3,0.01)"
"ts_9_EMR = Switch(ts_9_hs,0,1,1,0.5,2,0.1,3,0)"
ts_9_detectionRate = 0
ts_9_treatmentRateForUndetected = 0
ts_9_treatmentEfficacy = 0
ts_9_eradEfficiacy = (ts_9_detectionRate+(1-ts_9_detectionRate)*ts_9_treatmentRateForUndetected)*ts_9_treatmentEfficacy
ts_9_establish = ts_9_establishPast*(1-ts_9_eradEfficiacy)*(1-ts_9_EMR)+(1-ts_9_establishPast)*(1-(1-ts_9_ER)^ts_9_pests)
"ts_9_SR = Switch(ts_9_hs,0,0,1,0.25,2,0.5,3,0.9)"
ts_9_spread = ts_9_establish*ts_9_SR
"ts_9_econEstab = Switch(ts_9_LU,0,0,1,0,2,0,3,0,4,0,5,0,6,0,7,0,8,0,9,0,10,0,11,0,12,0)"
"ts_9_econSpread = Switch(ts_9_LU,0,0,1,0,2,0,3,0,4,0,5,0,6,0,7,0,8,0,9,0,10,0,11,0,12,0)"
ts_9_econConseq = ts_9_econEstab*ts_9_establish+ts_9_econSpread*ts_9_spread
"ts_9_environEstab = Switch(ts_9_LU,0,0,1,0,2,0,3,0,4,0,5,0,6,0,7,0,8,0,9,0,10,0,11,0,12,0)"
"ts_9_environSpread = Switch(ts_9_LU,0,0,1,0,2,0,3,0,4,0,5,0,6,0,7,0,8,0,9,0,10,0,11,0,12,0)"
ts_9_environConseq = ts_9_environEstab*ts_9_establish+ts_9_environSpread*ts_9_spread
"ts_9_healthEstab = Switch(ts_9_LU,0,0,1,0,2,0,3,0,4,0,5,0,6,0,7,0,8,0,9,0,10,0,11,0,12,0)"
"ts_9_healthSpread = Switch(ts_9_LU,0,0,1,0,2,0,3,0,4,0,5,0,6,0,7,0,8,0,9,0,10,0,11,0,12,0)"
ts_9_healthConseq = ts_9_healthEstab*ts_9_establish+ts_9_healthSpread*ts_9_spread
"ts_9_socialEstab = Switch(ts_9_LU,0,0,1,0,2,0,3,0,4,0,5,0,6,0,7,0,8,0,9,0,10,0,11,0,12,0)"
"ts_9_socialSpread = Switch(ts_9_LU,0,0,1,0,2,0,3,0,4,0,5,0,6,0,7,0,8,0,9,0,10,0,11,0,12,0)"
ts_9_socialConseq = ts_9_socialEstab*ts_9_establish+ts_9_socialSpread*ts_9_spread
ts_8_pestsPast = 0
ts_8_LU = 0
"ts_8_ls = Switch(ts_8_LU,0,1,1,2,2,2,3,2,4,2,5,0,6,2,7,0,8,2,9,3,10,2,11,0,12,2)"
ts_8_GS = 0
"ts_8_EI = Uniform(0,100)"
"ts_8_GI = Uniform(0,100)"
"ts_8_CI = If(ts_8_GS=1,ts_8_GI,ts_8_EI)"
"ts_8_cs = If(ts_8_CI>=20,3,If(ts_8_CI>=5,2,If(ts_8_CI>=0.5,1,0)))"
"ts_8_hs = Min(ts_8_cs,ts_8_ls)"
"ts_8_HMR = Switch(ts_8_hs,0,1,1,0.15,2,0.1,3,0.05)"
ts_8_pestsEntering = 0
ts_8_pests = ts_8_pestsPast*(1-ts_8_HMR)+ts_8_pestsEntering
ts_8_establishPast = 0
"ts_8_ER = Switch(ts_8_hs,0,0,1,0.001,2,0.005,3,0.01)"
"ts_8_EMR = Switch(ts_8_hs,0,1,1,0.5,2,0.1,3,0)"
ts_8_detectionRate = 0
ts_8_treatmentRateForUndetected = 0
ts_8_treatmentEfficacy = 0
ts_8_eradEfficiacy = (ts_8_detectionRate+(1-ts_8_detectionRate)*ts_8_treatmentRateForUndetected)*ts_8_treatmentEfficacy
ts_8_establish = ts_8_establishPast*(1-ts_8_eradEfficiacy)*(1-ts_8_EMR)+(1-ts_8_establishPast)*(1-(1-ts_8_ER)^ts_8_pests)
"ts_8_SR = Switch(ts_8_hs,0,0,1,0.25,2,0.5,3,0.9)"
ts_8_spread = ts_8_establish*ts_8_SR
"ts_8_econEstab = Switch(ts_8_LU,0,0,1,0,2,0,3,0,4,0,5,0,6,0,7,0,8,0,9,0,10,0,11,0,12,0)"
"ts_8_econSpread = Switch(ts_8_LU,0,0,1,0,2,0,3,0,4,0,5,0,6,0,7,0,8,0,9,0,10,0,11,0,12,0)"
ts_8_econConseq = ts_8_econEstab*ts_8_establish+ts_8_econSpread*ts_8_spread
"ts_8_environEstab = Switch(ts_8_LU,0,0,1,0,2,0,3,0,4,0,5,0,6,0,7,0,8,0,9,0,10,0,11,0,12,0)"
"ts_8_environSpread = Switch(ts_8_LU,0,0,1,0,2,0,3,0,4,0,5,0,6,0,7,0,8,0,9,0,10,0,11,0,12,0)"
ts_8_environConseq = ts_8_environEstab*ts_8_establish+ts_8_environSpread*ts_8_spread
"ts_8_healthEstab = Switch(ts_8_LU,0,0,1,0,2,0,3,0,4,0,5,0,6,0,7,0,8,0,9,0,10,0,11,0,12,0)"
"ts_8_healthSpread = Switch(ts_8_LU,0,0,1,0,2,0,3,0,4,0,5,0,6,0,7,0,8,0,9,0,10,0,11,0,12,0)"
ts_8_healthConseq = ts_8_healthEstab*ts_8_establish+ts_8_healthSpread*ts_8_spread
"ts_8_socialEstab = Switch(ts_8_LU,0,0,1,0,2,0,3,0,4,0,5,0,6,0,7,0,8,0,9,0,10,0,11,0,12,0)"
"ts_8_socialSpread = Switch(ts_8_LU,0,0,1,0,2,0,3,0,4,0,5,0,6,0,7,0,8,0,9,0,10,0,11,0,12,0)"
ts_8_socialConseq = ts_8_socialEstab*ts_8_establish+ts_8_socialSpread*ts_8_spread
ts_7_pestsPast = 0
ts_7_LU = 0
"ts_7_ls = Switch(ts_7_LU,0,1,1,2,2,2,3,2,4,2,5,0,6,2,7,0,8,2,9,3,10,2,11,0,12,2)"
ts_7_GS = 0
"ts_7_EI = Uniform(0,100)"
"ts_7_GI = Uniform(0,100)"
"ts_7_CI = If(ts_7_GS=1,ts_7_GI,ts_7_EI)"
"ts_7_cs = If(ts_7_CI>=20,3,If(ts_7_CI>=5,2,If(ts_7_CI>=0.5,1,0)))"
"ts_7_hs = Min(ts_7_cs,ts_7_ls)"
"ts_7_HMR = Switch(ts_7_hs,0,1,1,0.15,2,0.1,3,0.05)"
ts_7_pestsEntering = 0
ts_7_pests = ts_7_pestsPast*(1-ts_7_HMR)+ts_7_pestsEntering
ts_7_establishPast = 0
"ts_7_ER = Switch(ts_7_hs,0,0,1,0.001,2,0.005,3,0.01)"
"ts_7_EMR = Switch(ts_7_hs,0,1,1,0.5,2,0.1,3,0)"
ts_7_detectionRate = 0
ts_7_treatmentRateForUndetected = 0
ts_7_treatmentEfficacy = 0
ts_7_eradEfficiacy = (ts_7_detectionRate+(1-ts_7_detectionRate)*ts_7_treatmentRateForUndetected)*ts_7_treatmentEfficacy
ts_7_establish = ts_7_establishPast*(1-ts_7_eradEfficiacy)*(1-ts_7_EMR)+(1-ts_7_establishPast)*(1-(1-ts_7_ER)^ts_7_pests)
"ts_7_SR = Switch(ts_7_hs,0,0,1,0.25,2,0.5,3,0.9)"
ts_7_spread = ts_7_establish*ts_7_SR
"ts_7_econEstab = Switch(ts_7_LU,0,0,1,0,2,0,3,0,4,0,5,0,6,0,7,0,8,0,9,0,10,0,11,0,12,0)"
"ts_7_econSpread = Switch(ts_7_LU,0,0,1,0,2,0,3,0,4,0,5,0,6,0,7,0,8,0,9,0,10,0,11,0,12,0)"
ts_7_econConseq = ts_7_econEstab*ts_7_establish+ts_7_econSpread*ts_7_spread
"ts_7_environEstab = Switch(ts_7_LU,0,0,1,0,2,0,3,0,4,0,5,0,6,0,7,0,8,0,9,0,10,0,11,0,12,0)"
"ts_7_environSpread = Switch(ts_7_LU,0,0,1,0,2,0,3,0,4,0,5,0,6,0,7,0,8,0,9,0,10,0,11,0,12,0)"
ts_7_environConseq = ts_7_environEstab*ts_7_establish+ts_7_environSpread*ts_7_spread
"ts_7_healthEstab = Switch(ts_7_LU,0,0,1,0,2,0,3,0,4,0,5,0,6,0,7,0,8,0,9,0,10,0,11,0,12,0)"
"ts_7_healthSpread = Switch(ts_7_LU,0,0,1,0,2,0,3,0,4,0,5,0,6,0,7,0,8,0,9,0,10,0,11,0,12,0)"
ts_7_healthConseq = ts_7_healthEstab*ts_7_establish+ts_7_healthSpread*ts_7_spread
"ts_7_socialEstab = Switch(ts_7_LU,0,0,1,0,2,0,3,0,4,0,5,0,6,0,7,0,8,0,9,0,10,0,11,0,12,0)"
"ts_7_socialSpread = Switch(ts_7_LU,0,0,1,0,2,0,3,0,4,0,5,0,6,0,7,0,8,0,9,0,10,0,11,0,12,0)"
ts_7_socialConseq = ts_7_socialEstab*ts_7_establish+ts_7_socialSpread*ts_7_spread
ts_6_pestsPast = 0
ts_6_LU = 0
"ts_6_ls = Switch(ts_6_LU,0,1,1,2,2,2,3,2,4,2,5,0,6,2,7,0,8,2,9,3,10,2,11,0,12,2)"
ts_6_GS = 0
"ts_6_EI = Uniform(0,100)"
"ts_6_GI = Uniform(0,100)"
"ts_6_CI = If(ts_6_GS=1,ts_6_GI,ts_6_EI)"
"ts_6_cs = If(ts_6_CI>=20,3,If(ts_6_CI>=5,2,If(ts_6_CI>=0.5,1,0)))"
"ts_6_hs = Min(ts_6_cs,ts_6_ls)"
"ts_6_HMR = Switch(ts_6_hs,0,1,1,0.15,2,0.1,3,0.05)"
ts_6_pestsEntering = 0
ts_6_pests = ts_6_pestsPast*(1-ts_6_HMR)+ts_6_pestsEntering
ts_6_establishPast = 0
"ts_6_ER = Switch(ts_6_hs,0,0,1,0.001,2,0.005,3,0.01)"
"ts_6_EMR = Switch(ts_6_hs,0,1,1,0.5,2,0.1,3,0)"
ts_6_detectionRate = 0
ts_6_treatmentRateForUndetected = 0
ts_6_treatmentEfficacy = 0
ts_6_eradEfficiacy = (ts_6_detectionRate+(1-ts_6_detectionRate)*ts_6_treatmentRateForUndetected)*ts_6_treatmentEfficacy
ts_6_establish = ts_6_establishPast*(1-ts_6_eradEfficiacy)*(1-ts_6_EMR)+(1-ts_6_establishPast)*(1-(1-ts_6_ER)^ts_6_pests)
"ts_6_SR = Switch(ts_6_hs,0,0,1,0.25,2,0.5,3,0.9)"
ts_6_spread = ts_6_establish*ts_6_SR
"ts_6_econEstab = Switch(ts_6_LU,0,0,1,0,2,0,3,0,4,0,5,0,6,0,7,0,8,0,9,0,10,0,11,0,12,0)"
"ts_6_econSpread = Switch(ts_6_LU,0,0,1,0,2,0,3,0,4,0,5,0,6,0,7,0,8,0,9,0,10,0,11,0,12,0)"
ts_6_econConseq = ts_6_econEstab*ts_6_establish+ts_6_econSpread*ts_6_spread
"ts_6_environEstab = Switch(ts_6_LU,0,0,1,0,2,0,3,0,4,0,5,0,6,0,7,0,8,0,9,0,10,0,11,0,12,0)"
"ts_6_environSpread = Switch(ts_6_LU,0,0,1,0,2,0,3,0,4,0,5,0,6,0,7,0,8,0,9,0,10,0,11,0,12,0)"
ts_6_environConseq = ts_6_environEstab*ts_6_establish+ts_6_environSpread*ts_6_spread
"ts_6_healthEstab = Switch(ts_6_LU,0,0,1,0,2,0,3,0,4,0,5,0,6,0,7,0,8,0,9,0,10,0,11,0,12,0)"
"ts_6_healthSpread = Switch(ts_6_LU,0,0,1,0,2,0,3,0,4,0,5,0,6,0,7,0,8,0,9,0,10,0,11,0,12,0)"
ts_6_healthConseq = ts_6_healthEstab*ts_6_establish+ts_6_healthSpread*ts_6_spread
"ts_6_socialEstab = Switch(ts_6_LU,0,0,1,0,2,0,3,0,4,0,5,0,6,0,7,0,8,0,9,0,10,0,11,0,12,0)"
"ts_6_socialSpread = Switch(ts_6_LU,0,0,1,0,2,0,3,0,4,0,5,0,6,0,7,0,8,0,9,0,10,0,11,0,12,0)"
ts_6_socialConseq = ts_6_socialEstab*ts_6_establish+ts_6_socialSpread*ts_6_spread
ts_5_pestsPast = 0
ts_5_LU = 0
"ts_5_ls = Switch(ts_5_LU,0,1,1,2,2,2,3,2,4,2,5,0,6,2,7,0,8,2,9,3,10,2,11,0,12,2)"
ts_5_GS = 0
"ts_5_EI = Uniform(0,100)"
"ts_5_GI = Uniform(0,100)"
"ts_5_CI = If(ts_5_GS=1,ts_5_GI,ts_5_EI)"
"ts_5_cs = If(ts_5_CI>=20,3,If(ts_5_CI>=5,2,If(ts_5_CI>=0.5,1,0)))"
"ts_5_hs = Min(ts_5_cs,ts_5_ls)"
"ts_5_HMR = Switch(ts_5_hs,0,1,1,0.15,2,0.1,3,0.05)"
ts_5_pestsEntering = 0
ts_5_pests = ts_5_pestsPast*(1-ts_5_HMR)+ts_5_pestsEntering
ts_5_establishPast = 0
"ts_5_ER = Switch(ts_5_hs,0,0,1,0.001,2,0.005,3,0.01)"
"ts_5_EMR = Switch(ts_5_hs,0,1,1,0.5,2,0.1,3,0)"
ts_5_detectionRate = 0
ts_5_treatmentRateForUndetected = 0
ts_5_treatmentEfficacy = 0
ts_5_eradEfficiacy = (ts_5_detectionRate+(1-ts_5_detectionRate)*ts_5_treatmentRateForUndetected)*ts_5_treatmentEfficacy
ts_5_establish = ts_5_establishPast*(1-ts_5_eradEfficiacy)*(1-ts_5_EMR)+(1-ts_5_establishPast)*(1-(1-ts_5_ER)^ts_5_pests)
"ts_5_SR = Switch(ts_5_hs,0,0,1,0.25,2,0.5,3,0.9)"
ts_5_spread = ts_5_establish*ts_5_SR
"ts_5_econEstab = Switch(ts_5_LU,0,0,1,0,2,0,3,0,4,0,5,0,6,0,7,0,8,0,9,0,10,0,11,0,12,0)"
"ts_5_econSpread = Switch(ts_5_LU,0,0,1,0,2,0,3,0,4,0,5,0,6,0,7,0,8,0,9,0,10,0,11,0,12,0)"
ts_5_econConseq = ts_5_econEstab*ts_5_establish+ts_5_econSpread*ts_5_spread
"ts_5_environEstab = Switch(ts_5_LU,0,0,1,0,2,0,3,0,4,0,5,0,6,0,7,0,8,0,9,0,10,0,11,0,12,0)"
"ts_5_environSpread = Switch(ts_5_LU,0,0,1,0,2,0,3,0,4,0,5,0,6,0,7,0,8,0,9,0,10,0,11,0,12,0)"
ts_5_environConseq = ts_5_environEstab*ts_5_establish+ts_5_environSpread*ts_5_spread
"ts_5_healthEstab = Switch(ts_5_LU,0,0,1,0,2,0,3,0,4,0,5,0,6,0,7,0,8,0,9,0,10,0,11,0,12,0)"
"ts_5_healthSpread = Switch(ts_5_LU,0,0,1,0,2,0,3,0,4,0,5,0,6,0,7,0,8,0,9,0,10,0,11,0,12,0)"
ts_5_healthConseq = ts_5_healthEstab*ts_5_establish+ts_5_healthSpread*ts_5_spread
"ts_5_socialEstab = Switch(ts_5_LU,0,0,1,0,2,0,3,0,4,0,5,0,6,0,7,0,8,0,9,0,10,0,11,0,12,0)"
"ts_5_socialSpread = Switch(ts_5_LU,0,0,1,0,2,0,3,0,4,0,5,0,6,0,7,0,8,0,9,0,10,0,11,0,12,0)"
ts_5_socialConseq = ts_5_socialEstab*ts_5_establish+ts_5_socialSpread*ts_5_spread
ts_4_pestsPast = 0
ts_4_LU = 0
"ts_4_ls = Switch(ts_4_LU,0,1,1,2,2,2,3,2,4,2,5,0,6,2,7,0,8,2,9,3,10,2,11,0,12,2)"
ts_4_GS = 0
"ts_4_EI = Uniform(0,100)"
"ts_4_GI = Uniform(0,100)"
"ts_4_CI = If(ts_4_GS=1,ts_4_GI,ts_4_EI)"
"ts_4_cs = If(ts_4_CI>=20,3,If(ts_4_CI>=5,2,If(ts_4_CI>=0.5,1,0)))"
"ts_4_hs = Min(ts_4_cs,ts_4_ls)"
"ts_4_HMR = Switch(ts_4_hs,0,1,1,0.15,2,0.1,3,0.05)"
ts_4_pestsEntering = 0
ts_4_pests = ts_4_pestsPast*(1-ts_4_HMR)+ts_4_pestsEntering
ts_4_establishPast = 0
"ts_4_ER = Switch(ts_4_hs,0,0,1,0.001,2,0.005,3,0.01)"
"ts_4_EMR = Switch(ts_4_hs,0,1,1,0.5,2,0.1,3,0)"
ts_4_detectionRate = 0
ts_4_treatmentRateForUndetected = 0
ts_4_treatmentEfficacy = 0
ts_4_eradEfficiacy = (ts_4_detectionRate+(1-ts_4_detectionRate)*ts_4_treatmentRateForUndetected)*ts_4_treatmentEfficacy
ts_4_establish = ts_4_establishPast*(1-ts_4_eradEfficiacy)*(1-ts_4_EMR)+(1-ts_4_establishPast)*(1-(1-ts_4_ER)^ts_4_pests)
"ts_4_SR = Switch(ts_4_hs,0,0,1,0.25,2,0.5,3,0.9)"
ts_4_spread = ts_4_establish*ts_4_SR
"ts_4_econEstab = Switch(ts_4_LU,0,0,1,0,2,0,3,0,4,0,5,0,6,0,7,0,8,0,9,0,10,0,11,0,12,0)"
"ts_4_econSpread = Switch(ts_4_LU,0,0,1,0,2,0,3,0,4,0,5,0,6,0,7,0,8,0,9,0,10,0,11,0,12,0)"
ts_4_econConseq = ts_4_econEstab*ts_4_establish+ts_4_econSpread*ts_4_spread
"ts_4_environEstab = Switch(ts_4_LU,0,0,1,0,2,0,3,0,4,0,5,0,6,0,7,0,8,0,9,0,10,0,11,0,12,0)"
"ts_4_environSpread = Switch(ts_4_LU,0,0,1,0,2,0,3,0,4,0,5,0,6,0,7,0,8,0,9,0,10,0,11,0,12,0)"
ts_4_environConseq = ts_4_environEstab*ts_4_establish+ts_4_environSpread*ts_4_spread
"ts_4_healthEstab = Switch(ts_4_LU,0,0,1,0,2,0,3,0,4,0,5,0,6,0,7,0,8,0,9,0,10,0,11,0,12,0)"
"ts_4_healthSpread = Switch(ts_4_LU,0,0,1,0,2,0,3,0,4,0,5,0,6,0,7,0,8,0,9,0,10,0,11,0,12,0)"
ts_4_healthConseq = ts_4_healthEstab*ts_4_establish+ts_4_healthSpread*ts_4_spread
"ts_4_socialEstab = Switch(ts_4_LU,0,0,1,0,2,0,3,0,4,0,5,0,6,0,7,0,8,0,9,0,10,0,11,0,12,0)"
"ts_4_socialSpread = Switch(ts_4_LU,0,0,1,0,2,0,3,0,4,0,5,0,6,0,7,0,8,0,9,0,10,0,11,0,12,0)"
ts_4_socialConseq = ts_4_socialEstab*ts_4_establish+ts_4_socialSpread*ts_4_spread
ts_3_pestsPast = 0
ts_3_LU = 0
"ts_3_ls = Switch(ts_3_LU,0,1,1,2,2,2,3,2,4,2,5,0,6,2,7,0,8,2,9,3,10,2,11,0,12,2)"
ts_3_GS = 0
"ts_3_EI = Uniform(0,100)"
"ts_3_GI = Uniform(0,100)"
"ts_3_CI = If(ts_3_GS=1,ts_3_GI,ts_3_EI)"
"ts_3_cs = If(ts_3_CI>=20,3,If(ts_3_CI>=5,2,If(ts_3_CI>=0.5,1,0)))"
"ts_3_hs = Min(ts_3_cs,ts_3_ls)"
"ts_3_HMR = Switch(ts_3_hs,0,1,1,0.15,2,0.1,3,0.05)"
ts_3_pestsEntering = 0
ts_3_pests = ts_3_pestsPast*(1-ts_3_HMR)+ts_3_pestsEntering
ts_3_establishPast = 0
"ts_3_ER = Switch(ts_3_hs,0,0,1,0.001,2,0.005,3,0.01)"
"ts_3_EMR = Switch(ts_3_hs,0,1,1,0.5,2,0.1,3,0)"
ts_3_detectionRate = 0
ts_3_treatmentRateForUndetected = 0
ts_3_treatmentEfficacy = 0
ts_3_eradEfficiacy = (ts_3_detectionRate+(1-ts_3_detectionRate)*ts_3_treatmentRateForUndetected)*ts_3_treatmentEfficacy
ts_3_establish = ts_3_establishPast*(1-ts_3_eradEfficiacy)*(1-ts_3_EMR)+(1-ts_3_establishPast)*(1-(1-ts_3_ER)^ts_3_pests)
"ts_3_SR = Switch(ts_3_hs,0,0,1,0.25,2,0.5,3,0.9)"
ts_3_spread = ts_3_establish*ts_3_SR
"ts_3_econEstab = Switch(ts_3_LU,0,0,1,0,2,0,3,0,4,0,5,0,6,0,7,0,8,0,9,0,10,0,11,0,12,0)"
"ts_3_econSpread = Switch(ts_3_LU,0,0,1,0,2,0,3,0,4,0,5,0,6,0,7,0,8,0,9,0,10,0,11,0,12,0)"
ts_3_econConseq = ts_3_econEstab*ts_3_establish+ts_3_econSpread*ts_3_spread
"ts_3_environEstab = Switch(ts_3_LU,0,0,1,0,2,0,3,0,4,0,5,0,6,0,7,0,8,0,9,0,10,0,11,0,12,0)"
"ts_3_environSpread = Switch(ts_3_LU,0,0,1,0,2,0,3,0,4,0,5,0,6,0,7,0,8,0,9,0,10,0,11,0,12,0)"
ts_3_environConseq = ts_3_environEstab*ts_3_establish+ts_3_environSpread*ts_3_spread
"ts_3_healthEstab = Switch(ts_3_LU,0,0,1,0,2,0,3,0,4,0,5,0,6,0,7,0,8,0,9,0,10,0,11,0,12,0)"
"ts_3_healthSpread = Switch(ts_3_LU,0,0,1,0,2,0,3,0,4,0,5,0,6,0,7,0,8,0,9,0,10,0,11,0,12,0)"
ts_3_healthConseq = ts_3_healthEstab*ts_3_establish+ts_3_healthSpread*ts_3_spread
"ts_3_socialEstab = Switch(ts_3_LU,0,0,1,0,2,0,3,0,4,0,5,0,6,0,7,0,8,0,9,0,10,0,11,0,12,0)"
"ts_3_socialSpread = Switch(ts_3_LU,0,0,1,0,2,0,3,0,4,0,5,0,6,0,7,0,8,0,9,0,10,0,11,0,12,0)"
ts_3_socialConseq = ts_3_socialEstab*ts_3_establish+ts_3_socialSpread*ts_3_spread
ts_2_pestsPast = 0
ts_2_LU = 0
"ts_2_ls = Switch(ts_2_LU,0,1,1,2,2,2,3,2,4,2,5,0,6,2,7,0,8,2,9,3,10,2,11,0,12,2)"
ts_2_GS = 0
"ts_2_EI = Uniform(0,100)"
"ts_2_GI = Uniform(0,100)"
"ts_2_CI = If(ts_2_GS=1,ts_2_GI,ts_2_EI)"
"ts_2_cs = If(ts_2_CI>=20,3,If(ts_2_CI>=5,2,If(ts_2_CI>=0.5,1,0)))"
"ts_2_hs = Min(ts_2_cs,ts_2_ls)"
"ts_2_HMR = Switch(ts_2_hs,0,1,1,0.15,2,0.1,3,0.05)"
ts_2_pestsEntering = 0
ts_2_pests = ts_2_pestsPast*(1-ts_2_HMR)+ts_2_pestsEntering
ts_2_establishPast = 0
"ts_2_ER = Switch(ts_2_hs,0,0,1,0.001,2,0.005,3,0.01)"
"ts_2_EMR = Switch(ts_2_hs,0,1,1,0.5,2,0.1,3,0)"
ts_2_detectionRate = 0
ts_2_treatmentRateForUndetected = 0
ts_2_treatmentEfficacy = 0
ts_2_eradEfficiacy = (ts_2_detectionRate+(1-ts_2_detectionRate)*ts_2_treatmentRateForUndetected)*ts_2_treatmentEfficacy
ts_2_establish = ts_2_establishPast*(1-ts_2_eradEfficiacy)*(1-ts_2_EMR)+(1-ts_2_establishPast)*(1-(1-ts_2_ER)^ts_2_pests)
"ts_2_SR = Switch(ts_2_hs,0,0,1,0.25,2,0.5,3,0.9)"
ts_2_spread = ts_2_establish*ts_2_SR
"ts_2_econEstab = Switch(ts_2_LU,0,0,1,0,2,0,3,0,4,0,5,0,6,0,7,0,8,0,9,0,10,0,11,0,12,0)"
"ts_2_econSpread = Switch(ts_2_LU,0,0,1,0,2,0,3,0,4,0,5,0,6,0,7,0,8,0,9,0,10,0,11,0,12,0)"
ts_2_econConseq = ts_2_econEstab*ts_2_establish+ts_2_econSpread*ts_2_spread
"ts_2_environEstab = Switch(ts_2_LU,0,0,1,0,2,0,3,0,4,0,5,0,6,0,7,0,8,0,9,0,10,0,11,0,12,0)"
"ts_2_environSpread = Switch(ts_2_LU,0,0,1,0,2,0,3,0,4,0,5,0,6,0,7,0,8,0,9,0,10,0,11,0,12,0)"
ts_2_environConseq = ts_2_environEstab*ts_2_establish+ts_2_environSpread*ts_2_spread
"ts_2_healthEstab = Switch(ts_2_LU,0,0,1,0,2,0,3,0,4,0,5,0,6,0,7,0,8,0,9,0,10,0,11,0,12,0)"
"ts_2_healthSpread = Switch(ts_2_LU,0,0,1,0,2,0,3,0,4,0,5,0,6,0,7,0,8,0,9,0,10,0,11,0,12,0)"
ts_2_healthConseq = ts_2_healthEstab*ts_2_establish+ts_2_healthSpread*ts_2_spread
"ts_2_socialEstab = Switch(ts_2_LU,0,0,1,0,2,0,3,0,4,0,5,0,6,0,7,0,8,0,9,0,10,0,11,0,12,0)"
"ts_2_socialSpread = Switch(ts_2_LU,0,0,1,0,2,0,3,0,4,0,5,0,6,0,7,0,8,0,9,0,10,0,11,0,12,0)"
ts_2_socialConseq = ts_2_socialEstab*ts_2_establish+ts_2_socialSpread*ts_2_spread
ts_1_pestsPast = 0
ts_1_LU = 0
"ts_1_ls = Switch(ts_1_LU,0,1,1,2,2,2,3,2,4,2,5,0,6,2,7,0,8,2,9,3,10,2,11,0,12,2)"
ts_1_GS = 0
"ts_1_EI = Uniform(0,100)"
"ts_1_GI = Uniform(0,100)"
"ts_1_CI = If(ts_1_GS=1,ts_1_GI,ts_1_EI)"
"ts_1_cs = If(ts_1_CI>=20,3,If(ts_1_CI>=5,2,If(ts_1_CI>=0.5,1,0)))"
"ts_1_hs = Min(ts_1_cs,ts_1_ls)"
"ts_1_HMR = Switch(ts_1_hs,0,1,1,0.15,2,0.1,3,0.05)"
ts_1_pestsEntering = 0
ts_1_pests = ts_1_pestsPast*(1-ts_1_HMR)+ts_1_pestsEntering
ts_1_establishPast = 0
"ts_1_ER = Switch(ts_1_hs,0,0,1,0.001,2,0.005,3,0.01)"
"ts_1_EMR = Switch(ts_1_hs,0,1,1,0.5,2,0.1,3,0)"
ts_1_detectionRate = 0
ts_1_treatmentRateForUndetected = 0
ts_1_treatmentEfficacy = 0
ts_1_eradEfficiacy = (ts_1_detectionRate+(1-ts_1_detectionRate)*ts_1_treatmentRateForUndetected)*ts_1_treatmentEfficacy
ts_1_establish = ts_1_establishPast*(1-ts_1_eradEfficiacy)*(1-ts_1_EMR)+(1-ts_1_establishPast)*(1-(1-ts_1_ER)^ts_1_pests)
"ts_1_SR = Switch(ts_1_hs,0,0,1,0.25,2,0.5,3,0.9)"
ts_1_spread = ts_1_establish*ts_1_SR
"ts_1_econEstab = Switch(ts_1_LU,0,0,1,0,2,0,3,0,4,0,5,0,6,0,7,0,8,0,9,0,10,0,11,0,12,0)"
"ts_1_econSpread = Switch(ts_1_LU,0,0,1,0,2,0,3,0,4,0,5,0,6,0,7,0,8,0,9,0,10,0,11,0,12,0)"
ts_1_econConseq = ts_1_econEstab*ts_1_establish+ts_1_econSpread*ts_1_spread
"ts_1_environEstab = Switch(ts_1_LU,0,0,1,0,2,0,3,0,4,0,5,0,6,0,7,0,8,0,9,0,10,0,11,0,12,0)"
"ts_1_environSpread = Switch(ts_1_LU,0,0,1,0,2,0,3,0,4,0,5,0,6,0,7,0,8,0,9,0,10,0,11,0,12,0)"
ts_1_environConseq = ts_1_environEstab*ts_1_establish+ts_1_environSpread*ts_1_spread
"ts_1_healthEstab = Switch(ts_1_LU,0,0,1,0,2,0,3,0,4,0,5,0,6,0,7,0,8,0,9,0,10,0,11,0,12,0)"
"ts_1_healthSpread = Switch(ts_1_LU,0,0,1,0,2,0,3,0,4,0,5,0,6,0,7,0,8,0,9,0,10,0,11,0,12,0)"
ts_1_healthConseq = ts_1_healthEstab*ts_1_establish+ts_1_healthSpread*ts_1_spread
"ts_1_socialEstab = Switch(ts_1_LU,0,0,1,0,2,0,3,0,4,0,5,0,6,0,7,0,8,0,9,0,10,0,11,0,12,0)"
"ts_1_socialSpread = Switch(ts_1_LU,0,0,1,0,2,0,3,0,4,0,5,0,6,0,7,0,8,0,9,0,10,0,11,0,12,0)"
ts_1_socialConseq = ts_1_socialEstab*ts_1_establish+ts_1_socialSpread*ts_1_spread
ts0_pestsPast = 0
ts0_LU = 0
"ts0_ls = Switch(ts0_LU,0,1,1,2,2,2,3,2,4,2,5,0,6,2,7,0,8,2,9,3,10,2,11,0,12,2)"
ts0_GS = 0
"ts0_EI = Uniform(0,100)"
"ts0_GI = Uniform(0,100)"
"ts0_CI = If(ts0_GS=1,ts0_GI,ts0_EI)"
"ts0_cs = If(ts0_CI>=20,3,If(ts0_CI>=5,2,If(ts0_CI>=0.5,1,0)))"
"ts0_hs = Min(ts0_cs,ts0_ls)"
"ts0_HMR = Switch(ts0_hs,0,1,1,0.15,2,0.1,3,0.05)"
ts0_pestsEntering = 0
ts0_pests = ts0_pestsPast*(1-ts0_HMR)+ts0_pestsEntering
ts0_establishPast = 0
"ts0_ER = Switch(ts0_hs,0,0,1,0.001,2,0.005,3,0.01)"
"ts0_EMR = Switch(ts0_hs,0,1,1,0.5,2,0.1,3,0)"
ts0_detectionRate = 0
ts0_treatmentRateForUndetected = 0
ts0_treatmentEfficacy = 0
ts0_eradEfficiacy = (ts0_detectionRate+(1-ts0_detectionRate)*ts0_treatmentRateForUndetected)*ts0_treatmentEfficacy
ts0_establish = ts0_establishPast*(1-ts0_eradEfficiacy)*(1-ts0_EMR)+(1-ts0_establishPast)*(1-(1-ts0_ER)^ts0_pests)
"ts0_SR = Switch(ts0_hs,0,0,1,0.25,2,0.5,3,0.9)"
ts0_spread = ts0_establish*ts0_SR
"ts0_econEstab = Switch(ts0_LU,0,0,1,0,2,0,3,0,4,0,5,0,6,0,7,0,8,0,9,0,10,0,11,0,12,0)"
"ts0_econSpread = Switch(ts0_LU,0,0,1,0,2,0,3,0,4,0,5,0,6,0,7,0,8,0,9,0,10,0,11,0,12,0)"
ts0_econConseq = ts0_econEstab*ts0_establish+ts0_econSpread*ts0_spread
"ts0_environEstab = Switch(ts0_LU,0,0,1,0,2,0,3,0,4,0,5,0,6,0,7,0,8,0,9,0,10,0,11,0,12,0)"
"ts0_environSpread = Switch(ts0_LU,0,0,1,0,2,0,3,0,4,0,5,0,6,0,7,0,8,0,9,0,10,0,11,0,12,0)"
ts0_environConseq = ts0_environEstab*ts0_establish+ts0_environSpread*ts0_spread
"ts0_healthEstab = Switch(ts0_LU,0,0,1,0,2,0,3,0,4,0,5,0,6,0,7,0,8,0,9,0,10,0,11,0,12,0)"
"ts0_healthSpread = Switch(ts0_LU,0,0,1,0,2,0,3,0,4,0,5,0,6,0,7,0,8,0,9,0,10,0,11,0,12,0)"
ts0_healthConseq = ts0_healthEstab*ts0_establish+ts0_healthSpread*ts0_spread
"ts0_socialEstab = Switch(ts0_LU,0,0,1,0,2,0,3,0,4,0,5,0,6,0,7,0,8,0,9,0,10,0,11,0,12,0)"
"ts0_socialSpread = Switch(ts0_LU,0,0,1,0,2,0,3,0,4,0,5,0,6,0,7,0,8,0,9,0,10,0,11,0,12,0)"
ts0_socialConseq = ts0_socialEstab*ts0_establish+ts0_socialSpread*ts0_spread
ts1_pestsPast = 0
ts1_LU = 0
"ts1_ls = Switch(ts1_LU,0,1,1,2,2,2,3,2,4,2,5,0,6,2,7,0,8,2,9,3,10,2,11,0,12,2)"
ts1_GS = 0
"ts1_EI = Uniform(0,100)"
"ts1_GI = Uniform(0,100)"
"ts1_CI = If(ts1_GS=1,ts1_GI,ts1_EI)"
"ts1_cs = If(ts1_CI>=20,3,If(ts1_CI>=5,2,If(ts1_CI>=0.5,1,0)))"
"ts1_hs = Min(ts1_cs,ts1_ls)"
"ts1_HMR = Switch(ts1_hs,0,1,1,0.15,2,0.1,3,0.05)"
ts1_pestsEntering = 0
ts1_pests = ts1_pestsPast*(1-ts1_HMR)+ts1_pestsEntering
ts1_establishPast = 0
"ts1_ER = Switch(ts1_hs,0,0,1,0.001,2,0.005,3,0.01)"
"ts1_EMR = Switch(ts1_hs,0,1,1,0.5,2,0.1,3,0)"
ts1_detectionRate = 0
ts1_treatmentRateForUndetected = 0
ts1_treatmentEfficacy = 0
ts1_eradEfficiacy = (ts1_detectionRate+(1-ts1_detectionRate)*ts1_treatmentRateForUndetected)*ts1_treatmentEfficacy
ts1_establish = ts1_establishPast*(1-ts1_eradEfficiacy)*(1-ts1_EMR)+(1-ts1_establishPast)*(1-(1-ts1_ER)^ts1_pests)
"ts1_SR = Switch(ts1_hs,0,0,1,0.25,2,0.5,3,0.9)"
ts1_spread = ts1_establish*ts1_SR
"ts1_econEstab = Switch(ts1_LU,0,0,1,0,2,0,3,0,4,0,5,0,6,0,7,0,8,0,9,0,10,0,11,0,12,0)"
"ts1_econSpread = Switch(ts1_LU,0,0,1,0,2,0,3,0,4,0,5,0,6,0,7,0,8,0,9,0,10,0,11,0,12,0)"
ts1_econConseq = ts1_econEstab*ts1_establish+ts1_econSpread*ts1_spread
"ts1_environEstab = Switch(ts1_LU,0,0,1,0,2,0,3,0,4,0,5,0,6,0,7,0,8,0,9,0,10,0,11,0,12,0)"
"ts1_environSpread = Switch(ts1_LU,0,0,1,0,2,0,3,0,4,0,5,0,6,0,7,0,8,0,9,0,10,0,11,0,12,0)"
ts1_environConseq = ts1_environEstab*ts1_establish+ts1_environSpread*ts1_spread
"ts1_healthEstab = Switch(ts1_LU,0,0,1,0,2,0,3,0,4,0,5,0,6,0,7,0,8,0,9,0,10,0,11,0,12,0)"
"ts1_healthSpread = Switch(ts1_LU,0,0,1,0,2,0,3,0,4,0,5,0,6,0,7,0,8,0,9,0,10,0,11,0,12,0)"
ts1_healthConseq = ts1_healthEstab*ts1_establish+ts1_healthSpread*ts1_spread
"ts1_socialEstab = Switch(ts1_LU,0,0,1,0,2,0,3,0,4,0,5,0,6,0,7,0,8,0,9,0,10,0,11,0,12,0)"
"ts1_socialSpread = Switch(ts1_LU,0,0,1,0,2,0,3,0,4,0,5,0,6,0,7,0,8,0,9,0,10,0,11,0,12,0)"
ts1_socialConseq = ts1_socialEstab*ts1_establish+ts1_socialSpread*ts1_spread
ts2_pestsPast = 0
ts2_LU = 0
"ts2_ls = Switch(ts2_LU,0,1,1,2,2,2,3,2,4,2,5,0,6,2,7,0,8,2,9,3,10,2,11,0,12,2)"
ts2_GS = 0
"ts2_EI = Uniform(0,100)"
"ts2_GI = Uniform(0,100)"
"ts2_CI = If(ts2_GS=1,ts2_GI,ts2_EI)"
"ts2_cs = If(ts2_CI>=20,3,If(ts2_CI>=5,2,If(ts2_CI>=0.5,1,0)))"
"ts2_hs = Min(ts2_cs,ts2_ls)"
"ts2_HMR = Switch(ts2_hs,0,1,1,0.15,2,0.1,3,0.05)"
ts2_pestsEntering = 0
ts2_pests = ts2_pestsPast*(1-ts2_HMR)+ts2_pestsEntering
ts2_establishPast = 0
"ts2_ER = Switch(ts2_hs,0,0,1,0.001,2,0.005,3,0.01)"
"ts2_EMR = Switch(ts2_hs,0,1,1,0.5,2,0.1,3,0)"
ts2_detectionRate = 0
ts2_treatmentRateForUndetected = 0
ts2_treatmentEfficacy = 0
ts2_eradEfficiacy = (ts2_detectionRate+(1-ts2_detectionRate)*ts2_treatmentRateForUndetected)*ts2_treatmentEfficacy
ts2_establish = ts2_establishPast*(1-ts2_eradEfficiacy)*(1-ts2_EMR)+(1-ts2_establishPast)*(1-(1-ts2_ER)^ts2_pests)
"ts2_SR = Switch(ts2_hs,0,0,1,0.25,2,0.5,3,0.9)"
ts2_spread = ts2_establish*ts2_SR
"ts2_econEstab = Switch(ts2_LU,0,0,1,0,2,0,3,0,4,0,5,0,6,0,7,0,8,0,9,0,10,0,11,0,12,0)"
"ts2_econSpread = Switch(ts2_LU,0,0,1,0,2,0,3,0,4,0,5,0,6,0,7,0,8,0,9,0,10,0,11,0,12,0)"
ts2_econConseq = ts2_econEstab*ts2_establish+ts2_econSpread*ts2_spread
"ts2_environEstab = Switch(ts2_LU,0,0,1,0,2,0,3,0,4,0,5,0,6,0,7,0,8,0,9,0,10,0,11,0,12,0)"
"ts2_environSpread = Switch(ts2_LU,0,0,1,0,2,0,3,0,4,0,5,0,6,0,7,0,8,0,9,0,10,0,11,0,12,0)"
ts2_environConseq = ts2_environEstab*ts2_establish+ts2_environSpread*ts2_spread
"ts2_healthEstab = Switch(ts2_LU,0,0,1,0,2,0,3,0,4,0,5,0,6,0,7,0,8,0,9,0,10,0,11,0,12,0)"
"ts2_healthSpread = Switch(ts2_LU,0,0,1,0,2,0,3,0,4,0,5,0,6,0,7,0,8,0,9,0,10,0,11,0,12,0)"
ts2_healthConseq = ts2_healthEstab*ts2_establish+ts2_healthSpread*ts2_spread
"ts2_socialEstab = Switch(ts2_LU,0,0,1,0,2,0,3,0,4,0,5,0,6,0,7,0,8,0,9,0,10,0,11,0,12,0)"
"ts2_socialSpread = Switch(ts2_LU,0,0,1,0,2,0,3,0,4,0,5,0,6,0,7,0,8,0,9,0,10,0,11,0,12,0)"
ts2_socialConseq = ts2_socialEstab*ts2_establish+ts2_socialSpread*ts2_spread
ts3_pestsPast = 0
ts3_LU = 0
"ts3_ls = Switch(ts3_LU,0,1,1,2,2,2,3,2,4,2,5,0,6,2,7,0,8,2,9,3,10,2,11,0,12,2)"
ts3_GS = 0
"ts3_EI = Uniform(0,100)"
"ts3_GI = Uniform(0,100)"
"ts3_CI = If(ts3_GS=1,ts3_GI,ts3_EI)"
"ts3_cs = If(ts3_CI>=20,3,If(ts3_CI>=5,2,If(ts3_CI>=0.5,1,0)))"
"ts3_hs = Min(ts3_cs,ts3_ls)"
"ts3_HMR = Switch(ts3_hs,0,1,1,0.15,2,0.1,3,0.05)"
ts3_pestsEntering = 0
ts3_pests = ts3_pestsPast*(1-ts3_HMR)+ts3_pestsEntering
ts3_establishPast = 0
"ts3_ER = Switch(ts3_hs,0,0,1,0.001,2,0.005,3,0.01)"
"ts3_EMR = Switch(ts3_hs,0,1,1,0.5,2,0.1,3,0)"
ts3_detectionRate = 0
ts3_treatmentRateForUndetected = 0
ts3_treatmentEfficacy = 0
ts3_eradEfficiacy = (ts3_detectionRate+(1-ts3_detectionRate)*ts3_treatmentRateForUndetected)*ts3_treatmentEfficacy
ts3_establish = ts3_establishPast*(1-ts3_eradEfficiacy)*(1-ts3_EMR)+(1-ts3_establishPast)*(1-(1-ts3_ER)^ts3_pests)
"ts3_SR = Switch(ts3_hs,0,0,1,0.25,2,0.5,3,0.9)"
ts3_spread = ts3_establish*ts3_SR
"ts3_econEstab = Switch(ts3_LU,0,0,1,0,2,0,3,0,4,0,5,0,6,0,7,0,8,0,9,0,10,0,11,0,12,0)"
"ts3_econSpread = Switch(ts3_LU,0,0,1,0,2,0,3,0,4,0,5,0,6,0,7,0,8,0,9,0,10,0,11,0,12,0)"
ts3_econConseq = ts3_econEstab*ts3_establish+ts3_econSpread*ts3_spread
"ts3_environEstab = Switch(ts3_LU,0,0,1,0,2,0,3,0,4,0,5,0,6,0,7,0,8,0,9,0,10,0,11,0,12,0)"
"ts3_environSpread = Switch(ts3_LU,0,0,1,0,2,0,3,0,4,0,5,0,6,0,7,0,8,0,9,0,10,0,11,0,12,0)"
ts3_environConseq = ts3_environEstab*ts3_establish+ts3_environSpread*ts3_spread
"ts3_healthEstab = Switch(ts3_LU,0,0,1,0,2,0,3,0,4,0,5,0,6,0,7,0,8,0,9,0,10,0,11,0,12,0)"
"ts3_healthSpread = Switch(ts3_LU,0,0,1,0,2,0,3,0,4,0,5,0,6,0,7,0,8,0,9,0,10,0,11,0,12,0)"
ts3_healthConseq = ts3_healthEstab*ts3_establish+ts3_healthSpread*ts3_spread
"ts3_socialEstab = Switch(ts3_LU,0,0,1,0,2,0,3,0,4,0,5,0,6,0,7,0,8,0,9,0,10,0,11,0,12,0)"
"ts3_socialSpread = Switch(ts3_LU,0,0,1,0,2,0,3,0,4,0,5,0,6,0,7,0,8,0,9,0,10,0,11,0,12,0)"
ts3_socialConseq = ts3_socialEstab*ts3_establish+ts3_socialSpread*ts3_spread
ts4_pestsPast = 0
ts4_LU = 0
"ts4_ls = Switch(ts4_LU,0,1,1,2,2,2,3,2,4,2,5,0,6,2,7,0,8,2,9,3,10,2,11,0,12,2)"
ts4_GS = 0
"ts4_EI = Uniform(0,100)"
"ts4_GI = Uniform(0,100)"
"ts4_CI = If(ts4_GS=1,ts4_GI,ts4_EI)"
"ts4_cs = If(ts4_CI>=20,3,If(ts4_CI>=5,2,If(ts4_CI>=0.5,1,0)))"
"ts4_hs = Min(ts4_cs,ts4_ls)"
"ts4_HMR = Switch(ts4_hs,0,1,1,0.15,2,0.1,3,0.05)"
ts4_pestsEntering = 0
ts4_pests = ts4_pestsPast*(1-ts4_HMR)+ts4_pestsEntering
ts4_establishPast = 0
"ts4_ER = Switch(ts4_hs,0,0,1,0.001,2,0.005,3,0.01)"
"ts4_EMR = Switch(ts4_hs,0,1,1,0.5,2,0.1,3,0)"
ts4_detectionRate = 0
ts4_treatmentRateForUndetected = 0
ts4_treatmentEfficacy = 0
ts4_eradEfficiacy = (ts4_detectionRate+(1-ts4_detectionRate)*ts4_treatmentRateForUndetected)*ts4_treatmentEfficacy
ts4_establish = ts4_establishPast*(1-ts4_eradEfficiacy)*(1-ts4_EMR)+(1-ts4_establishPast)*(1-(1-ts4_ER)^ts4_pests)
"ts4_SR = Switch(ts4_hs,0,0,1,0.25,2,0.5,3,0.9)"
ts4_spread = ts4_establish*ts4_SR
"ts4_econEstab = Switch(ts4_LU,0,0,1,0,2,0,3,0,4,0,5,0,6,0,7,0,8,0,9,0,10,0,11,0,12,0)"
"ts4_econSpread = Switch(ts4_LU,0,0,1,0,2,0,3,0,4,0,5,0,6,0,7,0,8,0,9,0,10,0,11,0,12,0)"
ts4_econConseq = ts4_econEstab*ts4_establish+ts4_econSpread*ts4_spread
"ts4_environEstab = Switch(ts4_LU,0,0,1,0,2,0,3,0,4,0,5,0,6,0,7,0,8,0,9,0,10,0,11,0,12,0)"
"ts4_environSpread = Switch(ts4_LU,0,0,1,0,2,0,3,0,4,0,5,0,6,0,7,0,8,0,9,0,10,0,11,0,12,0)"
ts4_environConseq = ts4_environEstab*ts4_establish+ts4_environSpread*ts4_spread
"ts4_healthEstab = Switch(ts4_LU,0,0,1,0,2,0,3,0,4,0,5,0,6,0,7,0,8,0,9,0,10,0,11,0,12,0)"
"ts4_healthSpread = Switch(ts4_LU,0,0,1,0,2,0,3,0,4,0,5,0,6,0,7,0,8,0,9,0,10,0,11,0,12,0)"
ts4_healthConseq = ts4_healthEstab*ts4_establish+ts4_healthSpread*ts4_spread
"ts4_socialEstab = Switch(ts4_LU,0,0,1,0,2,0,3,0,4,0,5,0,6,0,7,0,8,0,9,0,10,0,11,0,12,0)"
"ts4_socialSpread = Switch(ts4_LU,0,0,1,0,2,0,3,0,4,0,5,0,6,0,7,0,8,0,9,0,10,0,11,0,12,0)"
ts4_socialConseq = ts4_socialEstab*ts4_establish+ts4_socialSpread*ts4_spread
ts5_pestsPast = 0
ts5_LU = 0
"ts5_ls = Switch(ts5_LU,0,1,1,2,2,2,3,2,4,2,5,0,6,2,7,0,8,2,9,3,10,2,11,0,12,2)"
ts5_GS = 0
"ts5_EI = Uniform(0,100)"
"ts5_GI = Uniform(0,100)"
"ts5_CI = If(ts5_GS=1,ts5_GI,ts5_EI)"
"ts5_cs = If(ts5_CI>=20,3,If(ts5_CI>=5,2,If(ts5_CI>=0.5,1,0)))"
"ts5_hs = Min(ts5_cs,ts5_ls)"
"ts5_HMR = Switch(ts5_hs,0,1,1,0.15,2,0.1,3,0.05)"
ts5_pestsEntering = 0
ts5_pests = ts5_pestsPast*(1-ts5_HMR)+ts5_pestsEntering
ts5_establishPast = 0
"ts5_ER = Switch(ts5_hs,0,0,1,0.001,2,0.005,3,0.01)"
"ts5_EMR = Switch(ts5_hs,0,1,1,0.5,2,0.1,3,0)"
ts5_detectionRate = 0
ts5_treatmentRateForUndetected = 0
ts5_treatmentEfficacy = 0
ts5_eradEfficiacy = (ts5_detectionRate+(1-ts5_detectionRate)*ts5_treatmentRateForUndetected)*ts5_treatmentEfficacy
ts5_establish = ts5_establishPast*(1-ts5_eradEfficiacy)*(1-ts5_EMR)+(1-ts5_establishPast)*(1-(1-ts5_ER)^ts5_pests)
"ts5_SR = Switch(ts5_hs,0,0,1,0.25,2,0.5,3,0.9)"
ts5_spread = ts5_establish*ts5_SR
"ts5_econEstab = Switch(ts5_LU,0,0,1,0,2,0,3,0,4,0,5,0,6,0,7,0,8,0,9,0,10,0,11,0,12,0)"
"ts5_econSpread = Switch(ts5_LU,0,0,1,0,2,0,3,0,4,0,5,0,6,0,7,0,8,0,9,0,10,0,11,0,12,0)"
ts5_econConseq = ts5_econEstab*ts5_establish+ts5_econSpread*ts5_spread
"ts5_environEstab = Switch(ts5_LU,0,0,1,0,2,0,3,0,4,0,5,0,6,0,7,0,8,0,9,0,10,0,11,0,12,0)"
"ts5_environSpread = Switch(ts5_LU,0,0,1,0,2,0,3,0,4,0,5,0,6,0,7,0,8,0,9,0,10,0,11,0,12,0)"
ts5_environConseq = ts5_environEstab*ts5_establish+ts5_environSpread*ts5_spread
"ts5_healthEstab = Switch(ts5_LU,0,0,1,0,2,0,3,0,4,0,5,0,6,0,7,0,8,0,9,0,10,0,11,0,12,0)"
"ts5_healthSpread = Switch(ts5_LU,0,0,1,0,2,0,3,0,4,0,5,0,6,0,7,0,8,0,9,0,10,0,11,0,12,0)"
ts5_healthConseq = ts5_healthEstab*ts5_establish+ts5_healthSpread*ts5_spread
"ts5_socialEstab = Switch(ts5_LU,0,0,1,0,2,0,3,0,4,0,5,0,6,0,7,0,8,0,9,0,10,0,11,0,12,0)"
"ts5_socialSpread = Switch(ts5_LU,0,0,1,0,2,0,3,0,4,0,5,0,6,0,7,0,8,0,9,0,10,0,11,0,12,0)"
ts5_socialConseq = ts5_socialEstab*ts5_establish+ts5_socialSpread*ts5_spread
ts6_pestsPast = 0
ts6_LU = 0
"ts6_ls = Switch(ts6_LU,0,1,1,2,2,2,3,2,4,2,5,0,6,2,7,0,8,2,9,3,10,2,11,0,12,2)"
ts6_GS = 0
"ts6_EI = Uniform(0,100)"
"ts6_GI = Uniform(0,100)"
"ts6_CI = If(ts6_GS=1,ts6_GI,ts6_EI)"
"ts6_cs = If(ts6_CI>=20,3,If(ts6_CI>=5,2,If(ts6_CI>=0.5,1,0)))"
"ts6_hs = Min(ts6_cs,ts6_ls)"
"ts6_HMR = Switch(ts6_hs,0,1,1,0.15,2,0.1,3,0.05)"
ts6_pestsEntering = 0
ts6_pests = ts6_pestsPast*(1-ts6_HMR)+ts6_pestsEntering
ts6_establishPast = 0
"ts6_ER = Switch(ts6_hs,0,0,1,0.001,2,0.005,3,0.01)"
"ts6_EMR = Switch(ts6_hs,0,1,1,0.5,2,0.1,3,0)"
ts6_detectionRate = 0
ts6_treatmentRateForUndetected = 0
ts6_treatmentEfficacy = 0
ts6_eradEfficiacy = (ts6_detectionRate+(1-ts6_detectionRate)*ts6_treatmentRateForUndetected)*ts6_treatmentEfficacy
ts6_establish = ts6_establishPast*(1-ts6_eradEfficiacy)*(1-ts6_EMR)+(1-ts6_establishPast)*(1-(1-ts6_ER)^ts6_pests)
"ts6_SR = Switch(ts6_hs,0,0,1,0.25,2,0.5,3,0.9)"
ts6_spread = ts6_establish*ts6_SR
"ts6_econEstab = Switch(ts6_LU,0,0,1,0,2,0,3,0,4,0,5,0,6,0,7,0,8,0,9,0,10,0,11,0,12,0)"
"ts6_econSpread = Switch(ts6_LU,0,0,1,0,2,0,3,0,4,0,5,0,6,0,7,0,8,0,9,0,10,0,11,0,12,0)"
ts6_econConseq = ts6_econEstab*ts6_establish+ts6_econSpread*ts6_spread
"ts6_environEstab = Switch(ts6_LU,0,0,1,0,2,0,3,0,4,0,5,0,6,0,7,0,8,0,9,0,10,0,11,0,12,0)"
"ts6_environSpread = Switch(ts6_LU,0,0,1,0,2,0,3,0,4,0,5,0,6,0,7,0,8,0,9,0,10,0,11,0,12,0)"
ts6_environConseq = ts6_environEstab*ts6_establish+ts6_environSpread*ts6_spread
"ts6_healthEstab = Switch(ts6_LU,0,0,1,0,2,0,3,0,4,0,5,0,6,0,7,0,8,0,9,0,10,0,11,0,12,0)"
"ts6_healthSpread = Switch(ts6_LU,0,0,1,0,2,0,3,0,4,0,5,0,6,0,7,0,8,0,9,0,10,0,11,0,12,0)"
ts6_healthConseq = ts6_healthEstab*ts6_establish+ts6_healthSpread*ts6_spread
"ts6_socialEstab = Switch(ts6_LU,0,0,1,0,2,0,3,0,4,0,5,0,6,0,7,0,8,0,9,0,10,0,11,0,12,0)"
"ts6_socialSpread = Switch(ts6_LU,0,0,1,0,2,0,3,0,4,0,5,0,6,0,7,0,8,0,9,0,10,0,11,0,12,0)"
ts6_socialConseq = ts6_socialEstab*ts6_establish+ts6_socialSpread*ts6_spread
ts7_pestsPast = 0
ts7_LU = 0
"ts7_ls = Switch(ts7_LU,0,1,1,2,2,2,3,2,4,2,5,0,6,2,7,0,8,2,9,3,10,2,11,0,12,2)"
ts7_GS = 0
"ts7_EI = Uniform(0,100)"
"ts7_GI = Uniform(0,100)"
"ts7_CI = If(ts7_GS=1,ts7_GI,ts7_EI)"
"ts7_cs = If(ts7_CI>=20,3,If(ts7_CI>=5,2,If(ts7_CI>=0.5,1,0)))"
"ts7_hs = Min(ts7_cs,ts7_ls)"
"ts7_HMR = Switch(ts7_hs,0,1,1,0.15,2,0.1,3,0.05)"
ts7_pestsEntering = 0
ts7_pests = ts7_pestsPast*(1-ts7_HMR)+ts7_pestsEntering
ts7_establishPast = 0
"ts7_ER = Switch(ts7_hs,0,0,1,0.001,2,0.005,3,0.01)"
"ts7_EMR = Switch(ts7_hs,0,1,1,0.5,2,0.1,3,0)"
ts7_detectionRate = 0
ts7_treatmentRateForUndetected = 0
ts7_treatmentEfficacy = 0
ts7_eradEfficiacy = (ts7_detectionRate+(1-ts7_detectionRate)*ts7_treatmentRateForUndetected)*ts7_treatmentEfficacy
ts7_establish = ts7_establishPast*(1-ts7_eradEfficiacy)*(1-ts7_EMR)+(1-ts7_establishPast)*(1-(1-ts7_ER)^ts7_pests)
"ts7_SR = Switch(ts7_hs,0,0,1,0.25,2,0.5,3,0.9)"
ts7_spread = ts7_establish*ts7_SR
"ts7_econEstab = Switch(ts7_LU,0,0,1,0,2,0,3,0,4,0,5,0,6,0,7,0,8,0,9,0,10,0,11,0,12,0)"
"ts7_econSpread = Switch(ts7_LU,0,0,1,0,2,0,3,0,4,0,5,0,6,0,7,0,8,0,9,0,10,0,11,0,12,0)"
ts7_econConseq = ts7_econEstab*ts7_establish+ts7_econSpread*ts7_spread
"ts7_environEstab = Switch(ts7_LU,0,0,1,0,2,0,3,0,4,0,5,0,6,0,7,0,8,0,9,0,10,0,11,0,12,0)"
"ts7_environSpread = Switch(ts7_LU,0,0,1,0,2,0,3,0,4,0,5,0,6,0,7,0,8,0,9,0,10,0,11,0,12,0)"
ts7_environConseq = ts7_environEstab*ts7_establish+ts7_environSpread*ts7_spread
"ts7_healthEstab = Switch(ts7_LU,0,0,1,0,2,0,3,0,4,0,5,0,6,0,7,0,8,0,9,0,10,0,11,0,12,0)"
"ts7_healthSpread = Switch(ts7_LU,0,0,1,0,2,0,3,0,4,0,5,0,6,0,7,0,8,0,9,0,10,0,11,0,12,0)"
ts7_healthConseq = ts7_healthEstab*ts7_establish+ts7_healthSpread*ts7_spread
"ts7_socialEstab = Switch(ts7_LU,0,0,1,0,2,0,3,0,4,0,5,0,6,0,7,0,8,0,9,0,10,0,11,0,12,0)"
"ts7_socialSpread = Switch(ts7_LU,0,0,1,0,2,0,3,0,4,0,5,0,6,0,7,0,8,0,9,0,10,0,11,0,12,0)"
ts7_socialConseq = ts7_socialEstab*ts7_establish+ts7_socialSpread*ts7_spread
ts8_pestsPast = 0
ts8_LU = 0
"ts8_ls = Switch(ts8_LU,0,1,1,2,2,2,3,2,4,2,5,0,6,2,7,0,8,2,9,3,10,2,11,0,12,2)"
ts8_GS = 0
"ts8_EI = Uniform(0,100)"
"ts8_GI = Uniform(0,100)"
"ts8_CI = If(ts8_GS=1,ts8_GI,ts8_EI)"
"ts8_cs = If(ts8_CI>=20,3,If(ts8_CI>=5,2,If(ts8_CI>=0.5,1,0)))"
"ts8_hs = Min(ts8_cs,ts8_ls)"
"ts8_HMR = Switch(ts8_hs,0,1,1,0.15,2,0.1,3,0.05)"
ts8_pestsEntering = 0
ts8_pests = ts8_pestsPast*(1-ts8_HMR)+ts8_pestsEntering
ts8_establishPast = 0
"ts8_ER = Switch(ts8_hs,0,0,1,0.001,2,0.005,3,0.01)"
"ts8_EMR = Switch(ts8_hs,0,1,1,0.5,2,0.1,3,0)"
ts8_detectionRate = 0
ts8_treatmentRateForUndetected = 0
ts8_treatmentEfficacy = 0
ts8_eradEfficiacy = (ts8_detectionRate+(1-ts8_detectionRate)*ts8_treatmentRateForUndetected)*ts8_treatmentEfficacy
ts8_establish = ts8_establishPast*(1-ts8_eradEfficiacy)*(1-ts8_EMR)+(1-ts8_establishPast)*(1-(1-ts8_ER)^ts8_pests)
"ts8_SR = Switch(ts8_hs,0,0,1,0.25,2,0.5,3,0.9)"
ts8_spread = ts8_establish*ts8_SR
"ts8_econEstab = Switch(ts8_LU,0,0,1,0,2,0,3,0,4,0,5,0,6,0,7,0,8,0,9,0,10,0,11,0,12,0)"
"ts8_econSpread = Switch(ts8_LU,0,0,1,0,2,0,3,0,4,0,5,0,6,0,7,0,8,0,9,0,10,0,11,0,12,0)"
ts8_econConseq = ts8_econEstab*ts8_establish+ts8_econSpread*ts8_spread
"ts8_environEstab = Switch(ts8_LU,0,0,1,0,2,0,3,0,4,0,5,0,6,0,7,0,8,0,9,0,10,0,11,0,12,0)"
"ts8_environSpread = Switch(ts8_LU,0,0,1,0,2,0,3,0,4,0,5,0,6,0,7,0,8,0,9,0,10,0,11,0,12,0)"
ts8_environConseq = ts8_environEstab*ts8_establish+ts8_environSpread*ts8_spread
"ts8_healthEstab = Switch(ts8_LU,0,0,1,0,2,0,3,0,4,0,5,0,6,0,7,0,8,0,9,0,10,0,11,0,12,0)"
"ts8_healthSpread = Switch(ts8_LU,0,0,1,0,2,0,3,0,4,0,5,0,6,0,7,0,8,0,9,0,10,0,11,0,12,0)"
ts8_healthConseq = ts8_healthEstab*ts8_establish+ts8_healthSpread*ts8_spread
"ts8_socialEstab = Switch(ts8_LU,0,0,1,0,2,0,3,0,4,0,5,0,6,0,7,0,8,0,9,0,10,0,11,0,12,0)"
"ts8_socialSpread = Switch(ts8_LU,0,0,1,0,2,0,3,0,4,0,5,0,6,0,7,0,8,0,9,0,10,0,11,0,12,0)"
ts8_socialConseq = ts8_socialEstab*ts8_establish+ts8_socialSpread*ts8_spread
ts9_pestsPast = 0
ts9_LU = 0
"ts9_ls = Switch(ts9_LU,0,1,1,2,2,2,3,2,4,2,5,0,6,2,7,0,8,2,9,3,10,2,11,0,12,2)"
ts9_GS = 0
"ts9_EI = Uniform(0,100)"
"ts9_GI = Uniform(0,100)"
"ts9_CI = If(ts9_GS=1,ts9_GI,ts9_EI)"
"ts9_cs = If(ts9_CI>=20,3,If(ts9_CI>=5,2,If(ts9_CI>=0.5,1,0)))"
"ts9_hs = Min(ts9_cs,ts9_ls)"
"ts9_HMR = Switch(ts9_hs,0,1,1,0.15,2,0.1,3,0.05)"
ts9_pestsEntering = 0
ts9_pests = ts9_pestsPast*(1-ts9_HMR)+ts9_pestsEntering
ts9_establishPast = 0
"ts9_ER = Switch(ts9_hs,0,0,1,0.001,2,0.005,3,0.01)"
"ts9_EMR = Switch(ts9_hs,0,1,1,0.5,2,0.1,3,0)"
ts9_detectionRate = 0
ts9_treatmentRateForUndetected = 0
ts9_treatmentEfficacy = 0
ts9_eradEfficiacy = (ts9_detectionRate+(1-ts9_detectionRate)*ts9_treatmentRateForUndetected)*ts9_treatmentEfficacy
ts9_establish = ts9_establishPast*(1-ts9_eradEfficiacy)*(1-ts9_EMR)+(1-ts9_establishPast)*(1-(1-ts9_ER)^ts9_pests)
"ts9_SR = Switch(ts9_hs,0,0,1,0.25,2,0.5,3,0.9)"
ts9_spread = ts9_establish*ts9_SR
"ts9_econEstab = Switch(ts9_LU,0,0,1,0,2,0,3,0,4,0,5,0,6,0,7,0,8,0,9,0,10,0,11,0,12,0)"
"ts9_econSpread = Switch(ts9_LU,0,0,1,0,2,0,3,0,4,0,5,0,6,0,7,0,8,0,9,0,10,0,11,0,12,0)"
ts9_econConseq = ts9_econEstab*ts9_establish+ts9_econSpread*ts9_spread
"ts9_environEstab = Switch(ts9_LU,0,0,1,0,2,0,3,0,4,0,5,0,6,0,7,0,8,0,9,0,10,0,11,0,12,0)"
"ts9_environSpread = Switch(ts9_LU,0,0,1,0,2,0,3,0,4,0,5,0,6,0,7,0,8,0,9,0,10,0,11,0,12,0)"
ts9_environConseq = ts9_environEstab*ts9_establish+ts9_environSpread*ts9_spread
"ts9_healthEstab = Switch(ts9_LU,0,0,1,0,2,0,3,0,4,0,5,0,6,0,7,0,8,0,9,0,10,0,11,0,12,0)"
"ts9_healthSpread = Switch(ts9_LU,0,0,1,0,2,0,3,0,4,0,5,0,6,0,7,0,8,0,9,0,10,0,11,0,12,0)"
ts9_healthConseq = ts9_healthEstab*ts9_establish+ts9_healthSpread*ts9_spread
"ts9_socialEstab = Switch(ts9_LU,0,0,1,0,2,0,3,0,4,0,5,0,6,0,7,0,8,0,9,0,10,0,11,0,12,0)"
"ts9_socialSpread = Switch(ts9_LU,0,0,1,0,2,0,3,0,4,0,5,0,6,0,7,0,8,0,9,0,10,0,11,0,12,0)"
ts9_socialConseq = ts9_socialEstab*ts9_establish+ts9_socialSpread*ts9_spread
ts10_pestsPast = 0
ts10_LU = 0
"ts10_ls = Switch(ts10_LU,0,1,1,2,2,2,3,2,4,2,5,0,6,2,7,0,8,2,9,3,10,2,11,0,12,2)"
ts10_GS = 0
"ts10_EI = Uniform(0,100)"
"ts10_GI = Uniform(0,100)"
"ts10_CI = If(ts10_GS=1,ts10_GI,ts10_EI)"
"ts10_cs = If(ts10_CI>=20,3,If(ts10_CI>=5,2,If(ts10_CI>=0.5,1,0)))"
"ts10_hs = Min(ts10_cs,ts10_ls)"
"ts10_HMR = Switch(ts10_hs,0,1,1,0.15,2,0.1,3,0.05)"
ts10_pestsEntering = 0
ts10_pests = ts10_pestsPast*(1-ts10_HMR)+ts10_pestsEntering
ts10_establishPast = 0
"ts10_ER = Switch(ts10_hs,0,0,1,0.001,2,0.005,3,0.01)"
"ts10_EMR = Switch(ts10_hs,0,1,1,0.5,2,0.1,3,0)"
ts10_detectionRate = 0
ts10_treatmentRateForUndetected = 0
ts10_treatmentEfficacy = 0
ts10_eradEfficiacy = (ts10_detectionRate+(1-ts10_detectionRate)*ts10_treatmentRateForUndetected)*ts10_treatmentEfficacy
ts10_establish = ts10_establishPast*(1-ts10_eradEfficiacy)*(1-ts10_EMR)+(1-ts10_establishPast)*(1-(1-ts10_ER)^ts10_pests)
"ts10_SR = Switch(ts10_hs,0,0,1,0.25,2,0.5,3,0.9)"
ts10_spread = ts10_establish*ts10_SR
"ts10_econEstab = Switch(ts10_LU,0,0,1,0,2,0,3,0,4,0,5,0,6,0,7,0,8,0,9,0,10,0,11,0,12,0)"
"ts10_econSpread = Switch(ts10_LU,0,0,1,0,2,0,3,0,4,0,5,0,6,0,7,0,8,0,9,0,10,0,11,0,12,0)"
ts10_econConseq = ts10_econEstab*ts10_establish+ts10_econSpread*ts10_spread
"ts10_environEstab = Switch(ts10_LU,0,0,1,0,2,0,3,0,4,0,5,0,6,0,7,0,8,0,9,0,10,0,11,0,12,0)"
"ts10_environSpread = Switch(ts10_LU,0,0,1,0,2,0,3,0,4,0,5,0,6,0,7,0,8,0,9,0,10,0,11,0,12,0)"
ts10_environConseq = ts10_environEstab*ts10_establish+ts10_environSpread*ts10_spread
"ts10_healthEstab = Switch(ts10_LU,0,0,1,0,2,0,3,0,4,0,5,0,6,0,7,0,8,0,9,0,10,0,11,0,12,0)"
"ts10_healthSpread = Switch(ts10_LU,0,0,1,0,2,0,3,0,4,0,5,0,6,0,7,0,8,0,9,0,10,0,11,0,12,0)"
ts10_healthConseq = ts10_healthEstab*ts10_establish+ts10_healthSpread*ts10_spread
"ts10_socialEstab = Switch(ts10_LU,0,0,1,0,2,0,3,0,4,0,5,0,6,0,7,0,8,0,9,0,10,0,11,0,12,0)"
"ts10_socialSpread = Switch(ts10_LU,0,0,1,0,2,0,3,0,4,0,5,0,6,0,7,0,8,0,9,0,10,0,11,0,12,0)"
ts10_socialConseq = ts10_socialEstab*ts10_establish+ts10_socialSpread*ts10_spread
ts11_pestsPast = 0
ts11_LU = 0
"ts11_ls = Switch(ts11_LU,0,1,1,2,2,2,3,2,4,2,5,0,6,2,7,0,8,2,9,3,10,2,11,0,12,2)"
ts11_GS = 0
"ts11_EI = Uniform(0,100)"
"ts11_GI = Uniform(0,100)"
"ts11_CI = If(ts11_GS=1,ts11_GI,ts11_EI)"
"ts11_cs = If(ts11_CI>=20,3,If(ts11_CI>=5,2,If(ts11_CI>=0.5,1,0)))"
"ts11_hs = Min(ts11_cs,ts11_ls)"
"ts11_HMR = Switch(ts11_hs,0,1,1,0.15,2,0.1,3,0.05)"
ts11_pestsEntering = 0
ts11_pests = ts11_pestsPast*(1-ts11_HMR)+ts11_pestsEntering
ts11_establishPast = 0
"ts11_ER = Switch(ts11_hs,0,0,1,0.001,2,0.005,3,0.01)"
"ts11_EMR = Switch(ts11_hs,0,1,1,0.5,2,0.1,3,0)"
ts11_detectionRate = 0
ts11_treatmentRateForUndetected = 0
ts11_treatmentEfficacy = 0
ts11_eradEfficiacy = (ts11_detectionRate+(1-ts11_detectionRate)*ts11_treatmentRateForUndetected)*ts11_treatmentEfficacy
ts11_establish = ts11_establishPast*(1-ts11_eradEfficiacy)*(1-ts11_EMR)+(1-ts11_establishPast)*(1-(1-ts11_ER)^ts11_pests)
"ts11_SR = Switch(ts11_hs,0,0,1,0.25,2,0.5,3,0.9)"
ts11_spread = ts11_establish*ts11_SR
"ts11_econEstab = Switch(ts11_LU,0,0,1,0,2,0,3,0,4,0,5,0,6,0,7,0,8,0,9,0,10,0,11,0,12,0)"
"ts11_econSpread = Switch(ts11_LU,0,0,1,0,2,0,3,0,4,0,5,0,6,0,7,0,8,0,9,0,10,0,11,0,12,0)"
ts11_econConseq = ts11_econEstab*ts11_establish+ts11_econSpread*ts11_spread
"ts11_environEstab = Switch(ts11_LU,0,0,1,0,2,0,3,0,4,0,5,0,6,0,7,0,8,0,9,0,10,0,11,0,12,0)"
"ts11_environSpread = Switch(ts11_LU,0,0,1,0,2,0,3,0,4,0,5,0,6,0,7,0,8,0,9,0,10,0,11,0,12,0)"
ts11_environConseq = ts11_environEstab*ts11_establish+ts11_environSpread*ts11_spread
"ts11_healthEstab = Switch(ts11_LU,0,0,1,0,2,0,3,0,4,0,5,0,6,0,7,0,8,0,9,0,10,0,11,0,12,0)"
"ts11_healthSpread = Switch(ts11_LU,0,0,1,0,2,0,3,0,4,0,5,0,6,0,7,0,8,0,9,0,10,0,11,0,12,0)"
ts11_healthConseq = ts11_healthEstab*ts11_establish+ts11_healthSpread*ts11_spread
"ts11_socialEstab = Switch(ts11_LU,0,0,1,0,2,0,3,0,4,0,5,0,6,0,7,0,8,0,9,0,10,0,11,0,12,0)"
"ts11_socialSpread = Switch(ts11_LU,0,0,1,0,2,0,3,0,4,0,5,0,6,0,7,0,8,0,9,0,10,0,11,0,12,0)"
ts11_socialConseq = ts11_socialEstab*ts11_establish+ts11_socialSpread*ts11_spread
ts12_pestsPast = 0
ts12_LU = 0
"ts12_ls = Switch(ts12_LU,0,1,1,2,2,2,3,2,4,2,5,0,6,2,7,0,8,2,9,3,10,2,11,0,12,2)"
ts12_GS = 0
"ts12_EI = Uniform(0,100)"
"ts12_GI = Uniform(0,100)"
"ts12_CI = If(ts12_GS=1,ts12_GI,ts12_EI)"
"ts12_cs = If(ts12_CI>=20,3,If(ts12_CI>=5,2,If(ts12_CI>=0.5,1,0)))"
"ts12_hs = Min(ts12_cs,ts12_ls)"
"ts12_HMR = Switch(ts12_hs,0,1,1,0.15,2,0.1,3,0.05)"
ts12_pestsEntering = 0
ts12_pests = ts12_pestsPast*(1-ts12_HMR)+ts12_pestsEntering
ts12_establishPast = 0
"ts12_ER = Switch(ts12_hs,0,0,1,0.001,2,0.005,3,0.01)"
"ts12_EMR = Switch(ts12_hs,0,1,1,0.5,2,0.1,3,0)"
ts12_detectionRate = 0
ts12_treatmentRateForUndetected = 0
ts12_treatmentEfficacy = 0
ts12_eradEfficiacy = (ts12_detectionRate+(1-ts12_detectionRate)*ts12_treatmentRateForUndetected)*ts12_treatmentEfficacy
ts12_establish = ts12_establishPast*(1-ts12_eradEfficiacy)*(1-ts12_EMR)+(1-ts12_establishPast)*(1-(1-ts12_ER)^ts12_pests)
"ts12_SR = Switch(ts12_hs,0,0,1,0.25,2,0.5,3,0.9)"
ts12_spread = ts12_establish*ts12_SR
"ts12_econEstab = Switch(ts12_LU,0,0,1,0,2,0,3,0,4,0,5,0,6,0,7,0,8,0,9,0,10,0,11,0,12,0)"
"ts12_econSpread = Switch(ts12_LU,0,0,1,0,2,0,3,0,4,0,5,0,6,0,7,0,8,0,9,0,10,0,11,0,12,0)"
ts12_econConseq = ts12_econEstab*ts12_establish+ts12_econSpread*ts12_spread
"ts12_environEstab = Switch(ts12_LU,0,0,1,0,2,0,3,0,4,0,5,0,6,0,7,0,8,0,9,0,10,0,11,0,12,0)"
"ts12_environSpread = Switch(ts12_LU,0,0,1,0,2,0,3,0,4,0,5,0,6,0,7,0,8,0,9,0,10,0,11,0,12,0)"
ts12_environConseq = ts12_environEstab*ts12_establish+ts12_environSpread*ts12_spread
"ts12_healthEstab = Switch(ts12_LU,0,0,1,0,2,0,3,0,4,0,5,0,6,0,7,0,8,0,9,0,10,0,11,0,12,0)"
"ts12_healthSpread = Switch(ts12_LU,0,0,1,0,2,0,3,0,4,0,5,0,6,0,7,0,8,0,9,0,10,0,11,0,12,0)"
ts12_healthConseq = ts12_healthEstab*ts12_establish+ts12_healthSpread*ts12_spread
"ts12_socialEstab = Switch(ts12_LU,0,0,1,0,2,0,3,0,4,0,5,0,6,0,7,0,8,0,9,0,10,0,11,0,12,0)"
"ts12_socialSpread = Switch(ts12_LU,0,0,1,0,2,0,3,0,4,0,5,0,6,0,7,0,8,0,9,0,10,0,11,0,12,0)"
ts12_socialConseq = ts12_socialEstab*ts12_establish+ts12_socialSpread*ts12_spread
ts13_pestsPast = 0
ts13_LU = 0
"ts13_ls = Switch(ts13_LU,0,1,1,2,2,2,3,2,4,2,5,0,6,2,7,0,8,2,9,3,10,2,11,0,12,2)"
ts13_GS = 0
"ts13_EI = Uniform(0,100)"
"ts13_GI = Uniform(0,100)"
"ts13_CI = If(ts13_GS=1,ts13_GI,ts13_EI)"
"ts13_cs = If(ts13_CI>=20,3,If(ts13_CI>=5,2,If(ts13_CI>=0.5,1,0)))"
"ts13_hs = Min(ts13_cs,ts13_ls)"
"ts13_HMR = Switch(ts13_hs,0,1,1,0.15,2,0.1,3,0.05)"
ts13_pestsEntering = 0
ts13_pests = ts13_pestsPast*(1-ts13_HMR)+ts13_pestsEntering
ts13_establishPast = 0
"ts13_ER = Switch(ts13_hs,0,0,1,0.001,2,0.005,3,0.01)"
"ts13_EMR = Switch(ts13_hs,0,1,1,0.5,2,0.1,3,0)"
ts13_detectionRate = 0
ts13_treatmentRateForUndetected = 0
ts13_treatmentEfficacy = 0
ts13_eradEfficiacy = (ts13_detectionRate+(1-ts13_detectionRate)*ts13_treatmentRateForUndetected)*ts13_treatmentEfficacy
ts13_establish = ts13_establishPast*(1-ts13_eradEfficiacy)*(1-ts13_EMR)+(1-ts13_establishPast)*(1-(1-ts13_ER)^ts13_pests)
"ts13_SR = Switch(ts13_hs,0,0,1,0.25,2,0.5,3,0.9)"
ts13_spread = ts13_establish*ts13_SR
"ts13_econEstab = Switch(ts13_LU,0,0,1,0,2,0,3,0,4,0,5,0,6,0,7,0,8,0,9,0,10,0,11,0,12,0)"
"ts13_econSpread = Switch(ts13_LU,0,0,1,0,2,0,3,0,4,0,5,0,6,0,7,0,8,0,9,0,10,0,11,0,12,0)"
ts13_econConseq = ts13_econEstab*ts13_establish+ts13_econSpread*ts13_spread
"ts13_environEstab = Switch(ts13_LU,0,0,1,0,2,0,3,0,4,0,5,0,6,0,7,0,8,0,9,0,10,0,11,0,12,0)"
"ts13_environSpread = Switch(ts13_LU,0,0,1,0,2,0,3,0,4,0,5,0,6,0,7,0,8,0,9,0,10,0,11,0,12,0)"
ts13_environConseq = ts13_environEstab*ts13_establish+ts13_environSpread*ts13_spread
"ts13_healthEstab = Switch(ts13_LU,0,0,1,0,2,0,3,0,4,0,5,0,6,0,7,0,8,0,9,0,10,0,11,0,12,0)"
"ts13_healthSpread = Switch(ts13_LU,0,0,1,0,2,0,3,0,4,0,5,0,6,0,7,0,8,0,9,0,10,0,11,0,12,0)"
ts13_healthConseq = ts13_healthEstab*ts13_establish+ts13_healthSpread*ts13_spread
"ts13_socialEstab = Switch(ts13_LU,0,0,1,0,2,0,3,0,4,0,5,0,6,0,7,0,8,0,9,0,10,0,11,0,12,0)"
"ts13_socialSpread = Switch(ts13_LU,0,0,1,0,2,0,3,0,4,0,5,0,6,0,7,0,8,0,9,0,10,0,11,0,12,0)"
ts13_socialConseq = ts13_socialEstab*ts13_establish+ts13_socialSpread*ts13_spread
ts14_pestsPast = 0
ts14_LU = 0
"ts14_ls = Switch(ts14_LU,0,1,1,2,2,2,3,2,4,2,5,0,6,2,7,0,8,2,9,3,10,2,11,0,12,2)"
ts14_GS = 0
"ts14_EI = Uniform(0,100)"
"ts14_GI = Uniform(0,100)"
"ts14_CI = If(ts14_GS=1,ts14_GI,ts14_EI)"
"ts14_cs = If(ts14_CI>=20,3,If(ts14_CI>=5,2,If(ts14_CI>=0.5,1,0)))"
"ts14_hs = Min(ts14_cs,ts14_ls)"
"ts14_HMR = Switch(ts14_hs,0,1,1,0.15,2,0.1,3,0.05)"
ts14_pestsEntering = 0
ts14_pests = ts14_pestsPast*(1-ts14_HMR)+ts14_pestsEntering
ts14_establishPast = 0
"ts14_ER = Switch(ts14_hs,0,0,1,0.001,2,0.005,3,0.01)"
"ts14_EMR = Switch(ts14_hs,0,1,1,0.5,2,0.1,3,0)"
ts14_detectionRate = 0
ts14_treatmentRateForUndetected = 0
ts14_treatmentEfficacy = 0
ts14_eradEfficiacy = (ts14_detectionRate+(1-ts14_detectionRate)*ts14_treatmentRateForUndetected)*ts14_treatmentEfficacy
ts14_establish = ts14_establishPast*(1-ts14_eradEfficiacy)*(1-ts14_EMR)+(1-ts14_establishPast)*(1-(1-ts14_ER)^ts14_pests)
"ts14_SR = Switch(ts14_hs,0,0,1,0.25,2,0.5,3,0.9)"
ts14_spread = ts14_establish*ts14_SR
"ts14_econEstab = Switch(ts14_LU,0,0,1,0,2,0,3,0,4,0,5,0,6,0,7,0,8,0,9,0,10,0,11,0,12,0)"
"ts14_econSpread = Switch(ts14_LU,0,0,1,0,2,0,3,0,4,0,5,0,6,0,7,0,8,0,9,0,10,0,11,0,12,0)"
ts14_econConseq = ts14_econEstab*ts14_establish+ts14_econSpread*ts14_spread
"ts14_environEstab = Switch(ts14_LU,0,0,1,0,2,0,3,0,4,0,5,0,6,0,7,0,8,0,9,0,10,0,11,0,12,0)"
"ts14_environSpread = Switch(ts14_LU,0,0,1,0,2,0,3,0,4,0,5,0,6,0,7,0,8,0,9,0,10,0,11,0,12,0)"
ts14_environConseq = ts14_environEstab*ts14_establish+ts14_environSpread*ts14_spread
"ts14_healthEstab = Switch(ts14_LU,0,0,1,0,2,0,3,0,4,0,5,0,6,0,7,0,8,0,9,0,10,0,11,0,12,0)"
"ts14_healthSpread = Switch(ts14_LU,0,0,1,0,2,0,3,0,4,0,5,0,6,0,7,0,8,0,9,0,10,0,11,0,12,0)"
ts14_healthConseq = ts14_healthEstab*ts14_establish+ts14_healthSpread*ts14_spread
"ts14_socialEstab = Switch(ts14_LU,0,0,1,0,2,0,3,0,4,0,5,0,6,0,7,0,8,0,9,0,10,0,11,0,12,0)"
"ts14_socialSpread = Switch(ts14_LU,0,0,1,0,2,0,3,0,4,0,5,0,6,0,7,0,8,0,9,0,10,0,11,0,12,0)"
ts14_socialConseq = ts14_socialEstab*ts14_establish+ts14_socialSpread*ts14_spread
ts15_pestsPast = 0
ts15_LU = 0
"ts15_ls = Switch(ts15_LU,0,1,1,2,2,2,3,2,4,2,5,0,6,2,7,0,8,2,9,3,10,2,11,0,12,2)"
ts15_GS = 0
"ts15_EI = Uniform(0,100)"
"ts15_GI = Uniform(0,100)"
"ts15_CI = If(ts15_GS=1,ts15_GI,ts15_EI)"
"ts15_cs = If(ts15_CI>=20,3,If(ts15_CI>=5,2,If(ts15_CI>=0.5,1,0)))"
"ts15_hs = Min(ts15_cs,ts15_ls)"
"ts15_HMR = Switch(ts15_hs,0,1,1,0.15,2,0.1,3,0.05)"
ts15_pestsEntering = 0
ts15_pests = ts15_pestsPast*(1-ts15_HMR)+ts15_pestsEntering
ts15_establishPast = 0
"ts15_ER = Switch(ts15_hs,0,0,1,0.001,2,0.005,3,0.01)"
"ts15_EMR = Switch(ts15_hs,0,1,1,0.5,2,0.1,3,0)"
ts15_detectionRate = 0
ts15_treatmentRateForUndetected = 0
ts15_treatmentEfficacy = 0
ts15_eradEfficiacy = (ts15_detectionRate+(1-ts15_detectionRate)*ts15_treatmentRateForUndetected)*ts15_treatmentEfficacy
ts15_establish = ts15_establishPast*(1-ts15_eradEfficiacy)*(1-ts15_EMR)+(1-ts15_establishPast)*(1-(1-ts15_ER)^ts15_pests)
"ts15_SR = Switch(ts15_hs,0,0,1,0.25,2,0.5,3,0.9)"
ts15_spread = ts15_establish*ts15_SR
"ts15_econEstab = Switch(ts15_LU,0,0,1,0,2,0,3,0,4,0,5,0,6,0,7,0,8,0,9,0,10,0,11,0,12,0)"
"ts15_econSpread = Switch(ts15_LU,0,0,1,0,2,0,3,0,4,0,5,0,6,0,7,0,8,0,9,0,10,0,11,0,12,0)"
ts15_econConseq = ts15_econEstab*ts15_establish+ts15_econSpread*ts15_spread
"ts15_environEstab = Switch(ts15_LU,0,0,1,0,2,0,3,0,4,0,5,0,6,0,7,0,8,0,9,0,10,0,11,0,12,0)"
"ts15_environSpread = Switch(ts15_LU,0,0,1,0,2,0,3,0,4,0,5,0,6,0,7,0,8,0,9,0,10,0,11,0,12,0)"
ts15_environConseq = ts15_environEstab*ts15_establish+ts15_environSpread*ts15_spread
"ts15_healthEstab = Switch(ts15_LU,0,0,1,0,2,0,3,0,4,0,5,0,6,0,7,0,8,0,9,0,10,0,11,0,12,0)"
"ts15_healthSpread = Switch(ts15_LU,0,0,1,0,2,0,3,0,4,0,5,0,6,0,7,0,8,0,9,0,10,0,11,0,12,0)"
ts15_healthConseq = ts15_healthEstab*ts15_establish+ts15_healthSpread*ts15_spread
"ts15_socialEstab = Switch(ts15_LU,0,0,1,0,2,0,3,0,4,0,5,0,6,0,7,0,8,0,9,0,10,0,11,0,12,0)"
"ts15_socialSpread = Switch(ts15_LU,0,0,1,0,2,0,3,0,4,0,5,0,6,0,7,0,8,0,9,0,10,0,11,0,12,0)"
ts15_socialConseq = ts15_socialEstab*ts15_establish+ts15_socialSpread*ts15_spread
ts16_pestsPast = 0
ts16_LU = 0
"ts16_ls = Switch(ts16_LU,0,1,1,2,2,2,3,2,4,2,5,0,6,2,7,0,8,2,9,3,10,2,11,0,12,2)"
ts16_GS = 0
"ts16_EI = Uniform(0,100)"
"ts16_GI = Uniform(0,100)"
"ts16_CI = If(ts16_GS=1,ts16_GI,ts16_EI)"
"ts16_cs = If(ts16_CI>=20,3,If(ts16_CI>=5,2,If(ts16_CI>=0.5,1,0)))"
"ts16_hs = Min(ts16_cs,ts16_ls)"
"ts16_HMR = Switch(ts16_hs,0,1,1,0.15,2,0.1,3,0.05)"
ts16_pestsEntering = 0
ts16_pests = ts16_pestsPast*(1-ts16_HMR)+ts16_pestsEntering
ts16_establishPast = 0
"ts16_ER = Switch(ts16_hs,0,0,1,0.001,2,0.005,3,0.01)"
"ts16_EMR = Switch(ts16_hs,0,1,1,0.5,2,0.1,3,0)"
ts16_detectionRate = 0
ts16_treatmentRateForUndetected = 0
ts16_treatmentEfficacy = 0
ts16_eradEfficiacy = (ts16_detectionRate+(1-ts16_detectionRate)*ts16_treatmentRateForUndetected)*ts16_treatmentEfficacy
ts16_establish = ts16_establishPast*(1-ts16_eradEfficiacy)*(1-ts16_EMR)+(1-ts16_establishPast)*(1-(1-ts16_ER)^ts16_pests)
"ts16_SR = Switch(ts16_hs,0,0,1,0.25,2,0.5,3,0.9)"
ts16_spread = ts16_establish*ts16_SR
"ts16_econEstab = Switch(ts16_LU,0,0,1,0,2,0,3,0,4,0,5,0,6,0,7,0,8,0,9,0,10,0,11,0,12,0)"
"ts16_econSpread = Switch(ts16_LU,0,0,1,0,2,0,3,0,4,0,5,0,6,0,7,0,8,0,9,0,10,0,11,0,12,0)"
ts16_econConseq = ts16_econEstab*ts16_establish+ts16_econSpread*ts16_spread
"ts16_environEstab = Switch(ts16_LU,0,0,1,0,2,0,3,0,4,0,5,0,6,0,7,0,8,0,9,0,10,0,11,0,12,0)"
"ts16_environSpread = Switch(ts16_LU,0,0,1,0,2,0,3,0,4,0,5,0,6,0,7,0,8,0,9,0,10,0,11,0,12,0)"
ts16_environConseq = ts16_environEstab*ts16_establish+ts16_environSpread*ts16_spread
"ts16_healthEstab = Switch(ts16_LU,0,0,1,0,2,0,3,0,4,0,5,0,6,0,7,0,8,0,9,0,10,0,11,0,12,0)"
"ts16_healthSpread = Switch(ts16_LU,0,0,1,0,2,0,3,0,4,0,5,0,6,0,7,0,8,0,9,0,10,0,11,0,12,0)"
ts16_healthConseq = ts16_healthEstab*ts16_establish+ts16_healthSpread*ts16_spread
"ts16_socialEstab = Switch(ts16_LU,0,0,1,0,2,0,3,0,4,0,5,0,6,0,7,0,8,0,9,0,10,0,11,0,12,0)"
"ts16_socialSpread = Switch(ts16_LU,0,0,1,0,2,0,3,0,4,0,5,0,6,0,7,0,8,0,9,0,10,0,11,0,12,0)"
ts16_socialConseq = ts16_socialEstab*ts16_establish+ts16_socialSpread*ts16_spread
ts17_pestsPast = 0
ts17_LU = 0
"ts17_ls = Switch(ts17_LU,0,1,1,2,2,2,3,2,4,2,5,0,6,2,7,0,8,2,9,3,10,2,11,0,12,2)"
ts17_GS = 0
"ts17_EI = Uniform(0,100)"
"ts17_GI = Uniform(0,100)"
"ts17_CI = If(ts17_GS=1,ts17_GI,ts17_EI)"
"ts17_cs = If(ts17_CI>=20,3,If(ts17_CI>=5,2,If(ts17_CI>=0.5,1,0)))"
"ts17_hs = Min(ts17_cs,ts17_ls)"
"ts17_HMR = Switch(ts17_hs,0,1,1,0.15,2,0.1,3,0.05)"
ts17_pestsEntering = 0
ts17_pests = ts17_pestsPast*(1-ts17_HMR)+ts17_pestsEntering
ts17_establishPast = 0
"ts17_ER = Switch(ts17_hs,0,0,1,0.001,2,0.005,3,0.01)"
"ts17_EMR = Switch(ts17_hs,0,1,1,0.5,2,0.1,3,0)"
ts17_detectionRate = 0
ts17_treatmentRateForUndetected = 0
ts17_treatmentEfficacy = 0
ts17_eradEfficiacy = (ts17_detectionRate+(1-ts17_detectionRate)*ts17_treatmentRateForUndetected)*ts17_treatmentEfficacy
ts17_establish = ts17_establishPast*(1-ts17_eradEfficiacy)*(1-ts17_EMR)+(1-ts17_establishPast)*(1-(1-ts17_ER)^ts17_pests)
"ts17_SR = Switch(ts17_hs,0,0,1,0.25,2,0.5,3,0.9)"
ts17_spread = ts17_establish*ts17_SR
"ts17_econEstab = Switch(ts17_LU,0,0,1,0,2,0,3,0,4,0,5,0,6,0,7,0,8,0,9,0,10,0,11,0,12,0)"
"ts17_econSpread = Switch(ts17_LU,0,0,1,0,2,0,3,0,4,0,5,0,6,0,7,0,8,0,9,0,10,0,11,0,12,0)"
ts17_econConseq = ts17_econEstab*ts17_establish+ts17_econSpread*ts17_spread
"ts17_environEstab = Switch(ts17_LU,0,0,1,0,2,0,3,0,4,0,5,0,6,0,7,0,8,0,9,0,10,0,11,0,12,0)"
"ts17_environSpread = Switch(ts17_LU,0,0,1,0,2,0,3,0,4,0,5,0,6,0,7,0,8,0,9,0,10,0,11,0,12,0)"
ts17_environConseq = ts17_environEstab*ts17_establish+ts17_environSpread*ts17_spread
"ts17_healthEstab = Switch(ts17_LU,0,0,1,0,2,0,3,0,4,0,5,0,6,0,7,0,8,0,9,0,10,0,11,0,12,0)"
"ts17_healthSpread = Switch(ts17_LU,0,0,1,0,2,0,3,0,4,0,5,0,6,0,7,0,8,0,9,0,10,0,11,0,12,0)"
ts17_healthConseq = ts17_healthEstab*ts17_establish+ts17_healthSpread*ts17_spread
"ts17_socialEstab = Switch(ts17_LU,0,0,1,0,2,0,3,0,4,0,5,0,6,0,7,0,8,0,9,0,10,0,11,0,12,0)"
"ts17_socialSpread = Switch(ts17_LU,0,0,1,0,2,0,3,0,4,0,5,0,6,0,7,0,8,0,9,0,10,0,11,0,12,0)"
ts17_socialConseq = ts17_socialEstab*ts17_establish+ts17_socialSpread*ts17_spread
ts18_pestsPast = 0
ts18_LU = 0
"ts18_ls = Switch(ts18_LU,0,1,1,2,2,2,3,2,4,2,5,0,6,2,7,0,8,2,9,3,10,2,11,0,12,2)"
ts18_GS = 0
"ts18_EI = Uniform(0,100)"
"ts18_GI = Uniform(0,100)"
"ts18_CI = If(ts18_GS=1,ts18_GI,ts18_EI)"
"ts18_cs = If(ts18_CI>=20,3,If(ts18_CI>=5,2,If(ts18_CI>=0.5,1,0)))"
"ts18_hs = Min(ts18_cs,ts18_ls)"
"ts18_HMR = Switch(ts18_hs,0,1,1,0.15,2,0.1,3,0.05)"
ts18_pestsEntering = 0
ts18_pests = ts18_pestsPast*(1-ts18_HMR)+ts18_pestsEntering
ts18_establishPast = 0
"ts18_ER = Switch(ts18_hs,0,0,1,0.001,2,0.005,3,0.01)"
"ts18_EMR = Switch(ts18_hs,0,1,1,0.5,2,0.1,3,0)"
ts18_detectionRate = 0
ts18_treatmentRateForUndetected = 0
ts18_treatmentEfficacy = 0
ts18_eradEfficiacy = (ts18_detectionRate+(1-ts18_detectionRate)*ts18_treatmentRateForUndetected)*ts18_treatmentEfficacy
ts18_establish = ts18_establishPast*(1-ts18_eradEfficiacy)*(1-ts18_EMR)+(1-ts18_establishPast)*(1-(1-ts18_ER)^ts18_pests)
"ts18_SR = Switch(ts18_hs,0,0,1,0.25,2,0.5,3,0.9)"
ts18_spread = ts18_establish*ts18_SR
"ts18_econEstab = Switch(ts18_LU,0,0,1,0,2,0,3,0,4,0,5,0,6,0,7,0,8,0,9,0,10,0,11,0,12,0)"
"ts18_econSpread = Switch(ts18_LU,0,0,1,0,2,0,3,0,4,0,5,0,6,0,7,0,8,0,9,0,10,0,11,0,12,0)"
ts18_econConseq = ts18_econEstab*ts18_establish+ts18_econSpread*ts18_spread
"ts18_environEstab = Switch(ts18_LU,0,0,1,0,2,0,3,0,4,0,5,0,6,0,7,0,8,0,9,0,10,0,11,0,12,0)"
"ts18_environSpread = Switch(ts18_LU,0,0,1,0,2,0,3,0,4,0,5,0,6,0,7,0,8,0,9,0,10,0,11,0,12,0)"
ts18_environConseq = ts18_environEstab*ts18_establish+ts18_environSpread*ts18_spread
"ts18_healthEstab = Switch(ts18_LU,0,0,1,0,2,0,3,0,4,0,5,0,6,0,7,0,8,0,9,0,10,0,11,0,12,0)"
"ts18_healthSpread = Switch(ts18_LU,0,0,1,0,2,0,3,0,4,0,5,0,6,0,7,0,8,0,9,0,10,0,11,0,12,0)"
ts18_healthConseq = ts18_healthEstab*ts18_establish+ts18_healthSpread*ts18_spread
"ts18_socialEstab = Switch(ts18_LU,0,0,1,0,2,0,3,0,4,0,5,0,6,0,7,0,8,0,9,0,10,0,11,0,12,0)"
"ts18_socialSpread = Switch(ts18_LU,0,0,1,0,2,0,3,0,4,0,5,0,6,0,7,0,8,0,9,0,10,0,11,0,12,0)"
ts18_socialConseq = ts18_socialEstab*ts18_establish+ts18_socialSpread*ts18_spread
ts19_pestsPast = 0
ts19_LU = 0
"ts19_ls = Switch(ts19_LU,0,1,1,2,2,2,3,2,4,2,5,0,6,2,7,0,8,2,9,3,10,2,11,0,12,2)"
ts19_GS = 0
"ts19_EI = Uniform(0,100)"
"ts19_GI = Uniform(0,100)"
"ts19_CI = If(ts19_GS=1,ts19_GI,ts19_EI)"
"ts19_cs = If(ts19_CI>=20,3,If(ts19_CI>=5,2,If(ts19_CI>=0.5,1,0)))"
"ts19_hs = Min(ts19_cs,ts19_ls)"
"ts19_HMR = Switch(ts19_hs,0,1,1,0.15,2,0.1,3,0.05)"
ts19_pestsEntering = 0
ts19_pests = ts19_pestsPast*(1-ts19_HMR)+ts19_pestsEntering
ts19_establishPast = 0
"ts19_ER = Switch(ts19_hs,0,0,1,0.001,2,0.005,3,0.01)"
"ts19_EMR = Switch(ts19_hs,0,1,1,0.5,2,0.1,3,0)"
ts19_detectionRate = 0
ts19_treatmentRateForUndetected = 0
ts19_treatmentEfficacy = 0
ts19_eradEfficiacy = (ts19_detectionRate+(1-ts19_detectionRate)*ts19_treatmentRateForUndetected)*ts19_treatmentEfficacy
ts19_establish = ts19_establishPast*(1-ts19_eradEfficiacy)*(1-ts19_EMR)+(1-ts19_establishPast)*(1-(1-ts19_ER)^ts19_pests)
"ts19_SR = Switch(ts19_hs,0,0,1,0.25,2,0.5,3,0.9)"
ts19_spread = ts19_establish*ts19_SR
"ts19_econEstab = Switch(ts19_LU,0,0,1,0,2,0,3,0,4,0,5,0,6,0,7,0,8,0,9,0,10,0,11,0,12,0)"
"ts19_econSpread = Switch(ts19_LU,0,0,1,0,2,0,3,0,4,0,5,0,6,0,7,0,8,0,9,0,10,0,11,0,12,0)"
ts19_econConseq = ts19_econEstab*ts19_establish+ts19_econSpread*ts19_spread
"ts19_environEstab = Switch(ts19_LU,0,0,1,0,2,0,3,0,4,0,5,0,6,0,7,0,8,0,9,0,10,0,11,0,12,0)"
"ts19_environSpread = Switch(ts19_LU,0,0,1,0,2,0,3,0,4,0,5,0,6,0,7,0,8,0,9,0,10,0,11,0,12,0)"
ts19_environConseq = ts19_environEstab*ts19_establish+ts19_environSpread*ts19_spread
"ts19_healthEstab = Switch(ts19_LU,0,0,1,0,2,0,3,0,4,0,5,0,6,0,7,0,8,0,9,0,10,0,11,0,12,0)"
"ts19_healthSpread = Switch(ts19_LU,0,0,1,0,2,0,3,0,4,0,5,0,6,0,7,0,8,0,9,0,10,0,11,0,12,0)"
ts19_healthConseq = ts19_healthEstab*ts19_establish+ts19_healthSpread*ts19_spread
"ts19_socialEstab = Switch(ts19_LU,0,0,1,0,2,0,3,0,4,0,5,0,6,0,7,0,8,0,9,0,10,0,11,0,12,0)"
"ts19_socialSpread = Switch(ts19_LU,0,0,1,0,2,0,3,0,4,0,5,0,6,0,7,0,8,0,9,0,10,0,11,0,12,0)"
ts19_socialConseq = ts19_socialEstab*ts19_establish+ts19_socialSpread*ts19_spread
ts20_pestsPast = 0
ts20_LU = 0
"ts20_ls = Switch(ts20_LU,0,1,1,2,2,2,3,2,4,2,5,0,6,2,7,0,8,2,9,3,10,2,11,0,12,2)"
ts20_GS = 0
"ts20_EI = Uniform(0,100)"
"ts20_GI = Uniform(0,100)"
"ts20_CI = If(ts20_GS=1,ts20_GI,ts20_EI)"
"ts20_cs = If(ts20_CI>=20,3,If(ts20_CI>=5,2,If(ts20_CI>=0.5,1,0)))"
"ts20_hs = Min(ts20_cs,ts20_ls)"
"ts20_HMR = Switch(ts20_hs,0,1,1,0.15,2,0.1,3,0.05)"
ts20_pestsEntering = 0
ts20_pests = ts20_pestsPast*(1-ts20_HMR)+ts20_pestsEntering
ts20_establishPast = 0
"ts20_ER = Switch(ts20_hs,0,0,1,0.001,2,0.005,3,0.01)"
"ts20_EMR = Switch(ts20_hs,0,1,1,0.5,2,0.1,3,0)"
ts20_detectionRate = 0
ts20_treatmentRateForUndetected = 0
ts20_treatmentEfficacy = 0
ts20_eradEfficiacy = (ts20_detectionRate+(1-ts20_detectionRate)*ts20_treatmentRateForUndetected)*ts20_treatmentEfficacy
ts20_establish = ts20_establishPast*(1-ts20_eradEfficiacy)*(1-ts20_EMR)+(1-ts20_establishPast)*(1-(1-ts20_ER)^ts20_pests)
"ts20_SR = Switch(ts20_hs,0,0,1,0.25,2,0.5,3,0.9)"
ts20_spread = ts20_establish*ts20_SR
"ts20_econEstab = Switch(ts20_LU,0,0,1,0,2,0,3,0,4,0,5,0,6,0,7,0,8,0,9,0,10,0,11,0,12,0)"
"ts20_econSpread = Switch(ts20_LU,0,0,1,0,2,0,3,0,4,0,5,0,6,0,7,0,8,0,9,0,10,0,11,0,12,0)"
ts20_econConseq = ts20_econEstab*ts20_establish+ts20_econSpread*ts20_spread
"ts20_environEstab = Switch(ts20_LU,0,0,1,0,2,0,3,0,4,0,5,0,6,0,7,0,8,0,9,0,10,0,11,0,12,0)"
"ts20_environSpread = Switch(ts20_LU,0,0,1,0,2,0,3,0,4,0,5,0,6,0,7,0,8,0,9,0,10,0,11,0,12,0)"
ts20_environConseq = ts20_environEstab*ts20_establish+ts20_environSpread*ts20_spread
"ts20_healthEstab = Switch(ts20_LU,0,0,1,0,2,0,3,0,4,0,5,0,6,0,7,0,8,0,9,0,10,0,11,0,12,0)"
"ts20_healthSpread = Switch(ts20_LU,0,0,1,0,2,0,3,0,4,0,5,0,6,0,7,0,8,0,9,0,10,0,11,0,12,0)"
ts20_healthConseq = ts20_healthEstab*ts20_establish+ts20_healthSpread*ts20_spread
"ts20_socialEstab = Switch(ts20_LU,0,0,1,0,2,0,3,0,4,0,5,0,6,0,7,0,8,0,9,0,10,0,11,0,12,0)"
"ts20_socialSpread = Switch(ts20_LU,0,0,1,0,2,0,3,0,4,0,5,0,6,0,7,0,8,0,9,0,10,0,11,0,12,0)"
ts20_socialConseq = ts20_socialEstab*ts20_establish+ts20_socialSpread*ts20_spread
ts21_pestsPast = 0
ts21_LU = 0
"ts21_ls = Switch(ts21_LU,0,1,1,2,2,2,3,2,4,2,5,0,6,2,7,0,8,2,9,3,10,2,11,0,12,2)"
ts21_GS = 0
"ts21_EI = Uniform(0,100)"
"ts21_GI = Uniform(0,100)"
"ts21_CI = If(ts21_GS=1,ts21_GI,ts21_EI)"
"ts21_cs = If(ts21_CI>=20,3,If(ts21_CI>=5,2,If(ts21_CI>=0.5,1,0)))"
"ts21_hs = Min(ts21_cs,ts21_ls)"
"ts21_HMR = Switch(ts21_hs,0,1,1,0.15,2,0.1,3,0.05)"
ts21_pestsEntering = 0
ts21_pests = ts21_pestsPast*(1-ts21_HMR)+ts21_pestsEntering
ts21_establishPast = 0
"ts21_ER = Switch(ts21_hs,0,0,1,0.001,2,0.005,3,0.01)"
"ts21_EMR = Switch(ts21_hs,0,1,1,0.5,2,0.1,3,0)"
ts21_detectionRate = 0
ts21_treatmentRateForUndetected = 0
ts21_treatmentEfficacy = 0
ts21_eradEfficiacy = (ts21_detectionRate+(1-ts21_detectionRate)*ts21_treatmentRateForUndetected)*ts21_treatmentEfficacy
ts21_establish = ts21_establishPast*(1-ts21_eradEfficiacy)*(1-ts21_EMR)+(1-ts21_establishPast)*(1-(1-ts21_ER)^ts21_pests)
"ts21_SR = Switch(ts21_hs,0,0,1,0.25,2,0.5,3,0.9)"
ts21_spread = ts21_establish*ts21_SR
"ts21_econEstab = Switch(ts21_LU,0,0,1,0,2,0,3,0,4,0,5,0,6,0,7,0,8,0,9,0,10,0,11,0,12,0)"
"ts21_econSpread = Switch(ts21_LU,0,0,1,0,2,0,3,0,4,0,5,0,6,0,7,0,8,0,9,0,10,0,11,0,12,0)"
ts21_econConseq = ts21_econEstab*ts21_establish+ts21_econSpread*ts21_spread
"ts21_environEstab = Switch(ts21_LU,0,0,1,0,2,0,3,0,4,0,5,0,6,0,7,0,8,0,9,0,10,0,11,0,12,0)"
"ts21_environSpread = Switch(ts21_LU,0,0,1,0,2,0,3,0,4,0,5,0,6,0,7,0,8,0,9,0,10,0,11,0,12,0)"
ts21_environConseq = ts21_environEstab*ts21_establish+ts21_environSpread*ts21_spread
"ts21_healthEstab = Switch(ts21_LU,0,0,1,0,2,0,3,0,4,0,5,0,6,0,7,0,8,0,9,0,10,0,11,0,12,0)"
"ts21_healthSpread = Switch(ts21_LU,0,0,1,0,2,0,3,0,4,0,5,0,6,0,7,0,8,0,9,0,10,0,11,0,12,0)"
ts21_healthConseq = ts21_healthEstab*ts21_establish+ts21_healthSpread*ts21_spread
"ts21_socialEstab = Switch(ts21_LU,0,0,1,0,2,0,3,0,4,0,5,0,6,0,7,0,8,0,9,0,10,0,11,0,12,0)"
"ts21_socialSpread = Switch(ts21_LU,0,0,1,0,2,0,3,0,4,0,5,0,6,0,7,0,8,0,9,0,10,0,11,0,12,0)"
ts21_socialConseq = ts21_socialEstab*ts21_establish+ts21_socialSpread*ts21_spread
ts22_pestsPast = 0
ts22_LU = 0
"ts22_ls = Switch(ts22_LU,0,1,1,2,2,2,3,2,4,2,5,0,6,2,7,0,8,2,9,3,10,2,11,0,12,2)"
ts22_GS = 0
"ts22_EI = Uniform(0,100)"
"ts22_GI = Uniform(0,100)"
"ts22_CI = If(ts22_GS=1,ts22_GI,ts22_EI)"
"ts22_cs = If(ts22_CI>=20,3,If(ts22_CI>=5,2,If(ts22_CI>=0.5,1,0)))"
"ts22_hs = Min(ts22_cs,ts22_ls)"
"ts22_HMR = Switch(ts22_hs,0,1,1,0.15,2,0.1,3,0.05)"
ts22_pestsEntering = 0
ts22_pests = ts22_pestsPast*(1-ts22_HMR)+ts22_pestsEntering
ts22_establishPast = 0
"ts22_ER = Switch(ts22_hs,0,0,1,0.001,2,0.005,3,0.01)"
"ts22_EMR = Switch(ts22_hs,0,1,1,0.5,2,0.1,3,0)"
ts22_detectionRate = 0
ts22_treatmentRateForUndetected = 0
ts22_treatmentEfficacy = 0
ts22_eradEfficiacy = (ts22_detectionRate+(1-ts22_detectionRate)*ts22_treatmentRateForUndetected)*ts22_treatmentEfficacy
ts22_establish = ts22_establishPast*(1-ts22_eradEfficiacy)*(1-ts22_EMR)+(1-ts22_establishPast)*(1-(1-ts22_ER)^ts22_pests)
"ts22_SR = Switch(ts22_hs,0,0,1,0.25,2,0.5,3,0.9)"
ts22_spread = ts22_establish*ts22_SR
"ts22_econEstab = Switch(ts22_LU,0,0,1,0,2,0,3,0,4,0,5,0,6,0,7,0,8,0,9,0,10,0,11,0,12,0)"
"ts22_econSpread = Switch(ts22_LU,0,0,1,0,2,0,3,0,4,0,5,0,6,0,7,0,8,0,9,0,10,0,11,0,12,0)"
ts22_econConseq = ts22_econEstab*ts22_establish+ts22_econSpread*ts22_spread
"ts22_environEstab = Switch(ts22_LU,0,0,1,0,2,0,3,0,4,0,5,0,6,0,7,0,8,0,9,0,10,0,11,0,12,0)"
"ts22_environSpread = Switch(ts22_LU,0,0,1,0,2,0,3,0,4,0,5,0,6,0,7,0,8,0,9,0,10,0,11,0,12,0)"
ts22_environConseq = ts22_environEstab*ts22_establish+ts22_environSpread*ts22_spread
"ts22_healthEstab = Switch(ts22_LU,0,0,1,0,2,0,3,0,4,0,5,0,6,0,7,0,8,0,9,0,10,0,11,0,12,0)"
"ts22_healthSpread = Switch(ts22_LU,0,0,1,0,2,0,3,0,4,0,5,0,6,0,7,0,8,0,9,0,10,0,11,0,12,0)"
ts22_healthConseq = ts22_healthEstab*ts22_establish+ts22_healthSpread*ts22_spread
"ts22_socialEstab = Switch(ts22_LU,0,0,1,0,2,0,3,0,4,0,5,0,6,0,7,0,8,0,9,0,10,0,11,0,12,0)"
"ts22_socialSpread = Switch(ts22_LU,0,0,1,0,2,0,3,0,4,0,5,0,6,0,7,0,8,0,9,0,10,0,11,0,12,0)"
ts22_socialConseq = ts22_socialEstab*ts22_establish+ts22_socialSpread*ts22_spread
ts23_pestsPast = 0
ts23_LU = 0
"ts23_ls = Switch(ts23_LU,0,1,1,2,2,2,3,2,4,2,5,0,6,2,7,0,8,2,9,3,10,2,11,0,12,2)"
ts23_GS = 0
"ts23_EI = Uniform(0,100)"
"ts23_GI = Uniform(0,100)"
"ts23_CI = If(ts23_GS=1,ts23_GI,ts23_EI)"
"ts23_cs = If(ts23_CI>=20,3,If(ts23_CI>=5,2,If(ts23_CI>=0.5,1,0)))"
"ts23_hs = Min(ts23_cs,ts23_ls)"
"ts23_HMR = Switch(ts23_hs,0,1,1,0.15,2,0.1,3,0.05)"
ts23_pestsEntering = 0
ts23_pests = ts23_pestsPast*(1-ts23_HMR)+ts23_pestsEntering
ts23_establishPast = 0
"ts23_ER = Switch(ts23_hs,0,0,1,0.001,2,0.005,3,0.01)"
"ts23_EMR = Switch(ts23_hs,0,1,1,0.5,2,0.1,3,0)"
ts23_detectionRate = 0
ts23_treatmentRateForUndetected = 0
ts23_treatmentEfficacy = 0
ts23_eradEfficiacy = (ts23_detectionRate+(1-ts23_detectionRate)*ts23_treatmentRateForUndetected)*ts23_treatmentEfficacy
ts23_establish = ts23_establishPast*(1-ts23_eradEfficiacy)*(1-ts23_EMR)+(1-ts23_establishPast)*(1-(1-ts23_ER)^ts23_pests)
"ts23_SR = Switch(ts23_hs,0,0,1,0.25,2,0.5,3,0.9)"
ts23_spread = ts23_establish*ts23_SR
"ts23_econEstab = Switch(ts23_LU,0,0,1,0,2,0,3,0,4,0,5,0,6,0,7,0,8,0,9,0,10,0,11,0,12,0)"
"ts23_econSpread = Switch(ts23_LU,0,0,1,0,2,0,3,0,4,0,5,0,6,0,7,0,8,0,9,0,10,0,11,0,12,0)"
ts23_econConseq = ts23_econEstab*ts23_establish+ts23_econSpread*ts23_spread
"ts23_environEstab = Switch(ts23_LU,0,0,1,0,2,0,3,0,4,0,5,0,6,0,7,0,8,0,9,0,10,0,11,0,12,0)"
"ts23_environSpread = Switch(ts23_LU,0,0,1,0,2,0,3,0,4,0,5,0,6,0,7,0,8,0,9,0,10,0,11,0,12,0)"
ts23_environConseq = ts23_environEstab*ts23_establish+ts23_environSpread*ts23_spread
"ts23_healthEstab = Switch(ts23_LU,0,0,1,0,2,0,3,0,4,0,5,0,6,0,7,0,8,0,9,0,10,0,11,0,12,0)"
"ts23_healthSpread = Switch(ts23_LU,0,0,1,0,2,0,3,0,4,0,5,0,6,0,7,0,8,0,9,0,10,0,11,0,12,0)"
ts23_healthConseq = ts23_healthEstab*ts23_establish+ts23_healthSpread*ts23_spread
"ts23_socialEstab = Switch(ts23_LU,0,0,1,0,2,0,3,0,4,0,5,0,6,0,7,0,8,0,9,0,10,0,11,0,12,0)"
"ts23_socialSpread = Switch(ts23_LU,0,0,1,0,2,0,3,0,4,0,5,0,6,0,7,0,8,0,9,0,10,0,11,0,12,0)"
ts23_socialConseq = ts23_socialEstab*ts23_establish+ts23_socialSpread*ts23_spread
