Code,AU2013_NAM,area,area_sqkm
500100,Awanui,988237,0.9882367000
500202,Karikari Peninsula-Maungataniwha,784396389,784.3963890000
500203,Taipa Bay-Mangonui,5544810,5.5448101600
500204,Herekino,391067946,391.0679460000
500205,Ahipara,7999534,7.9995339400
500206,North Cape,626034160,626.0341590000
500207,Houhora,199042469,199.0424690000
500208,Motutangi-Kareponia,296615210,296.6152100000
500301,Kaitaia West,4546838,4.5468378400
500302,Kaitaia East,3931444,3.9314438100
500401,Kaeo,21242637,21.2426366000
500402,Mangapa-Matauri Bay,627876878,627.8768770000
500500,Kohukohu,4266260,4.2662598500
500600,Rawene,2147605,2.1476054200
500700,Omapere and Opononi,1180697,1.1806970000
500801,Hokianga North,816005804,816.0058030000
500802,Hokianga South,778276966,778.2769660000
500900,Kerikeri,34714057,34.7140570000
501000,Russell,4386221,4.3862211100
501100,Paihia,4638260,4.6382602600
501200,Haruru Falls,1527915,1.5279150100
501300,Opua East,757705,0.7577052200
501400,Kawakawa,2262327,2.2623268900
501500,Moerewa,8534319,8.5343192000
501612,Opua West,1973819,1.9738190400
501614,Kapiro,136670959,136.6709590000
501615,Waitangi,71048481,71.0484814000
501620,Pokere-Waihaha,664372732,664.3727310000
501631,Okaihau,46216820,46.2168201000
501632,Ohaeawai,60131515,60.1315150000
501633,Waihou Valley-Hupara,416534362,416.5343620000
501634,Ngapuhi-Kaikou,658924022,658.9240210000
501700,Kaikohe,6620480,6.6204796200
501802,Opouteke-Tanekaha,796975305,796.9753050000
501806,Marsden Point-Ruakaka,24916124,24.9161236000
501807,Ngunguru,17676573,17.6765730000
501809,Wharekohe-Oakleigh,287707784,287.7077830000
501810,Maungatapere,34294861,34.2948613000
501811,Waiotira-Springfield,342192893,342.1928930000
501814,Punaruku-Kiripaka,604266140,604.2661400000
501815,Bream Bay,168533609,168.5336080000
501816,Waipu,67404213,67.4042130000
501817,Pataua-Whareora,111133549,111.1335490000
501818,Parua Bay,41403057,41.4030565000
501819,Bream Head,74166632,74.1666320000
502001,Springs Flat,19819351,19.8193513000
502002,Three Mile Bush,11035214,11.0352135000
502003,Te Hihi,10405581,10.4055806000
502004,Abbey Caves,18276924,18.2769244000
502005,Otaika-Portland,29880373,29.8803728000
502101,Kamo West,1929061,1.9290613800
502102,Kamo East,2237280,2.2372798000
502201,Tikipunga West,3393109,3.3931090500
502202,Tikipunga East,2422538,2.4225376700
502300,Whau Valley,1302222,1.3022220400
502400,Otangarei,1082587,1.0825874800
502500,Western Hills,1414029,1.4140293800
502600,Kensington,950669,0.9506690800
502700,Mairtown,969281,0.9692811100
502800,Regent,1134227,1.1342267300
502900,Woodhill,1083439,1.0834387900
503000,Vinetown,761262,0.7612624300
503100,Whangarei Central,1618317,1.6183166500
503200,Riverside,1044428,1.0444279000
503300,Horahora,2206779,2.2067791300
503400,Maunu,1682923,1.6829225200
503500,Raumanga East,940590,0.9405897500
503600,Morningside,1634084,1.6340837600
503700,Parahaki,2616502,2.6165019200
503800,Raumanga West,3506805,3.5068054100
503900,Port-Limeburners,7366629,7.3666288600
504000,Sherwood Rise,2879140,2.8791398800
504100,Onerahi,2203570,2.2035704500
504300,Hikurangi,5384423,5.3844231000
504400,Te Kopuru,2630442,2.6304424500
504501,Kaipara Coastal,1221250709,1221.2507000000
504502,Maungaru,716139033,716.1390330000
504600,Dargaville,12591618,12.5916178000
504700,Maungaturoto,3191101,3.1911008500
504800,Ruawai,3203236,3.2032358500
504900,Kaiwaka,7718759,7.7187593200
505010,Rehia-Oneriri,1103277270,1103.2772600000
505021,Mangawhai,32786786,32.7867864000
505022,Mangawhai Heads,5925661,5.9256612000
505300,Wellsford,5752804,5.7528040300
505400,Leigh,747658,0.7476577200
505500,Warkworth,7442105,7.4421048400
505601,Waimauku,3229315,3.2293148500
505602,Huapai,6933942,6.9339423300
505603,Riverhead Urban,3251953,3.2519527200
505604,Kumeu East,13310918,13.3109179000
505605,Kumeu West,24388774,24.3887736000
505700,Waipareira West,13851091,13.8510907000
505803,Waiwera,1412489,1.4124890300
505804,Hatfields Beach,908810,0.9088097800
505805,Orewa,4229672,4.2296718300
505806,Silverdale Central,6969911,6.9699112600
505807,Red Beach West,1474125,1.4741252300
505808,Red Beach East,1591252,1.5912519200
505902,Manly,3188301,3.1883012200
505904,Army Bay,10714963,10.7149629000
505906,Vipond,1508913,1.5089132900
505907,Stanmore Bay West,986287,0.9862865500
505908,Stanmore Bay East,1338076,1.3380759000
505909,Wade Heads,3691171,3.6911714800
505910,Gulf Harbour,3846249,3.8462494400
506001,Weiti River,2242226,2.2422263300
506002,Stillwater,437638,0.4376375300
506003,Silverdale South,26848272,26.8482721000
506201,Silverdale North,28977346,28.9773456000
506202,Orewa West,4847610,4.8476095800
506300,Dairy Flat-Redvale,27442051,27.4420506000
506400,Paremoremo West,8376606,8.3766061500
506613,Tauhoa-Puhoi,592452191,592.4521910000
506614,Tahekeroa,164534672,164.5346720000
506616,Matheson Bay,368257,0.3682572700
506620,Kawau,21554026,21.5540259000
506631,Snells Beach,12905778,12.9057779000
506633,Algies Bay,3452498,3.4524984200
506634,Mahurangi,11955567,11.9555670000
506642,South Head,308579397,308.5793970000
506644,Parakai Rural,16922361,16.9223605000
506645,Parakai Urban,1939800,1.9397997000
506646,Kaukapakapa Rural,123767528,123.7675270000
506647,Kaukapakapa,3233180,3.2331800900
506648,Helensville South,16050102,16.0501024000
506652,Rewiti,77800070,77.8000702000
506653,Riverhead,123331499,123.3314990000
506654,Muriwai Beach,3012224,3.0122244400
506655,Muriwai Valley,32680068,32.6800682000
506656,Waitakere West,20151693,20.1516928000
506657,Point Wells,537267,0.5372667800
506658,Omaha,4851300,4.8513001700
506659,Matakana,888383,0.8883832400
506660,Cape Rodney,420243105,420.2431040000
506661,Cape Rodney South,182479239,182.4792380000
506800,Helensville,5487697,5.4876974000
506901,Awaruku,1339117,1.3391169800
506902,Glamorgan,1021343,1.0213428600
506903,Torbay,1686582,1.6865823000
507000,Waiake,1429495,1.4294948200
507101,Browns Bay,1663848,1.6638478200
507102,Oaktree,1432726,1.4327258000
507200,Rothesay Bay,1714529,1.7145290000
507300,Murrays Bay,1649959,1.6499586800
507400,Mairangi Bay,1726596,1.7265962900
507500,Campbells Bay,1707174,1.7071744900
507710,Castor Bay,1081529,1.0815293700
507720,Crown Hill,930330,0.9303302000
507800,Lake Pupuke,1748093,1.7480931100
507900,Westlake,3659617,3.6596169100
508010,Takapuna Central,2290688,2.2906877900
508020,Hauraki,1761597,1.7615971300
508110,Seacliffe,1364271,1.3642707700
508120,Bayswater,974235,0.9742346100
508210,Kaipatiki,1489824,1.4898238200
508220,Windy Ridge,1830254,1.8302539800
508310,Glenfield Central,1383267,1.3832665700
508320,Glenfield North,2030801,2.0308006800
508411,Glendhu,2113960,2.1139596500
508412,Witheford,1009795,1.0097953400
508420,Target Road,2427493,2.4274933200
508510,Forrest Hill,1719785,1.7197848500
508520,Sunnynook,2017589,2.0175892500
508610,Monarch Park,1574114,1.5741136600
508620,Sunnybrae,1334145,1.3341454100
508701,Albany,7784459,7.7844594200
508703,Fairview,1602002,1.6020018400
508704,Northcross,1299976,1.2999757900
508803,Unsworth Heights,1808671,1.8086705300
508804,Pinehill,1634114,1.6341142200
508805,Windsor Park,2686022,2.6860215500
508806,North Harbour West,2881303,2.8813029500
508807,North Harbour East,5162599,5.1625985300
508900,Long Bay,10454082,10.4540824000
509000,Paremoremo East,13755512,13.7555118000
509100,Greenhithe,9126668,9.1266684400
509300,Narrow Neck,1733004,1.7330038400
509400,Mt Victoria,1841499,1.8414992500
509500,Stanley Bay,1057760,1.0577600800
509701,Ocean View,1382022,1.3820223100
509702,Tuff Crater,2027212,2.0272121800
509800,Northcote South,1762409,1.7624091600
510010,Beachhaven North,1808367,1.8083667400
510020,Beachhaven South,1860355,1.8603549700
510210,Birkdale North,1006760,1.0067602000
510220,Birkdale South,1383620,1.3836203800
510401,Kauri Park,1895198,1.8951979500
510402,Chelsea,3275853,3.2758525200
510500,Birkenhead East,1622914,1.6229141100
510700,Henderson North,2058295,2.0582953100
510800,Henderson South,3121686,3.1216855400
511001,Tangutu,1244765,1.2447650300
511002,Woodglen,1427180,1.4271798300
511100,Glen Eden East,2507777,2.5077771700
511301,New Lynn North,670681,0.6706812100
511302,New Lynn South,689273,0.6892725900
511303,Lynnmall,1705487,1.7054866600
511401,Fruitvale,1296173,1.2961727000
511402,Rewarewa,1317585,1.3175850800
511601,Glendene North,1465703,1.4657031800
511602,Glendene South,1098542,1.0985420900
511700,Kelston Central,1580185,1.5801854700
511800,Sunnyvale,2661410,2.6614104500
511901,Kaurilands,1507520,1.5075195200
511902,Crum Park,1992874,1.9928735400
512000,Titirangi South,4295066,4.2950658500
512100,Green Bay,2168384,2.1683843000
512201,Matipo,1108540,1.1085400400
512202,Durham Green,1607756,1.6077563200
512300,Te Atatu Central,2744630,2.7446302900
512401,Edmonton,1064468,1.0644682100
512402,Wakeling,1362892,1.3628922100
512500,Mcleod,2080223,2.0802226100
512600,Konini,1971782,1.9717817400
512700,Waima,3497220,3.4972201700
512801,Laingholm,4333966,4.3339657500
512802,Armour Bay,1478669,1.4786685700
512902,Otimai,16806393,16.8063931000
512903,Parrs Park West,712464,0.7124644800
512904,Parrs Park,580410,0.5804101300
512905,Oratia West,793034,0.7930335000
512906,Oratia,1059968,1.0599678700
513011,Henderson West,730030,0.7300297500
513012,Palm Heights,1339938,1.3399384800
513013,McLaren Park,775358,0.7753583700
513020,Opanuku,22604861,22.6048611000
513101,Swanson,2527342,2.5273416400
513102,Swanson South,8588537,8.5885369200
513211,Urlich,633656,0.6336563200
513212,Starling Park,755813,0.7558127000
513213,Ranui Domain,849498,0.8494983600
513214,Ranui South,986888,0.9868883100
513220,Sturges North,3758503,3.7585025700
513301,Kingdale,2718243,2.7182425100
513302,Fairdene,1916123,1.9161230600
513410,Whenuapai West,17573261,17.5732606000
513420,Herald,1909355,1.9093545800
513431,Hobsonville East,5853352,5.8533518500
513432,Hobsonville South,856943,0.8569426200
513511,Westgate,1095557,1.0955570900
513512,Royal Road West,896515,0.8965151700
513521,West Harbour,1651393,1.6513932400
513522,Lucken Point,1868859,1.8688585200
513530,Royal Heights,2467769,2.4677685600
513610,Massey West,2917112,2.9171120600
513621,Birdwood West,5117309,5.1173094800
513622,Birdwood East,1749578,1.7495779300
513631,Waimumu North,1728120,1.7281201800
513632,Waimumu South,1316490,1.3164895500
513701,Taupaki,14409316,14.4093157000
513702,Waitakere,13996094,13.9960937000
513800,Karekare,184047951,184.0479510000
514000,Freemans Bay,1001983,1.0019827600
514101,Auckland Harbourside,1887951,1.8879508200
514102,Auckland Central West,1166702,1.1667015500
514103,Auckland Central East,925695,0.9256949000
514200,Newton,432385,0.4323851600
514301,Grafton West,528216,0.5282162200
514302,Grafton East,397292,0.3972915700
514401,Roberton,1458484,1.4584840400
514402,Glenavon,1733929,1.7339292800
514500,New Windsor,1815634,1.8156339400
514600,Avondale South,1454301,1.4543010300
514700,Blockhouse Bay,2450203,2.4502034600
514801,Rosebank,3576593,3.5765931200
514802,Avondale West,1592276,1.5922758500
514900,Waterview,1118426,1.1184255400
515001,Point Chevalier West,1255683,1.2556831000
515002,Point Chevalier East,1460323,1.4603229600
515003,Point Chevalier South,1285696,1.2856958100
515100,Westmere,2112168,2.1121677900
515201,Herne Bay,819959,0.8199589300
515202,St Marys,940938,0.9409375400
515301,Ponsonby West,707155,0.7071554800
515302,Ponsonby East,716360,0.7163601300
515410,Grey Lynn West,831412,0.8314123100
515420,Grey Lynn East,784805,0.7848052600
515431,Surrey Crescent,1222617,1.2226168700
515432,St Lukes North,200629,0.2006289400
515500,Arch Hill,498770,0.4987699000
515600,Eden Terrace,468088,0.4680875300
515700,Epsom North,1373782,1.3737819100
515801,Epsom Central,1105854,1.1058542100
515802,Epsom South,951367,0.9513667300
515901,Parnell East,883205,0.8832053900
515902,Parnell West,2108363,2.1083631200
516001,Mt Hobson,903481,0.9034814300
516002,Remuera South,1121417,1.1214173500
516003,Abbotts Park,1879209,1.8792085000
516101,Remuera West,914771,0.9147714700
516102,Waitaramoa,1562024,1.5620244600
516201,Orakei South,1354739,1.3547385000
516202,Waiata,1371180,1.3711799700
516301,Meadowbank North,2266449,2.2664490100
516302,Meadowbank South,2502074,2.5020738100
516400,Orakei North,3032958,3.0329575900
516500,Mission Bay,2130646,2.1306455600
516601,Kohimarama West,1074238,1.0742375100
516602,Kohimarama East,1306844,1.3068444400
516700,St Heliers,1822291,1.8222914600
516800,Glendowie,2040952,2.0409523300
516900,Glen Innes North,2479850,2.4798503300
517001,Glen Innes West,1800977,1.8009766100
517002,Glen Innes East,1133237,1.1332369800
517100,Point England,1492606,1.4926063600
517201,St Johns,901436,0.9014362200
517202,Stonefields,1062007,1.0620073600
517400,Newmarket,728716,0.7287156000
517500,Kingsland,1260310,1.2603097600
517600,St Lukes,1179313,1.1793132100
517701,Sandringham North,819610,0.8196095400
517702,Sandringham West,1055818,1.0558180400
517703,Sandringham East,715288,0.7152883900
517800,Mt Albert Central,1935872,1.9358719600
517901,Springleigh,1063041,1.0630410900
517902,Owairaka West,819152,0.8191521900
517903,Owairaka East,1192564,1.1925636300
518101,Mt Eden North,903833,0.9038334700
518102,Sherbourne,860785,0.8607850300
518201,Balmoral,1397902,1.3979022700
518202,Mt Eden East,738554,0.7385542200
518301,Maungawhau,1011036,1.0110357200
518302,Mt Eden South,1105923,1.1059229300
518500,Three Kings,1814836,1.8148362200
518600,Royal Oak,1558150,1.5581500200
518701,Hillsborough West,2030006,2.0300062400
518702,Hillsborough East,2162192,2.1621916100
518801,Walmsley,1149762,1.1497618300
518802,Wesley,1180938,1.1809382600
518803,Akarana,2101812,2.1018123000
518901,Lynfield North,2064103,2.0641030100
518902,Lynfield South,1729537,1.7295368300
519001,Waikowhai West,1425996,1.4259958500
519002,Waikowhai East,1408093,1.4080925600
519200,Mt St John,1317613,1.3176132700
519300,One Tree Hill Central,3057945,3.0579450600
519400,One Tree Hill East,1604422,1.6044218100
519500,Penrose,4276091,4.2760905400
519710,Onehunga North West,802816,0.8028157700
519720,Onehunga North East,870947,0.8709474300
519810,Onehunga South West,1692637,1.6926371700
519820,Onehunga South East,1570182,1.5701821800
519900,Oranga,908734,0.9087338600
520000,Te Papapa,2524823,2.5248231700
520201,Ellerslie North,1717252,1.7172516900
520202,Ellerslie South,1349197,1.3491972300
520301,Mt Wellington Domain,2393344,2.3933437600
520302,Mt Wellington West,980325,0.9803254400
520303,Mt Wellington North,1018094,1.0180944700
520401,Ferndale,1645542,1.6455421200
520402,Hamlin,1364976,1.3649761200
520500,Mt Wellington South,6726694,6.7266941700
520601,Tamaki,1509718,1.5097183900
520602,Panmure Basin,1067207,1.0672065200
520801,Waiheke Island,91978436,91.9784363000
520900,Islands-Motutapu Rangitoto Rakino,62185495,62.1854953000
521000,Great Barrier Island,277162098,277.1620980000
521111,Paerata-Cape Hill,11668993,11.6689927000
521112,Eden Road-Hill Top,11812273,11.8122726000
521114,Redoubt,8314912,8.3149115200
521115,Opuawhanga,10741209,10.7412091000
521116,Buckland,769934,0.7699344100
521117,Buckland South,19835332,19.8353316000
521121,Patumahoe,48964922,48.9649215000
521122,Kingseat,151474272,151.4742710000
521131,Pokeno,53625922,53.6259219000
521132,Hunua,171823227,171.8232270000
521134,Paparata,22432751,22.4327509000
521135,Mangatawhiri,313364435,313.3644340000
521136,Kaiaua,81332165,81.3321650000
521151,Awhitu,221324998,221.3249980000
521152,Glenbrook,52953472,52.9534716000
521153,Otaua,175080722,175.0807210000
521160,Bombay,14625618,14.6256181000
521201,Hingaia,7438914,7.4389139400
521202,Whangapouri Creek,15644527,15.6445274000
521203,Bremner,6643529,6.6435286800
521301,Drury,53009209,53.0092086000
521302,Runciman,7686858,7.6868583800
521501,Mellons Bay,1428190,1.4281898900
521502,Cockle Bay,1960895,1.9608949000
521601,Howick West,788915,0.7889154300
521602,Howick Central,1833275,1.8332747700
521801,Otahuhu North,664102,0.6641022500
521802,Fairburn,899687,0.8996866300
521803,Otahuhu East,782939,0.7829390000
521901,Otahuhu West,2438953,2.4389531200
521902,Middlemore,706865,0.7068650000
522100,Papatoetoe West,1433610,1.4336096000
522201,Papatoetoe North,1393759,1.3937591300
522202,Papatoetoe Central,1420642,1.4206423700
522301,Dingwall,1078656,1.0786560800
522302,Papatoetoe East,1465452,1.4654516300
522400,Puhinui North,1001569,1.0015690700
522601,Bucklands and Eastern Beaches,2564521,2.5645211200
522603,Bleakhouse,784947,0.7849471500
522604,Bucklands Beach South,921136,0.9211363300
522711,Pigeon Mountain North,993513,0.9935134600
522712,Murvale,1120443,1.1204432800
522721,Pigeon Mountain South,429493,0.4294930100
522722,Highland Park,1351417,1.3514165000
522723,Elsmore Park,1790966,1.7909660700
522730,Half Moon Bay,1248821,1.2488209900
522810,Pakuranga North,1450958,1.4509575000
522820,Sunnyhills,1626619,1.6266190300
522910,Pakuranga Central,1256075,1.2560749300
522920,Edgewater,1505692,1.5056921800
523000,Pakuranga East,1490160,1.4901597400
523101,Howick South,1523818,1.5238178600
523102,Meadowland,1842302,1.8423017400
523105,Golfland,1431923,1.4319231500
523106,Millhouse,1616718,1.6167182300
523107,Burswood,783443,0.7834425000
523109,Dannemora,1421077,1.4210770700
523110,Kilkenny,1155672,1.1556716200
523112,Highbrook,5504680,5.5046796200
523113,Greenmount,3817054,3.8170539000
523114,Point View,4488546,4.4885455500
523115,Baverstock Oaks,1727567,1.7275668000
523116,Mission Heights,831615,0.8316153400
523201,Shelly Park,999176,0.9991756200
523202,Turanga,56466957,56.4669567000
523300,Beachlands-Maraetai,15758178,15.7581778000
523402,Otara West,1540756,1.5407556000
523403,Wymondley,351541,0.3515405900
523404,Grange,1062512,1.0625118100
523501,Otara North,1209870,1.2098697700
523502,Otara East,1181187,1.1811872000
523601,Otara South,801973,0.8019734300
523602,Ferguson,986980,0.9869797300
523711,Rongomai,2854671,2.8546706200
523712,Donegal Park,3447922,3.4479219200
523713,Ormiston,9707511,9.7075109600
523721,Clover Park,922066,0.9220664700
523722,Redoubt North,1547089,1.5470887300
523813,Ardmore,25789351,25.7893513000
523814,Totara Heights,2689458,2.6894583900
523816,Randwick Park,948214,0.9482140400
523817,Hyperion,503050,0.5030504600
523818,Redoubt East,5970166,5.9701664400
523819,Mill Road,1574489,1.5744891500
523820,Redoubt South,3915047,3.9150466200
523911,Takanini North,4925649,4.9256489700
523912,Takanini South,5088384,5.0883843600
523920,Takanini West,2353774,2.3537736400
524001,Ambury,3114881,3.1148810800
524002,Mangere Bridge,3314672,3.3146717900
524111,Mangere Central,986418,0.9864177800
524112,Mascot,1242518,1.2425182700
524121,Arahanga,716234,0.7162343100
524122,Viscount,942502,0.9425019300
524200,Mangere South,28236942,28.2369417000
524301,Mangere East,1728057,1.7280574900
524302,Aorere,1274874,1.2748739100
524303,Kohuora,1858942,1.8589415800
524402,Mangere Station,1869838,1.8698376700
524403,Favona West,859360,0.8593598800
524404,Favona North,1108839,1.1088386100
524405,Favona South,635650,0.6356501500
524510,Harania North,944368,0.9443682100
524520,Harania West,1113756,1.1137559600
524530,Harania East,1059902,1.0599015200
524602,Wiri,3440294,3.4402944000
524603,Puhinui South,1656932,1.6569323500
524604,Manukau Central,16380753,16.3807529000
524711,Burbank,648528,0.6485283200
524712,Homai West,479148,0.4791483100
524713,Rowandale,689549,0.6895489500
524720,Homai East,1647687,1.6476870900
524811,Weymouth West,1221558,1.2215575400
524812,Weymouth East,1610441,1.6104414400
524821,Clendon North,749282,0.7492824300
524822,Clendon South,1056555,1.0565548400
524901,Hillpark,1862225,1.8622253500
524902,Manurewa East,828549,0.8285493900
525001,Manurewa Central,1239013,1.2390125000
525002,Beaumont,899003,0.8990028000
525101,Leabank,1946388,1.9463879900
525102,Wattle Farm,3144016,3.1440160200
525201,Clevedon,183723291,183.7232900000
525202,Kawakawa-Orere,105215854,105.2158530000
525410,Papakura Central,1072049,1.0720489200
525420,Papakura North,1157326,1.1573258700
525510,Papakura South,1956850,1.9568504500
525520,Opaheke,1108622,1.1086217400
525530,Rosehill,1360200,1.3601997700
525540,Pahurehure,1207285,1.2072851500
525610,Papakura East,1646454,1.6464537200
525620,Massey Park,711192,0.7111921200
525630,Papakura North East,1380599,1.3805989200
525700,Red Hill,1728793,1.7287927000
525910,Pukekohe North,5222028,5.2220276700
525921,Pukekohe West,4428514,4.4285137400
525922,Bledisloe Park,9643336,9.6433355500
526103,Waiuku West,2198494,2.1984943200
526104,Waiuku East,3158584,3.1585838400
526105,South Waiuku,2247469,2.2474687100
526106,Pukeoware,7710044,7.7100442400
526200,Tuakau,4657858,4.6578584600
526400,Rotowaro,1270743,1.2707432600
526500,Raglan,5645884,5.6458842900
526601,Waikato Western Hills,503558698,503.5586970000
526602,Te Uku,462050591,462.0505900000
526603,Te Pahu,158151884,158.1518830000
526701,Onewhero,736023352,736.0233520000
526702,Te Akau,525489542,525.4895420000
526900,Te Kauwhata,5469622,5.4696221500
527004,Matangi,22554288,22.5542882000
527005,Sylvester,3208448,3.2084480100
527006,Flagstaff,2001061,2.0010610700
527007,Horsham Downs,4025405,4.0254051900
527008,Rototuna,1486139,1.4861385100
527009,Huntington,3738489,3.7384889400
527111,Whitikahu,304392801,304.3928010000
527112,Taupiri Community,1731027,1.7310273000
527122,Gordonton,42880982,42.8809816000
527123,Kainui,109206998,109.2069970000
527124,Newstead,8225653,8.2256525400
527125,Eureka,122157055,122.1570540000
527131,Tamahere-Tauwhare,130004353,130.0043520000
527133,Hautapu,48940977,48.9409771000
527134,Swayne,1260075,1.2600754400
527210,Waerenga,458014069,458.0140680000
527221,Maramarua,267092422,267.0924210000
527222,Meremere,569472,0.5694724600
527401,Huntly West,7334424,7.3344242700
527402,Huntly East,39876887,39.8768872000
527501,Cambridge North,1811529,1.8115285600
527502,Cambridge West,2399115,2.3991154300
527503,Cambridge Central,2535572,2.5355720000
527504,Leamington West,3926301,3.9263012800
527505,Leamington East,2892518,2.8925178800
527600,Ohaupo,1887691,1.8876913700
527700,Kihikihi,2104412,2.1044120000
527810,Peacocke,7541272,7.5412718000
527820,Temple View,4221598,4.2215978800
527912,Te Kowhai,34194948,34.1949476000
527913,Whatawhata,58130270,58.1302698000
527914,Ngahinapouri,132917836,132.9178350000
527915,Lake Cameron,36842044,36.8420441000
527916,Horotiu,14186319,14.1863192000
527917,Te Rapa North,3883467,3.8834665100
527921,Te Rore,38577705,38.5777054000
527922,Pirongia,28963193,28.9631933000
527923,Pokuru,57361589,57.3615894000
527924,Lake Ngaroto,38111256,38.1112556000
527925,Tokanui,23704527,23.7045267000
527931,Pukerimu,19420520,19.4205202000
527932,Kaipaki,52604747,52.6047473000
527934,Rotoorangi,229982292,229.9822910000
527935,Te Rahu,37577751,37.5777511000
527936,Kihikihi Flat,18321022,18.3210219000
527937,Allen Road,11603673,11.6036731000
528000,Rotongata,211525262,211.5252620000
528200,Ngaruawahia,7590998,7.5909984400
528310,Bryant,2897467,2.8974668300
528320,Pukete,1091685,1.0916847300
528402,Pukete West,839317,0.8393171000
528403,Te Rapa,6002608,6.0026077000
528405,Burbush,6373695,6.3736952200
528406,Rotokauri,4324432,4.3244321700
528501,Nawton,1726131,1.7261307800
528503,Crawshaw,836626,0.8366260000
528504,Grandview,917424,0.9174243200
528505,Brymer,997548,0.9975479700
528601,Dinsdale North,1464122,1.4641216600
528602,Dinsdale South,1564659,1.5646588500
528700,Beerescourt,1414701,1.4147012800
528800,Maeroa,1414152,1.4141515000
528900,Frankton Junction,3103450,3.1034499000
529000,Swarbrick,1559793,1.5597928900
529100,Hamilton Lake,3587884,3.5878835300
529200,Melville,1852683,1.8526825200
529300,Glenview,2433531,2.4335307000
529401,Queenwood,1859294,1.8592939200
529402,Chedworth,1659485,1.6594849200
529501,Porritt,1131343,1.1313430500
529502,Insoll,762506,0.7625057400
529503,Fairview Downs,1152721,1.1527212500
529600,Chartwell,1594485,1.5944853900
529700,Hamilton Central,2696954,2.6969540400
529800,Clarkin,1285482,1.2854822300
529900,Claudelands,1235634,1.2356339500
530000,Enderley,1576689,1.5766890100
530100,Peachgrove,1488399,1.4883987000
530200,Hamilton East,1584662,1.5846622700
530300,Naylor,2354849,2.3548494300
530400,Bader,1832965,1.8329645300
530500,University,1839378,1.8393778400
530600,Silverdale,1106655,1.1066547500
530700,Hillcrest West,1137828,1.1378277400
530800,Riverlea,1739589,1.7395886100
531001,Te Awamutu West,990038,0.9900384600
531002,Te Awamutu Central,2239068,2.2390678200
531003,Te Awamutu East,3506293,3.5062933800
531004,Te Awamutu South,1886855,1.8868546000
531100,Kawhia Community,918373,0.9183726200
531200,Otorohanga,3935394,3.9353939700
531301,Otorohanga Rural West,735340484,735.3404840000
531303,Te Kawa,54826041,54.8260410000
531304,Otorohanga Rural East,1204025534,1204.0255300000
531500,Piopio,1682404,1.6824040200
531600,Taharoa,68450076,68.4500761000
531710,Mahoenui,733671951,733.6719510000
531720,Marokopa,1233764611,1233.7646100000
531731,Waipa Valley,477675782,477.6757820000
531732,Tiroa,182329733,182.3297330000
531800,Mokauiti,831641607,831.6416070000
532000,Te Kuiti,5573941,5.5739414500
532200,Omori,3389214,3.3892135400
532300,Owhango,926114,0.9261139900
532400,Ohura,3245247,3.2452466100
532501,Ngapuke,1285105340,1285.1053400000
532502,Kuratau,452852572,452.8525710000
532601,Raurimu,1366363205,1366.3632000000
532602,National Park,891858,0.8918575100
532700,Otangiwai-Heao,1345667844,1345.6678400000
532901,Tarrangower,3171408,3.1714076200
532902,Taumarunui Central,6878608,6.8786081700
532903,Sunshine-Hospital Hill,5150935,5.1509347400
532904,Manunui,5039511,5.0395114200
533000,Whitianga,24676990,24.6769899000
533100,Coromandel,19569182,19.5691815000
533200,Te Rerenga,1107356858,1107.3568500000
533300,Whangamata,7810411,7.8104106600
533400,Tairua,5024438,5.0244376800
533501,Moanataiari,6949539,6.9495393800
533502,Parawai,9537169,9.5371690700
533602,Pauanui Beach,5705597,5.7055965400
533603,Hikuai,988397824,988.3978240000
533604,Te Puru-Thornton Bay,22161735,22.1617347000
533800,Ngatea,1726688,1.7266880400
533901,Hauraki Plains,503594178,503.5941770000
533902,Turua,90707984,90.7079842000
533903,Kerepehi,7807420,7.8074202600
534100,Waihi Beach,39166896,39.1668958000
534200,Ohinemuri,562403755,562.4037540000
534300,Paeroa,12378031,12.3780308000
534400,Waihi,10075104,10.0751036000
534500,Tahuroa,321089199,321.0891980000
534602,Waitoa,5869976,5.8699764800
534603,Springdale,434497388,434.4973870000
534604,Waihou-Walton,516058890,516.0588890000
534800,Te Aroha,11588624,11.5886238000
534901,Morrinsville West,3458033,3.4580328000
534902,Morrinsville East,4322596,4.3225963100
535000,Waharoa,528267,0.5282673000
535100,Tirau,896388,0.8963875000
535211,Mangakaretu,10251143,10.2511432000
535212,Kinleith,19551744,19.5517438000
535220,Okauia,209026573,209.0265720000
535231,Te Poi,127920013,127.9200120000
535232,Tapapa,368115338,368.1153380000
535241,Karapiro,298146706,298.1467050000
535242,Hinuera,114806257,114.8062570000
535250,Arapuni,312848514,312.8485140000
535261,Lichfield,327803400,327.8034000000
535262,Wawa,762070754,762.0707540000
535310,Paraonui,2022938,2.0229383800
535320,Parkdale,1185890,1.1858903500
535330,Matarawa,1962157,1.9621572400
535340,Stanley Park,1154711,1.1547114800
535350,Tokoroa Central,1527726,1.5277257700
535360,Aotea,2481053,2.4810530300
535370,Strathmore,1514220,1.5142201200
535380,Amisfield,1315172,1.3151716200
535501,Matamata North,2013985,2.0139850600
535502,Matamata South,4279807,4.2798067700
535600,Putaruru,4300831,4.3008312500
535700,Athenree,1878154,1.8781541800
535800,Katikati Community,8786687,8.7866873200
535900,Maketu Community,5154973,5.1549727700
536000,Omokoroa,7495008,7.4950075300
536201,Papamoa Beach East,1857385,1.8573854200
536202,Palm Springs,14970325,14.9703245000
536203,Doncaster,2443015,2.4430149300
536400,Island View-Pios Beach,2624252,2.6242522900
536503,Te Puna,22334527,22.3345273000
536505,Matapihi,3879816,3.8798161900
536508,Inlet-Tauranga Harbour,33180,0.0331799500
536510,Motuopae Island,34966,0.0349655300
536512,Kairua,8809047,8.8090465900
536513,Bethlehem East,1814690,1.8146902000
536514,Bethlehem,16878872,16.8788722000
536515,Pacific View,1523515,1.5235148300
536516,Palm Beach,2143429,2.1434289900
536517,Gravatt,2856165,2.8561654000
536611,Matakana Island,64557385,64.5573850000
536613,Inlet-Tauranga Harbour North,711009,0.7110091700
536614,Tahawai,82115576,82.1155764000
536615,Aongatete,165442180,165.4421800000
536620,Minden,197975467,197.9754660000
536630,Kaimai,527799908,527.7999070000
536641,Ohauiti-Ngapeke,20159553,20.1595529000
536642,Upper Papamoa,180171477,180.1714770000
536651,Paengaroa,12800370,12.8003699000
536653,Rangiuru,209846513,209.8465120000
536654,Pongakawa,385338929,385.3389280000
536810,Mt Maunganui North,2762577,2.7625770000
536821,Omanu,8729974,8.7299739100
536831,Arataki,3213141,3.2131412600
536832,Te Maunga,4864403,4.8644033700
537000,Matua,2444419,2.4444189400
537100,Bellevue,1715270,1.7152696800
537201,Otumoetai North,1720537,1.7205371400
537202,Otumoetai South,1600140,1.6001398000
537301,Brookfield,2308643,2.3086431000
537302,Te Reti,1718609,1.7186094700
537400,Judea,1209111,1.2091109400
537500,Gate Pa,1870489,1.8704889400
537601,Greerton,4321339,4.3213388500
537602,Pyes Pa,9966571,9.9665705400
537700,Yatton Park,992594,0.9925939500
537800,Poike,1298464,1.2984640800
537900,Hairini,6097107,6.0971073700
538000,Maungatapu,1661677,1.6616770800
538101,Tauranga Hospital,1655107,1.6551074200
538102,Tauranga South,2385296,2.3852955200
538201,Tauranga Central,2089036,2.0890364500
538202,Sulphur Point,1225897,1.2258967500
538301,Kaitemako,3743863,3.7438625300
538302,Welcome Bay West,1938040,1.9380402400
538303,Welcome Bay East,5975299,5.9752993300
538501,Te Puke West,9477550,9.4775499400
538502,Te Puke East,6845988,6.8459878800
538601,Ngongotaha North,6641150,6.6411504200
538602,Ngongotaha South,8017585,8.0175850300
538721,Poets Corner,94019,0.0940190900
538722,Ngapuna,12173406,12.1734058000
538731,Owhata South,233992,0.2339915900
538732,Lynmore,6645711,6.6457112300
538741,Owhata West,5502912,5.5029117500
538742,Owhata East,19594408,19.5944080000
538811,Hamurana,212015752,212.0157520000
538812,Inland Water-Lake Rotorua,81043736,81.0437357000
538820,Tikitere,531773588,531.7735880000
538831,Kaingaroa Forest,11285307,11.2853074000
538832,Tarawera,508345628,508.3456280000
538841,Golden Springs,443304499,443.3044990000
538842,Reporoa,55494770,55.4947700000
538850,Ngakuru,446353635,446.3536340000
538861,Arahiwi,62819859,62.8198585000
538863,Waiwhero,174685313,174.6853120000
538864,Mamaku,2684344,2.6843444500
539000,Selwyn Heights,896587,0.8965873600
539100,Western Heights,2238070,2.2380702600
539200,Fairy Springs,1882168,1.8821676200
539310,Pukehangi North,1001833,1.0018326200
539320,Pukehangi South,1804971,1.8049711400
539400,Mangakakahi,2430072,2.4300718100
539500,Sunnybrook,1484125,1.4841253600
539600,Fordlands,774799,0.7747988200
539700,Utuhina,671376,0.6713759700
539800,Pomare,1368087,1.3680874700
539900,Hillcrest,774479,0.7744793100
540000,Springfield,3467985,3.4679854300
540100,Kawaha Point,1031508,1.0315077600
540200,Koutu,1110034,1.1100344600
540300,Ohinemutu,196490,0.1964899400
540410,Kuirau,2487372,2.4873717100
540420,Victoria,1663386,1.6633862000
540510,Glenholme East,864821,0.8648208100
540520,Glenholme West,855532,0.8555322600
540600,Fenton,1354043,1.3540429700
540700,Whaka,2017280,2.0172796500
540900,Mangakino,3901521,3.9015214700
541000,Turangi,9720342,9.7203415600
541311,Acacia Bay,7159683,7.1596830300
541312,Wairakei-Aratiatia,69898876,69.8988760000
541313,Maunganamu,19465225,19.4652246000
541315,Taupo East,7289992,7.2899920600
541316,Wharewaka,3203604,3.2036036100
541317,Rangatira Park,2040079,2.0400785300
541318,Rangatira,3831029,3.8310289500
541319,Lakewood,2747792,2.7477917400
541320,Marotiri,1004326695,1004.3266900000
541333,Kinloch,5608506,5.6085059700
541334,Tatua,226023093,226.0230930000
541335,Oruanui,448958292,448.9582910000
541342,Rangitaiki,996245381,996.2453800000
541344,Broadlands,637840071,637.8400700000
541345,Waitahanui,14717796,14.7177964000
541346,Tongariro,515431497,515.4314960000
541347,Motuoapa,3336167,3.3361665200
541348,Tokaanu,34206071,34.2060712000
541501,Rangipo,1027670134,1027.6701300000
541502,Te More,47922782,47.9227816000
541503,Taharua,784634121,784.6341200000
541710,Nukuhau,891690,0.8916899100
541720,Taupo Central,2931481,2.9314813200
541730,Tauhara,5337357,5.3373572400
541740,Hilltop,3138446,3.1384458100
541750,Waipahihi,2556416,2.5564157300
541760,Richmond Heights,2081322,2.0813223600
541900,Ohope,6332315,6.3323147100
542000,Matata,754293,0.7542934000
542100,Taneatua,686219,0.6862193600
542200,Edgecumbe,1869231,1.8692305600
542300,Te Teko,4022310,4.0223102700
542410,Whakatane North,2401723,2.4017228200
542421,Coastlands,4256946,4.2569455700
542422,Whakatane West,1840656,1.8406555000
542430,Trident,1829951,1.8299505400
542440,Allandale-Mokorua,3406808,3.4068080900
542511,Orini,10706318,10.7063177000
542514,Maraetotara,28077924,28.0779237000
542520,Poroporo,18906310,18.9063100000
542530,Otakiri,480027021,480.0270210000
542540,Rotoma,337922065,337.9220640000
542550,Matahina-Minginui,2039300435,2039.3004300000
542561,Waimana,55783094,55.7830943000
542562,Urewera,1445998975,1445.9989700000
542600,Kawerau,23631319,23.6313194000
542700,Murupara,5968788,5.9687879500
542800,Opotiki,4977572,4.9775724100
542901,Te Kaha,16173640,16.1736396000
542903,Cape Runaway,1552348653,1552.3486500000
542904,Oponae,1255449745,1255.4497400000
542906,Waiotahi,260284855,260.2848540000
543301,East Cape,-1497173256,2797.7940400000
543302,Ruatoria,21587263,21.5872631000
543303,Tokomaru Bay,10114093,10.1140929000
543601,Tarndale-Rakauroa,-1642093944,2652.8733500000
543602,Te Karaka,2913580,2.9135798700
543800,Patutahi,5443051,5.4430505300
543901,Makaraka,20296605,20.2966053000
543902,Matokitoki,23120939,23.1209392000
543903,Wainui,14287965,14.2879652000
544001,Wharekaka,1292634626,1292.6346200000
544002,Tiniroto,1457255599,1457.2555900000
544003,Manutuke,30628175,30.6281746000
544004,Tolaga Bay,29270519,29.2705189000
544200,Mangapapa,3122146,3.1221464000
544300,Te Hapara,2692133,2.6921332900
544400,Gisborne Airport,5224603,5.2246033000
544500,Whataupoko,3334344,3.3343442900
544600,Gisborne Central,3448817,3.4488174600
544701,Kaiti North,1328080,1.3280797000
544702,Outer Kaiti,1453966,1.4539660200
544801,Kaiti South,3852006,3.8520058400
544802,Tamarau,1128861,1.1288606300
544900,Riverdale,2015685,2.0156846900
545201,Tuai,28978354,28.9783543000
545202,Frasertown,8578832,8.5788316800
545204,Ruakituri-Morere,1551844767,1551.8447600000
545205,Maungataniwha,1418062712,1418.0627100000
545206,Inland Water-Lake Waikaremoana,53144007,53.1440067000
545301,Raupunga,633852508,633.8525070000
545302,Whakaki,180462669,180.4626690000
545303,Nuhaka,24370963,24.3709633000
545304,Mahia,224217762,224.2177620000
545500,Wairoa,6630518,6.6305176500
545611,Bay View,29234031,29.2340309000
545621,Poraiti,18580714,18.5807140000
545631,Meeanee,21050712,21.0507122000
545632,Awatoto,3508266,3.5082660600
545710,Twyford,30334916,30.3349161000
545721,Karamu,13294806,13.2948063000
545722,Whakatu,10749854,10.7498536000
545730,Clive,7255539,7.2555389800
545740,Haumoana,25030197,25.0301974000
545750,Brookvale,13613523,13.6135229000
545761,Irongate,8839540,8.8395397700
545762,Longlands South,10597031,10.5970311000
545811,Tangoio,310452555,310.4525540000
545812,Eskdale,26081437,26.0814374000
545821,Sherenden-Puketapu,659673083,659.6730820000
545822,Omahu,12195079,12.1950788000
545831,Waiohiki,8422368,8.4223678100
545832,Pakowhai,25599599,25.5995994000
545841,Maraekakaho,366298745,366.2987450000
545842,Bridge Pa,27142901,27.1429010000
545851,Poukawa,356555102,356.5551010000
545852,Pakipaki,16608916,16.6089157000
545860,Waimarama,338488860,338.4888590000
545911,Tutira,1263784611,1263.7846100000
545912,Puketitiri,974600991,974.6009910000
545913,Whanawhana,672322192,672.3221920000
546100,Westshore,1046088,1.0460882600
546200,Ahuriri,1094978,1.0949784300
546300,Onekawa Central,676914,0.6769141500
546400,Onekawa West,3703472,3.7034717500
546500,Onekawa South,1707503,1.7075030300
546600,Marewa,2194833,2.1948325500
546700,Maraenui,1052253,1.0522528000
546801,Hospital Hill,1571781,1.5717808900
546802,Bluff Hill,1993979,1.9939790800
546901,Nelson Park,1406632,1.4066319700
546902,Mclean Park,1078814,1.0788137100
547001,Tamatea North,969639,0.9696388200
547002,Tamatea South,954922,0.9549223900
547100,Greenmeadows,3264138,3.2641381100
547200,Taradale North,2317909,2.3179093100
547300,Taradale South,6792247,6.7922473600
547400,Pirimai,1290147,1.2901466300
547600,Mahora,1549717,1.5497172600
547700,St Leonards,1232448,1.2324476500
547800,Frimley,1633853,1.6338529000
547900,Raureka,1936424,1.9364235100
548000,Mayfair,1595880,1.5958801100
548100,Parkvale,1390825,1.3908249800
548200,Hastings Central,2314097,2.3140966200
548300,Akina,1744267,1.7442672400
548400,Woolwich,784046,0.7840458700
548500,Camberley,1102593,1.1025927700
548611,Kingsley-Chatham,2163649,2.1636493800
548612,Lochain,1002164,1.0021642200
548620,Flaxmere East,1659075,1.6590754100
548810,Anderson Park,673146,0.6731463800
548821,Iona,2585551,2.5855506800
548822,Havelock Hills,13685154,13.6851541000
548831,Te Mata,2099214,2.0992135000
548832,Havelock North Central,1817625,1.8176251300
548833,Te Mata Hills,7411324,7.4113243100
549000,Takapau,2839919,2.8399193800
549100,Waipawa,6944302,6.9443020500
549200,Tikokino,1336229586,1336.2295800000
549400,Otane,854117,0.8541165000
549500,Waipukurau,7822874,7.8228742100
549601,Porangahau,22386438,22.3864383000
549602,Elsthorpe-Flemington,1955987596,1955.9875900000
549800,Norsewood-Herbertville,1446004099,1446.0040900000
549901,Owahanga,733326197,733.3261960000
549902,Mara,69093113,69.0931131000
550101,Dannevirke West,2074086,2.0740855800
550102,Dannevirke East,3403488,3.4034880300
550200,Papatawa,416747990,416.7479900000
550500,Woodville,4039749,4.0397492100
550600,Urenui,3654731,3.6547314000
550700,Okoki-Okau,1098292481,1098.2924800000
550800,Oakura,1516496,1.5164964000
550901,Bell Block,5169092,5.1690924400
550902,Paraite,4587664,4.5876639600
551012,Glen Avon,5204318,5.2043176100
551013,Bowden,13257595,13.2575951000
551014,Mangaoraka,16697365,16.6973649000
551021,Carrington,12228518,12.2285175000
551022,Highlands Park,3242721,3.2427205900
551023,Fernleigh,1019655,1.0196546800
551024,Barrett,2277838,2.2778380400
551030,Omata,17902315,17.9023148000
551111,Lepperton,102120991,102.1209900000
551112,Kaitake,358154139,358.1541380000
551120,Okato,1024714,1.0247141400
551301,Waitara West,3662968,3.6629681800
551302,Waitara East,2274447,2.2744466800
551400,Moturoa,4649740,4.6497402000
551501,Lynmouth,1131068,1.1310684200
551502,Spotswood,1331533,1.3315334600
551503,Marfell,1071275,1.0712750300
551600,Upper Westown,833264,0.8332636400
551700,Westown,1956132,1.9561319300
551800,New Plymouth Central,1040675,1.0406748100
551900,Kawaroa,900511,0.9005111100
552001,Mount Bryan,594650,0.5946500300
552002,Marsland Hill,874535,0.8745348800
552100,Fitzroy,2864709,2.8647088400
552200,Welbourn,1913846,1.9138460200
552300,Merrilands,1711172,1.7111717200
552400,Frankleigh,2154110,2.1541097900
552500,Struan Park,2835079,2.8350794000
552701,Egmont Village,20597719,20.5977189000
552702,Kaimata,503673509,503.6735080000
552800,Inglewood,2944435,2.9444352300
552900,Midhirst,1546617,1.5466173000
553001,Whangamomona,689591168,689.5911670000
553002,Douglas,1051425417,1051.4254100000
553003,Toko,187478126,187.4781250000
553004,Pembroke,224831024,224.8310230000
553101,Stratford West,4096479,4.0964793800
553102,Stratford East,4441353,4.4413525900
553200,Opunake,3729234,3.7292336400
553301,Rahotu,27801428,27.8014284000
553302,Kahui,612879164,612.8791630000
553400,Kaponga,2256606,2.2566061700
553500,Mangatoki-Moeroa,529280762,529.2807620000
553601,Eltham,6624039,6.6240391900
553700,Kapuni,213851731,213.8517310000
553800,Manaia,2106116,2.1061155800
553900,Normanby,1064546,1.0645459600
554010,Hawera North,3745129,3.7451291800
554020,Hawera South,3001028,3.0010281900
554111,Ohawe Beach,34710866,34.7108663000
554113,Tawhiti,37125079,37.1250792000
554114,Waingongoro,32465349,32.4653485000
554115,Hawera West,2539782,2.5397819500
554120,Ohangai,331781345,331.7813440000
554130,Okaiawa,62159272,62.1592723000
554300,Waitotara,248721,0.2487213100
554400,Whenuakura,893081576,893.0815750000
554500,Makakaho,766219660,766.2196590000
554700,Patea,6153445,6.1534448200
554800,Waverley,2275850,2.2758496300
554900,Tangiwai,-1601390835,2693.5764600000
555000,Ohakune,8470524,8.4705239700
555100,Raetihi,3882536,3.8825355400
555200,Otamatea,1270072,1.2700716500
555300,Blueskin,47131174,47.1311735000
555400,Maxwell,1044805796,1044.8057900000
555700,Castlecliff North,3383288,3.3832877800
555800,Castlecliff South,1817228,1.8172275300
555900,Mosston,2056988,2.0569882900
556000,Balgownie,3305366,3.3053660700
556100,Tawhero,1060602,1.0606016100
556200,Gonville South,1973767,1.9737668600
556300,Gonville East,857730,0.8577302400
556400,Gonville West,738386,0.7383862800
556500,Springvale West,569828,0.5698283700
556600,Springvale East,933265,0.9332646600
556700,Wanganui Collegiate,1414026,1.4140261500
556800,Laird Park,1295455,1.2954553000
556900,Wanganui Central,663433,0.6634331400
557000,Spriggens Park,981199,0.9811987600
557100,Cooks Gardens,1273842,1.2738421400
557200,St Johns Hill,1773945,1.7739446100
557300,Lower Aramoho,2327021,2.3270208500
557400,Upper Aramoho,1561632,1.5616317900
557500,Williams Domain,1260731,1.2607305500
557600,Wembley Park,1546925,1.5469247200
557700,Kowhai Park,1494899,1.4948994700
557800,Bastia Hill,1173005,1.1730047000
557900,Durie Hill,1383622,1.3836218700
558100,Putiki,1003795,1.0037949500
558200,Marybank-Gordon Park,20645919,20.6459191000
558300,Fordell-Kakatahi,1223526502,1223.5265000000
558500,Waiouru,5788390,5.7883897300
558600,Mangaweka,3951164,3.9511636000
558700,Hunterville,3218879,3.2188789000
558800,Ratana Community,214250,0.2142503100
558900,Bulls,4475571,4.4755712000
559000,Ngamatea,611663960,611.6639600000
559210,Moawhango,1405772132,1405.7721300000
559220,Pohonui-Porewa,1826839899,1826.8398900000
559230,Lake Alice,614668312,614.6683110000
559240,Koitiata,211539,0.2115386400
559400,Taihape,5085478,5.0854779000
559500,Marton,7682176,7.6821756400
559700,Kiwitea,783835617,783.8356160000
560000,Pohangina,682736710,682.7367090000
560200,Ashhurst,7070243,7.0702427100
560301,Stoney Creek,24626478,24.6264779000
560302,Whakarongo,27347798,27.3477982000
560411,Oroua Bridge,10672838,10.6728382000
560412,Maewa,15207303,15.2073032000
560421,Halcombe,17430096,17.4300955000
560422,Tokorangi-Hiwinui,400237026,400.2370260000
560710,Feilding North,2587567,2.5875670400
560720,Feilding West,2723567,2.7235674500
560730,Feilding Central,1434284,1.4342839700
560740,Feilding East,2287107,2.2871065100
560900,Sanson,604397,0.6043965800
561000,Rongotea,551313,0.5513134700
561100,Tangimoana,381535,0.3815354300
561200,Himatangi Beach,954236,0.9542358000
561300,Foxton Beach,9866568,9.8665683400
561410,Rakiraki,10768044,10.7680438000
561421,Ohakea,4947182,4.9471815600
561422,Oroua Downs-Waitohi,474629592,474.6295920000
561500,Moutoa,184213565,184.2135650000
561700,Foxton,3533553,3.5335527800
561811,Kairanga,26726960,26.7269600000
561812,Longburn,6930353,6.9303534400
561813,Massey University,10076549,10.0765492000
561820,Linton Military Camp,8812770,8.8127704400
561901,Kauwhata,154947279,154.9472780000
561902,Turitea,225173087,225.1730860000
562100,Milson,7759587,7.7595867600
562200,Kelvin Grove,4981363,4.9813633200
562310,Takaro,1951210,1.9512097200
562320,Cloverlea,1479687,1.4796866100
562401,Palmerston North Hospital,1946209,1.9462090100
562402,Papaeoia,1070347,1.0703474000
562500,Roslyn,3445151,3.4451514800
562600,Terrace End,1613815,1.6138147000
562710,Highbury,1452410,1.4524103100
562720,Westbrook,4140794,4.1407938300
562800,Palmerston North Central,2128659,2.1286589600
562910,Awapuni North,1233488,1.2334884800
562921,Awapuni West,3413488,3.4134881800
562922,Awapuni South,1705419,1.7054194800
563000,West End,2528886,2.5288858600
563101,Hokowhitu West,1474975,1.4749752600
563102,Hokowhitu Lagoon,1579762,1.5797622600
563200,Hokowhitu East,2176601,2.1766008900
563300,Aokautere,11859541,11.8595413000
563500,Shannon,3651421,3.6514212300
563600,Waitarere,1543179,1.5431787200
563701,Waikanae Beach,4365300,4.3652998300
563703,Waikanae East,4230168,4.2301680000
563704,Peka Peka,5171202,5.1712022500
563705,Waikanae Park,7360172,7.3601721200
563706,Waikanae West,4672742,4.6727417100
563801,Tokomaru,6516988,6.5169880300
563802,Opiki,95512051,95.5120513000
563920,Kaitawa,78118430,78.1184296000
564011,Lake Horowhenua,51617308,51.6173083000
564012,Waiopehu,29005808,29.0058080000
564013,Kohitere,13753408,13.7534084000
564021,Mangaore-Manakau,651679140,651.6791390000
564022,Otaki Forks,428456152,428.4561520000
564023,Te Horo,12404420,12.4044202000
564210,Levin North,3382468,3.3824681000
564220,Levin West,3613350,3.6133497300
564231,Playford Park,1853473,1.8534731400
564232,Levin South,2110199,2.1101990900
564240,Levin East,2139488,2.1394884400
564400,Otaki,16032745,16.0327450000
564510,Heretaunga,2883135,2.8831347300
564520,Trentham South,8034176,8.0341758600
564530,Pinehaven,5925223,5.9252234300
564601,Moonshine Valley,23919822,23.9198217000
564602,Riverstone Terraces,2195861,2.1958614300
564800,Glendale,5438516,5.4385159600
564900,Parkway,3410082,3.4100816200
565000,Fernlea,2985814,2.9858142000
565100,Arakura,3445728,3.4457278400
565200,Homedale West,3090406,3.0904056300
565300,Homedale East,6248882,6.2488818900
565400,Pencarrow,241290605,241.2906040000
565601,Pauatahanui,67640064,67.6400642000
565602,Endeavour,2649570,2.6495695600
565603,Resolution,5226038,5.2260381100
565604,Adventure,3939592,3.9395919400
565700,Paekakariki Hill,33256259,33.2562587000
565901,Paraparaumu Beach North,2041452,2.0414517600
565902,Otaihanga,4975101,4.9751006000
565903,Paraparaumu Beach South,2710603,2.7106029100
566000,Paraparaumu Central,10062364,10.0623639000
566101,Raumati Beach,3173857,3.1738574600
566102,Raumati South,5646721,5.6467211400
566200,Paekakariki,5812732,5.8127316600
566301,Kapiti Island,19235136,19.2351356000
566302,Maungakotukutuku,116943551,116.9435510000
566500,Te Marua,8270117,8.2701171200
566610,Akatarawa,6488162,6.4881616800
566620,Emerald Hill,2542195,2.5421953000
566700,Maoribank,3140706,3.1407064800
566800,Clouston Park,2313798,2.3137981400
566900,Totara Park,1725451,1.7254513200
567000,Ebdentown,848621,0.8486210400
567100,Upper Hutt Central,433014,0.4330141500
567200,Maidstone,1063125,1.0631251700
567300,Wallaceville,696619,0.6966187700
567400,Elderslea,1549063,1.5490632300
567500,Poets Block,1096968,1.0969675800
567600,Brentwood,982667,0.9826667700
567700,Trentham North,1023973,1.0239733700
567800,Heretaunga-Silverstream,2780601,2.7806009500
567901,Cloustonville,310100539,310.1005390000
567902,Mangaroa,151839631,151.8396310000
568101,Tawhai,6276154,6.2761536000
568102,Holborn,1488345,1.4883450200
568103,Delaney,1871355,1.8713547900
568104,Manuka,4115709,4.1157094800
568201,Taita North,1436244,1.4362442800
568202,Taita South,3108608,3.1086077600
568301,Avalon East,813878,0.8138784700
568302,Naenae North,7052822,7.0528216500
568303,Naenae South,2842430,2.8424299100
568401,Avalon West,1210814,1.2108144200
568402,Boulcott,1582547,1.5825469500
568501,Epuni West,986892,0.9868921700
568502,Epuni East,1459652,1.4596523700
568601,Waterloo West,294881,0.2948810500
568602,Waterloo East,2102056,2.1020560500
568701,Waiwhetu North,974927,0.9749272200
568702,Waiwhetu South,1686829,1.6868290600
568800,Gracefield,4208585,4.2085852800
568900,Moera,623682,0.6236820500
569001,Woburn North,468093,0.4680930200
569002,Woburn South,156726,0.1567261600
569100,Hutt Central,2365028,2.3650277900
569201,Melling,392776,0.3927761800
569202,Alicetown,823091,0.8230908300
569301,Normandale,2652255,2.6522554300
569302,Maungaraki,5158610,5.1586100100
569401,Tirohanga,1413549,1.4135488000
569402,Belmont,20613006,20.6130057000
569500,Kelson,8331206,8.3312056000
569600,Haywards-Manor Park,5077116,5.0771159100
569800,Korokoro,2404919,2.4049188200
569900,Petone Central,1027882,1.0278820400
570000,Esplanade,974320,0.9743195100
570100,Wilford,1650869,1.6508687500
570300,Eastbourne,12839768,12.8397681000
570400,Titahi Bay North,2009680,2.0096798700
570500,Onepoto,2241320,2.2413200600
570600,Titahi Bay South,3542618,3.5426180100
570700,Elsdon-Takapuwahia,10866511,10.8665109000
570800,Porirua Central,6156775,6.1567752100
570900,Porirua East,1197161,1.1971607700
571000,Ranui Heights,2352723,2.3527233400
571100,Cannons Creek North,1114437,1.1144373500
571200,Cannons Creek South,1407981,1.4079808800
571300,Cannons Creek East,1467183,1.4671832200
571400,Waitangirua,3145144,3.1451435200
571501,Papakowhai North,1430348,1.4303477300
571502,Papakowhai South,2624724,2.6247237700
571600,Ascot Park,1139574,1.1395744500
571800,Pukerua Bay,8255007,8.2550073200
571900,Plimmerton,6413530,6.4135301800
572000,Mana-Camborne,1869851,1.8698508800
572100,Paremata-Postgate,1488089,1.4880892000
572200,Discovery,1251042,1.2510416100
572300,Mana Island,2113575,2.1135749500
572500,Tawa South,2477588,2.4775884900
572600,Tawa Central,2636655,2.6366545600
572701,Linden,1509884,1.5098839800
572702,Greenacres,1287584,1.2875841700
572900,Thorndon-Tinakori Road,2807597,2.8075969800
573000,Lambton,985140,0.9851403200
573101,Willis Street-Cambridge Terrace,1031153,1.0311528100
573200,Aro Street-Nairn Street,834622,0.8346218700
573300,Mt Cook-Wallace Street,871861,0.8718605300
573400,Mt Victoria West,1293119,1.2931187200
573511,Glenside North,2459041,2.4590414700
573513,Churton Park North,2251371,2.2513707800
573514,Churton Park South,1314916,1.3149155100
573522,Grenada North,3642495,3.6424950200
573523,Grenada Village,1510611,1.5106105400
573524,Newlands East,976052,0.9760517500
573525,Takapu,11595973,11.5959731000
573526,Horokiwi,8499846,8.4998456300
573600,Johnsonville North,617134,0.6171341300
573700,Johnsonville Central,1212480,1.2124799900
573801,Paparangi West,477883,0.4778832000
573802,Johnsonville East,406167,0.4061671100
573901,Paparangi,852157,0.8521573200
573902,Woodridge,1002655,1.0026545000
573903,Newlands North,804107,0.8041073000
574001,Newlands South,2568504,2.5685036100
574002,Ngauranga East,1202952,1.2029519800
574100,Raroa,1528198,1.5281977600
574200,Khandallah Park-Broadmeadows,3005324,3.0053240700
574302,Te Kainga,1686518,1.6865179800
574303,Ngauranga West,1062740,1.0627396100
574304,Rangoon Heights,1009850,1.0098501500
574401,Awarua,1892485,1.8924845600
574402,Ngaio South,1414711,1.4147105800
574500,Kaiwharawhara,628726,0.6287259900
574600,Wadestown,1419334,1.4193341100
574701,Crofton Downs,2616326,2.6163259400
574702,Wilton,1639429,1.6394292100
574703,Northland North,489996,0.4899961100
574800,Karori North,1889386,1.8893862800
574900,Karori Park,3130309,3.1303093200
575000,Karori East,3646111,3.6461106300
575100,Karori South,2414997,2.4149974000
575200,Northland,795872,0.7958715500
575300,Kelburn,1236019,1.2360193300
575400,Taitville,153290,0.1532902000
575500,Mitchelltown,510476,0.5104759200
575600,Brooklyn,1608267,1.6082674800
575701,Vogeltown West,350872,0.3508718800
575702,Vogeltown,270019,0.2700193400
575800,Kingston-Mornington,908235,0.9082352400
575901,Brooklyn South,1178831,1.1788310800
575902,Happy Valley-Owhiro Bay,2939525,2.9395248700
576001,Island Bay West,1280718,1.2807178100
576002,Island Bay East,1047932,1.0479315700
576100,Melrose-Houghton Bay-Southgate,2024438,2.0244383300
576200,Berhampore West,966217,0.9662166200
576301,Newtown West,660910,0.6609095600
576302,Berhampore East,392502,0.3925024800
576400,Newtown East,1437400,1.4373999100
576500,Adelaide,550549,0.5505487300
576600,Oriental Bay,164399,0.1643993100
576700,Roseneath,547045,0.5470445700
576800,Hataitai North,1294682,1.2946824300
576901,Kilbirnie East,1050549,1.0505487200
576903,Kilbirnie West-Hataitai South,918878,0.9188775300
577000,Lyall Bay-Airport-Moa Point,2579960,2.5799602800
577101,Seatoun Tunnel West,195352,0.1953523200
577102,Strathmore Park,1483026,1.4830260800
577200,Miramar South,1032786,1.0327863100
577301,Miramar North,1037594,1.0375943800
577302,Miramar,665886,0.6658861000
577400,Karaka Bay-Worser Bay,746079,0.7460793600
577500,Seatoun,1326879,1.3268793100
577601,Maupuia,1673359,1.6733590100
577602,Miramar West,146858,0.1468582900
577700,Makara-Ohariu,170274646,170.2746460000
577900,Mangatainoka,767383774,767.3837740000
578000,Pahiatua,4325327,4.3253273000
578100,Eketahuna,4154641,4.1546410900
578200,Nireaha-Tiraumea,913718263,913.7182620000
578301,Homebush-Te Ore Ore,36035610,36.0356095000
578302,Opaki-Fernridge,46667752,46.6677519000
578401,Kopuaranga,534439120,534.4391200000
578402,Whareama,1665034157,1665.0341500000
578600,Masterton Central,998650,0.9986498300
578700,Masterton West,2031883,2.0318826700
578800,Masterton East,2387618,2.3876175000
578901,Solway North,2324827,2.3248265700
578902,Solway South,4139290,4.1392895500
579000,Ngaumutawa,853353,0.8533534300
579100,Masterton Railway,1161754,1.1617536600
579200,Lansdowne,4061539,4.0615385900
579400,Waingawa,38259614,38.2596143000
579501,Mt Holdsworth,418855494,418.8554940000
579502,Te Wharau,717754518,717.7545170000
579700,Carterton,5119423,5.1194227900
579802,Tuturumuri,1128751443,1128.7514400000
579803,Kahutara,1252830210,1252.8302100000
579804,Inland Water-Lake Wairarapa,63469817,63.4698171000
579900,Greytown,5176771,5.1767705400
580000,Featherston,3178555,3.1785548500
580100,Martinborough,4498828,4.4988284000
580200,Havelock,1092399,1.0923991700
580300,Renwick,1693458,1.6934576400
580410,Woodbourne,3791973,3.7919730100
580420,Omaka,31270672,31.2706716000
580431,Spring Creek-Grovetown,34331932,34.3319321000
580432,Riverlands,15905794,15.9057942000
580442,Waikawa,29100792,29.1007917000
580446,Marlborough Sounds Terrestrial,-1723326403,2571.6408900000
580447,Wairau North,665891646,665.8916460000
580448,Tuamarina,129134203,129.1342030000
580449,Rapaura,87377073,87.3770730000
580450,Wairau South,-2002503742,2292.4635500000
580451,Weld Pass,118795925,118.7959240000
580452,Fairhall,20272090,20.2720902000
580600,Severn,1332727182,1332.7271800000
580801,Ward,-1190401752,3104.5655400000
580802,Seddon,8789303,8.7893033600
580900,Lake Tennyson,534987237,534.9872360000
581100,Picton,4691610,4.6916097100
581210,Springlands,2354763,2.3547628600
581220,Mayfield,2377308,2.3773079100
581230,Blenheim Central,2216018,2.2160175800
581240,Whitney,2170053,2.1700525000
581250,Redwoodtown,2317016,2.3170161000
581260,Witherlea,5463986,5.4639859500
581400,Kaikoura Township,6784116,6.7841156900
581500,Kaikoura Rural,2039972858,2039.9728500000
581601,Golden Bay,-1719100317,2575.8669700000
581602,Takaka,12339051,12.3390513000
581713,Glenduan,10992677,10.9926772000
581715,Ngawhatu,6233337,6.2333371700
581717,Aniseed Hill,14274364,14.2743640000
581720,Hope,8117217,8.1172165600
581721,Saxton Island,126876,0.1268759700
581723,Saxton,1906379,1.9063792000
581724,Best Island,1330790,1.3307897600
581725,Bell Island,1568632,1.5686320600
581726,Ranzau,21286617,21.2866171000
581811,Richmond Hill,43514994,43.5149941000
581812,Whangamoa,338772830,338.7728290000
581822,Brightwater,5361085,5.3610850500
581823,Wakefield,6960716,6.9607158500
581825,Mapua,8883348,8.8833483700
581832,Kaiteriteri,133608397,133.6083960000
581833,Motueka Outer,553178859,553.1788580000
581834,Rabbit Island,13007270,13.0072704000
581836,Wai-Iti,978900436,978.9004360000
581841,Golden Downs,1490060551,1490.0605500000
581842,Lake Rotoroa,-601099018,3693.8682700000
581843,Murchison,25406676,25.4066762000
581844,Tapawera,12044424,12.0444236000
581850,Riwaka,9967410,9.9674104300
582000,Clifton,9478260,9.4782595900
582100,Atawhai,7429711,7.4297106800
582200,Port Nelson,1158174,1.1581735000
582300,The Wood,1256885,1.2568849900
582401,Britannia,870706,0.8707064600
582402,Washington,1239340,1.2393403900
582500,Trafalgar,927806,0.9278064200
582600,Maitai,2341861,2.3418612900
582700,Kirks,439057,0.4390571900
582800,Bronte,932147,0.9321467700
582900,Atmore,6046727,6.0467273100
583000,Tahunanui,1663138,1.6631378200
583100,Tahuna Hills,2054221,2.0542207200
583201,Toi Toi,1822438,1.8224379300
583202,Broads,629901,0.6299006100
583300,Grampians,4636870,4.6368699800
583400,The Brook,6406145,6.4061453800
583500,Nelson Airport,3279120,3.2791200600
583600,Nayland,466516,0.4665160700
583700,Enner Glynn,5483581,5.4835808600
583800,Maitlands,1062258,1.0622581600
583900,Isel Park,5473149,5.4731492700
584000,Langbein,1272853,1.2728531200
584201,Richmond East,6653833,6.6538330400
584202,Richmond West,7038589,7.0385888000
584301,Motueka West,18194871,18.1948707000
584303,Motueka East,7641354,7.6413543800
584305,Jackett Island,657392,0.6573921700
584402,Karamea,65171569,65.1715691000
584403,Hector-Ngakawau,2532572,2.5325715500
584404,Granity,4700527,4.7005266700
584405,Orowaiti,4432241,4.4322408800
584407,Little Wanganui,2130624727,2130.6247200000
584408,Mokihinui,932633140,932.6331390000
584409,Buller Coalfields,492382698,492.3826980000
584410,Westport Rural,545337814,545.3378130000
584411,Charleston,560851301,560.8513010000
584412,Inangahua Junction,412431400,412.4313990000
584500,Westport Urban,4513468,4.5134682400
584600,Reefton,2013569,2.0135686000
584701,Inangahua Valley,1029280516,1029.2805100000
584702,Mawheraiti,678540821,678.5408210000
584703,Maruia,1076069603,1076.0696000000
584800,Karoro,2808713,2.8087133200
584911,Kaiata,14671194,14.6711936000
584912,South Beach-Camerons,11716981,11.7169807000
584922,Blackball,18609215,18.6092147000
584923,Point Elizabeth,15410305,15.4103051000
584930,Dobson,23312752,23.3127519000
584931,Barrytown,195389688,195.3896880000
584932,Coal Creek,79176934,79.1769343000
584933,Atarau,410591346,410.5913460000
584934,Greymouth Rural,52498994,52.4989939000
584935,Marsden-Hohonu,404490205,404.4902050000
584936,Arnold Valley,132033390,132.0333890000
584937,Nelson Creek-Ngahere,507671519,507.6715190000
584938,Ahaura,456078348,456.0783480000
584939,Lake Brunner,622053023,622.0530230000
584940,Haupiri,547668293,547.6682930000
585000,Runanga-Rapahoe,7763710,7.7637095200
585110,Cobden,4017904,4.0179044900
585120,Blaketown,1570964,1.5709643400
585130,Greymouth Central,2621398,2.6213980500
585140,Greymouth South,5296747,5.2967466000
585306,Kumara,3533722,3.5337217300
585307,Kaniere,2949099,2.9490989300
585309,Ross,8709184,8.7091836200
585311,Harihari,145651097,145.6510960000
585312,Franz Josef,42711158,42.7111582000
585313,Fox Glacier,55435541,55.4355412000
585314,Taramakau,378734294,378.7342930000
585315,Otira,458081147,458.0811470000
585316,Waimea-Arahura,182148133,182.1481320000
585317,Hokitika Rural,151428363,151.4283620000
585318,Hokitika Valley,869116385,869.1163840000
585319,Totara River,317579955,317.5799540000
585320,Waitaha,1173666651,1173.6666500000
585321,Whataroa,990628025,990.6280240000
585322,Waiho,483043151,483.0431510000
585323,Karangarua,1186233984,1186.2339800000
585324,Bruce Bay-Paringa,1306169826,1306.1698200000
585325,Haast,-192035551,4102.9317400000
585400,Hokitika Urban,3909856,3.9098562800
585502,Hanmer Springs,4230760,4.2307603500
585504,Culverden,22690206,22.6902063000
585505,Waiau,972522,0.9725216100
585506,Amuri,-122363361,4172.6039300000
585601,Parnassus,992300645,992.3006440000
585602,Cheviot,2229453,2.2294525400
585700,Hurunui,-1829802304,2465.1649900000
585802,Amberley,3057615,3.0576149400
585803,Leithfield,456238506,456.2385060000
585805,Sefton,34415600,34.4156004000
585806,Okuku,545254240,545.2542400000
585807,Loburn,94569321,94.5693205000
585808,Ashley,47347042,47.3470422000
586001,Camside,6736214,6.7362140400
586002,Pines-Kairaki Beach,1474490,1.4744895700
586112,Waikuku,1298640,1.2986395800
586114,Cust,19479791,19.4797909000
586115,Mairaki,59103729,59.1037290000
586120,Woodend,2521839,2.5218385400
586121,Fernside,72819407,72.8194065000
586122,Lehmans,3178803,3.1788030400
586124,Pegasus,8959273,8.9592731800
586126,Woodend Beach,11478052,11.4780518000
586127,Coldstream,26044333,26.0443331000
586128,Ravenswood,1601865,1.6018648500
586129,Tuahiwi,27799639,27.7996390000
586130,Woodend West,965051,0.9650511300
586303,Rangiora East,3328735,3.3287345000
586304,Southbrook,3116159,3.1161588900
586305,Kingsbury,2374686,2.3746859100
586306,Rangiora North,2894326,2.8943261500
586307,Rangiora West,1050198,1.0501982000
586308,Rangiora Central,886814,0.8868141800
586403,Kaiapoi South,1320913,1.3209134100
586404,Mansfield,875175,0.8751749300
586405,Courtenay,767708,0.7677080500
586407,Kaiapoi East,998504,0.9985043700
586408,Kaiapoi North West,3059226,3.0592262700
586409,Kaiapoi North East,4208419,4.2084189900
586501,Clarkville,24457095,24.4570947000
586503,Kaiapoi West,425441,0.4254412300
586504,Silverstream,970705,0.9707045100
586603,Mandeville,87559600,87.5596004000
586604,Ohoka,24289259,24.2892591000
586605,West Eyreton,98231404,98.2314041000
586606,Eyrewell,183104112,183.1041110000
586801,Ashley Gorge,797546908,797.5469080000
586802,Oxford,10912422,10.9124215000
586900,Darfield,3372194,3.3721939100
587010,Kirwee,465459263,465.4592630000
587020,Burnham Military Camp,1493669,1.4936693900
587100,Malvern,284155488,4579.1227800000
587302,Halswell South,1284712,1.2847122500
587303,Oaklands West,1663865,1.6638649000
587304,Oaklands East,1325936,1.3259364700
587400,Hornby North,2946024,2.9460236100
587500,Hornby South,1962570,1.9625700000
587701,Sockburn,2741015,2.7410151000
587702,Wigram,7128417,7.1284170100
587811,Yaldhurst,21266371,21.2663713000
587812,Broomfield,2461038,2.4610379100
587821,Paparua,23380166,23.3801661000
587822,Templeton,898608,0.8986075300
587830,Islington,9220097,9.2200967200
587842,Halswell West,8366401,8.3664014700
587844,Westmorland,1842630,1.8426295700
587845,Aidanfield,1682256,1.6822564400
587846,Halswell Domain,983659,0.9836587600
587847,Hendersons Basin,5977352,5.9773523800
587848,Prebbleton,1966206,1.9662057100
587849,Trents-Ladbrooks,31765880,31.7658795000
587902,Mcleans Island,60139058,60.1390577000
587903,Kennedys Bush,14946768,14.9467683000
587904,West Melton,256641424,256.6414230000
587905,Taitapu,7687511,7.6875105300
588101,Redwood North,1516264,1.5162639000
588102,Redwood South,2118428,2.1184278400
588200,Styx Mill,1339041,1.3390411800
588300,Casebrook,1038325,1.0383253100
588401,Belfast South,2201266,2.2012663100
588402,Sawyers Arms,9202155,9.2021551400
588500,Bishopdale North,4010196,4.0101962200
588600,Harewood,2320551,2.3205514900
588700,Bishopdale,952471,0.9524707900
588800,Russley,2531844,2.5318439700
588900,Burnside,1128079,1.1280791800
589000,Wairarapa,798693,0.7986929700
589100,Jellie Park,948762,0.9487622200
589200,Bryndwr,1207715,1.2077146000
589300,Holmwood,1093469,1.0934689900
589400,Fendalton,1645183,1.6451826600
589500,Deans Bush,925270,0.9252697100
589601,Hawthornden,2298573,2.2985727400
589602,Merrin,537705,0.5377048900
589700,Westburn,1011712,1.0117123300
589800,Avonhead West,999214,0.9992135300
589900,Avonhead,1165596,1.1655957100
590000,Ilam,1456223,1.4562233600
590100,Upper Riccarton,964905,0.9649048000
590200,Wharenui,838999,0.8389985300
590300,Middleton,4786988,4.7869882000
590400,Belfast,23518331,23.5183314000
590501,Travis Wetland,3519199,3.5191986200
590504,Mairehau North,1831989,1.8319891500
590505,Westhaven,1035517,1.0355166600
590506,Highfield Park,6086499,6.0864994900
590507,Prestons,5867105,5.8671045700
590602,Parklands,1564083,1.5640829400
590603,Waimairi Beach,1768410,1.7684104800
590604,Styx,39439546,39.4395461000
590701,Mona Vale,935984,0.9359843100
590702,Riccarton West,622522,0.6225224000
590800,Riccarton,1089512,1.0895120200
590900,Riccarton South,797598,0.7975976600
591101,Cashmere West,8739621,8.7396212900
591102,Cashmere East,6416735,6.4167346200
591200,Rapaki Track,9410220,9.4102199300
591300,Heathcote Valley,7368140,7.3681399700
591500,Cathedral Square,2205042,2.2050424100
591600,Hagley Park,2711554,2.7115536700
591700,Avon Loop,1422978,1.4229777500
591800,Northcote,1152728,1.1527281400
591900,Papanui,1363541,1.3635413500
592000,Aorangi,1889242,1.8892417000
592100,Strowan,1596567,1.5965671900
592200,Merivale,978989,0.9789889100
592300,Rutland,1813320,1.8133197000
592401,St Albans West,681285,0.6812854400
592402,St Albans East,1312663,1.3126628100
592500,Mairehau,946501,0.9465011200
592600,Edgeware,1014540,1.0145400000
592701,Shirley West,1527481,1.5274810200
592702,Shirley East,1615399,1.6153994900
592811,Burwood,1588995,1.5889946000
592812,Dallington,1325392,1.3253923500
592820,Travis,1376341,1.3763407700
592900,Avondale,1962810,1.9628103700
593000,Wainoni,1504104,1.5041039300
593100,Aranui,1628057,1.6280566100
593200,Richmond North,1186854,1.1868541500
593300,Richmond South,782461,0.7824614700
593400,Avonside,1340888,1.3408884400
593501,Linwood,1077759,1.0777585200
593502,Phillipstown,1284289,1.2842893800
593600,Linwood North,857570,0.8575696400
593700,Linwood East,896455,0.8964545400
593800,Bexley,2775426,2.7754262900
593900,Bromley,7487261,7.4872606000
594010,Woolston West,1295393,1.2953928700
594020,Ferrymead,2056247,2.0562468800
594100,Woolston South,1697052,1.6970523600
594200,Ensors,1368190,1.3681900800
594300,Opawa,1991412,1.9914121100
594400,St Martins,1871744,1.8717438400
594500,Waltham,861070,0.8610701700
594600,Sydenham,2792944,2.7929437400
594700,Addington,1062725,1.0627251900
594800,Barrington North,1847605,1.8476051500
594900,Barrington South,1169786,1.1697859400
595000,Spreydon,1198652,1.1986521100
595100,Hoon Hay,1047532,1.0475321100
595200,Hoon Hay South,708235,0.7082345300
595300,Hillmorton,1663525,1.6635245500
595400,Somerfield,1229320,1.2293202200
595500,Beckenham,876725,0.8767254700
595600,North Beach,2160205,2.1602051300
595700,Rawhiti,2675570,2.6755704400
595800,New Brighton,1398256,1.3982559900
595900,South Brighton,2806195,2.8061948800
596000,Mt Pleasant,4388868,4.3888680300
596102,Moncks Bay,6190736,6.1907357100
596200,Sumner,9314946,9.3149460600
596400,Lyttelton,14424345,14.4243452000
596502,Diamond Harbour,44215848,44.2158477000
596503,Governors Bay,25096927,25.0969269000
596504,Quail Island,803898,0.8038975900
596600,Port Levy,78901388,78.9013876000
596800,Akaroa,1763546,1.7635459000
596901,Akaroa Harbour,162447724,162.4477230000
596902,Banks Peninsula Eastern Bays,273554088,273.5540880000
597000,Chatham Islands,808302126,808.3021260000
597101,Little River,377854853,377.8548530000
597102,Inland Water-Lake Ellesmere South,63304889,63.3048888000
597200,Lincoln,13276786,13.2767862000
597300,Leeston,1900397,1.9003965700
597400,Southbridge,2219486,2.2194860200
597503,Dunsandel,9577365,9.5773647900
597505,Inland Water-Lake Ellesmere North,135032694,135.0326930000
597506,Selwyn-Rakaia,829221705,829.2217050000
597507,Rolleston North West,1505880,1.5058796200
597508,Rolleston Central,1602822,1.6028221800
597509,Rolleston North East,1162379,1.1623785800
597510,Rolleston South West,1856624,1.8566237600
597512,Springston,194153877,194.1538770000
597513,Rolleston South East,13519249,13.5192485000
597600,Methven,4037996,4.0379959700
597712,Plains Railway,28685778,28.6857778000
597713,Ashburton North,7233274,7.2332740400
597714,Fairton,15248894,15.2488941000
597715,Ashburton East,7867747,7.8677472500
597720,Mt Somers,-286616224,4008.3510700000
597730,Hinds,1311445305,1311.4453000000
597741,Chertsey,785898935,785.8989350000
597742,Rakaia,7129573,7.1295728800
597811,Allenton West,2926316,2.9263164900
597812,Allenton East,2173321,2.1733213500
597820,Ashburton Central West,2131505,2.1315053800
597830,Netherby,1093246,1.0932464100
597840,Ashburton Central East,1438554,1.4385535700
597850,Hampstead,1440997,1.4409968300
597860,Tinwald,2426042,2.4260416200
598000,Winchester,679069,0.6790689100
598201,Fairview-Scarborough,21633788,21.6337880000
598202,Otipua Creek-Washdyke Flat,28127504,28.1275042000
598311,Ben Mcleod,821687933,821.6879330000
598312,Orari,1196889693,1196.8896900000
598313,Levels,623816027,623.8160260000
598314,Pareora,4328990,4.3289896600
598320,Pleasant Point,3646435,3.6464345600
598500,Geraldine,3031819,3.0318185300
598600,Temuka,4673882,4.6738816100
598700,Washdyke,5481249,5.4812490100
598800,Waimataitai,1033300,1.0333000600
598900,Marchwiel,2170540,2.1705401800
599000,Maori Park,556361,0.5563606700
599100,Highfield,2242288,2.2422883200
599200,Glenwood,1049711,1.0497110700
599300,Gleniti,1990492,1.9904916800
599400,Fraser Park,1334712,1.3347121100
599500,Seaview,2297822,2.2978224900
599600,Watlington,1207127,1.2071268700
599700,Parkside,1573520,1.5735204200
599800,Timaru Gardens,1769573,1.7695730300
599900,Redruth,1353149,1.3531490100
600100,Twizel Community,12227069,12.2270693000
600200,Fairlie,1210214,1.2102137000
600312,Mt Cook,4357755,4.3577548400
600320,Lake Tekapo,4681529,4.6815292300
600321,Inland Water-Lake Alexandrina,6536323,6.5363227500
600322,Inland Water-Lake Tekapo,93864827,93.8648271000
600323,Mackenzie,-1270786129,7319.1484600000
600410,Waihao,-715670595,3579.2967000000
600420,St Andrews,589313,0.5893127900
600500,Waimate,3300831,3.3008311500
600600,Weston,929091,0.9290909800
600811,Pukeuri,15228988,15.2289875000
600812,Ardgowan,14828574,14.8285740000
600813,Cape Wanbrow,9083608,9.0836084500
600822,Duntroon,11027591,11.0275909000
600824,Kurow,3712450,3.7124501500
600826,Maheno,1747952367,1747.9523600000
600827,Omarama,41407749,41.4077493000
600828,Kakanui,6921869,6.9218685400
600830,Otematata,5500789,5.5007885600
600831,Aviemore,-112480902,4182.4863900000
600832,Inland Water-Lake Ohau,59816104,59.8161036000
600840,Hampden,2551399,2.5513990300
601010,Oamaru North,4222835,4.2228349800
601020,Orana Park,2407262,2.4072621100
601030,Oamaru Central,3013386,3.0133864100
601040,Oamaru South,3301367,3.3013672700
601200,Palmerston,3680757,3.6807565600
601301,Waihemo,766545675,766.5456740000
601302,Hyde,278479404,278.4794040000
601400,Waikouaiti,7326154,7.3261544600
601500,Aramoana,6177702,6.1777016500
601602,Waitati,2849721,2.8497209700
601603,Evansdale,522687962,522.6879620000
601604,Karitane,1905892,1.9058916400
601605,Warrington,7389233,7.3892326600
601700,Nenthorn,331785830,331.7858300000
601900,Fairfield,1809591,1.8095910500
602000,Brighton,2613417,2.6134166300
602100,Waldronville,251302,0.2513016400
602200,Outram,798254,0.7982540900
602300,Middlemarch,1054634,1.0546335000
602411,Wyllies Crossing,11291647,11.2916473000
602412,Wingatui,9240809,9.2408085100
602421,Kaikorai Hill,18171783,18.1717830000
602422,Saddle Hill,23762767,23.7627673000
602500,Taieri,647992774,647.9927740000
602600,Strath Taieri,1559664873,1559.6648700000
602800,Harbourside,1756908,1.7569078600
602900,Fernhill,1240727,1.2407266400
603000,High St-Stuart St,1133206,1.1332059200
603100,Stuart St-Frederick St,937395,0.9373952400
603210,Opoho,2558567,2.5585666600
603220,Forrester Park,4336877,4.3368769500
603300,North East Valley,2043363,2.0433634000
603400,Pine Hill,8236990,8.2369899500
603500,Woodhaugh,793809,0.7938089500
603601,North Dunedin,1208163,1.2081626800
603602,Otago University,1636546,1.6365456500
603710,Maori Hill,747132,0.7471323300
603720,Balmacewen,847998,0.8479979500
603810,Glenleith,2778249,2.7782489300
603820,Helensburgh,2079777,2.0797774000
603910,Wakari,1414127,1.4141273300
603920,Halfway Bush,1866446,1.8664457200
603930,Brockville,2729706,2.7297062100
604010,Roslyn North,820032,0.8200318600
604020,Roslyn South,1086440,1.0864401600
604110,Mornington,1173560,1.1735596600
604120,Belleknowes,914823,0.9148225500
604130,Kenmure,1557971,1.5579712500
604210,Caversham,2472631,2.4726309700
604221,Corstorphine West,317486,0.3174859400
604222,Corstorphine East,343138,0.3431381400
604300,Caledonian,174214,0.1742141100
604410,South Dunedin,955819,0.9558191200
604420,Forbury,435196,0.4351963400
604500,St Clair,2826528,2.8265279300
604611,Musselburgh,1749816,1.7498164500
604612,Andersons Bay,1206207,1.2062067000
604620,Vauxhall,2427840,2.4278399000
604710,St Leonards-Blanket Bay,6061188,6.0611882300
604720,Ravensbourne,3430652,3.4306520700
604810,Inner Peninsula,8723128,8.7231283000
604821,Company Bay,2195381,2.1953812800
604822,Macandrew Bay,2795423,2.7954231700
604830,Broad Bay-Portobello,7267815,7.2678145900
604901,Taiaroa-Cape Saunders,42801579,42.8015793000
604902,Sandymount,29366195,29.3661949000
605100,Sawyers Bay,2666517,2.6665172200
605200,Port Chalmers,1980675,1.9806745300
605400,St Kilda West,794384,0.7943844100
605500,St Kilda Central,722508,0.7225076900
605600,St Kilda East,1146129,1.1461292500
605800,Green Island,2927779,2.9277787100
605910,Abbotsford,2036911,2.0369106800
605920,Concord,3352332,3.3523321700
606100,Mosgiel East,3363585,3.3635849400
606210,Mosgiel South,1274976,1.2749756600
606220,East Taieri,2348304,2.3483041700
606300,Bush Road,1111237,1.1112368100
606500,Benhar,711476,0.7114763000
606600,Stirling,575662,0.5756618100
606700,Bruce,1357918790,1357.9187800000
606800,Milton,2019488,2.0194875000
606900,Kaitangata,2534443,2.5344426300
607000,Clinton,718311,0.7183112300
607100,Kaka Point,361022,0.3610218000
607200,Owaka,759739,0.7597392800
607300,Clutha,-1634535353,2660.4319400000
607400,Balclutha,6251033,6.2510330700
607501,Teviot,1312817936,1312.8179300000
607502,Tuapeka,-1969468966,2325.4983300000
607600,Tapanui,1918744,1.9187439000
607700,Lawrence,2468761,2.4687614600
607800,Roxburgh,2058640,2.0586399700
607900,Ranfurly,3870056,3.8700557500
608000,Maniototo,-746478102,3548.4891900000
608100,Naseby,860329,0.8603291500
608302,Dunstan,784836217,5079.8035100000
608303,Clyde,3214822,3.2148216500
608304,Hawea,-1981759054,2313.2082400000
608305,Inland Water-Lake Hawea,157216312,157.2163120000
608500,Alexandra,9760740,9.7607403300
608600,Cromwell,7614504,7.6145042100
608700,Frankton,2096712,2.0967115800
608800,Wanaka,28609626,28.6096257000
609011,Milford,-1568339253,2726.6280400000
609013,Glenorchy,1461416624,1461.4166200000
609014,Kingston South,1012366141,1012.3661400000
609022,Kelvin Heights,9275779,9.2757791600
609023,Sunshine Bay,1875447,1.8754474700
609027,Inland Water-Lake Wakatipu,297620482,297.6204820000
609028,Lake Hayes,9079566,9.0795663600
609029,Matukituki,1883042585,1883.0425800000
609030,Inland Water-Lake Wanaka,200992073,200.9920720000
609031,Outer Wakatipu,1792694270,1792.6942600000
609032,Wakatipu Basin,53969107,53.9691072000
609033,Frankton East,25647868,25.6478677000
609034,Lake Hayes South,4938405,4.9384050300
609035,Jacks Point,106391004,106.3910030000
609200,Arrowtown,2363652,2.3636522300
609302,Queenstown Hill,3878218,3.8782179200
609303,Arthurs Point,5357298,5.3572982700
609304,Queenstown Bay,3069647,3.0696466600
609400,Balfour Community,484681,0.4846811000
609500,Riversdale Community,792745,0.7927445900
609600,Lumsden Community,882414,0.8824135800
609700,Edendale Community,2918242,2.9182417100
609800,Wyndham,1777706,1.7777062000
609911,Makarewa North,12812800,12.8127995000
609912,Makarewa,20773457,20.7734573000
609913,Bay Road West,6298120,6.2981198400
609914,Mill Road-Woodend,24255386,24.2553861000
609921,Bushy Point,7208577,7.2085774100
609922,Otatara,8193578,8.1935784800
610010,Charlton,58702051,58.7020511000
610020,Waikaia,-393331371,3901.6359200000
610031,Kaweku,478108724,478.1087240000
610032,Chatton,681163840,681.1638390000
610033,Kaiwera,498357262,498.3572620000
610040,Hokonui,1130392711,1130.3927100000
610051,Waianiwa,393860057,393.8600560000
610052,Oreti Beach,69557001,69.5570012000
610061,Dacre,430963691,430.9636910000
610062,Myross Bush,13372322,13.3723215000
610072,Waituna,577461746,577.4617450000
610073,Woodlands,24011058,24.0110575000
610074,Greenhills,156842367,156.8423660000
610075,Tiwai Point,24285053,24.2850529000
610080,Toetoes,1380496471,1380.4964700000
610090,Wallacetown,772588,0.7725877900
610210,North Gore,1622253,1.6222532500
610220,East Gore,4303477,4.3034767800
610230,Central Gore,900090,0.9000899100
610240,West Gore,2121198,2.1211979400
610250,South Gore,1320456,1.3204560800
610400,Mataura,5326966,5.3269657200
610500,Winton,2751672,2.7516719800
610601,Grasmere,2759075,2.7590752600
610602,Waikiwi,3050042,3.0500418300
610700,Rosedale,2222145,2.2221448500
610800,Gladstone-Avenal,3273489,3.2734885000
610900,Windsor,1245111,1.2451112800
611001,Waverley-Glengarry,1370341,1.3703410200
611002,Hawthorndale,1779313,1.7793134200
611100,Richmond,1431340,1.4313404400
611210,Otakaro Park,1252119,1.2521191600
611220,Crinan,1117555,1.1175553800
611300,West Invercargill,11246756,11.2467559000
611400,Georgetown,1204405,1.2044048500
611500,Newfield-Rockdale,3450487,3.4504873800
611601,Heidelberg,1933630,1.9336300500
611602,Strathern,1176493,1.1764928500
611700,Appleby-Kew,2030301,2.0303014700
611800,Kingswell-Clifton,4625160,4.6251595700
611900,Tisbury,3508737,3.5087374700
612100,Bluff,8942316,8.9423157400
612200,Nightcaps,1945480,1.9454797000
612300,Ohai,1100248,1.1002475400
612400,Te Anau,4596375,4.5963754400
612500,Tuatapere,1996284,1.9962838400
612600,Otautau,1983730,1.9837303800
612712,Manapouri,6842190,6.8421895700
612713,Mossburn,22364163,22.3641632000
612714,Mararoa River,481848164,4776.8154500000
612715,Inland Water-Lake Te Anau,344431373,344.4313720000
612720,Wairio,1463128568,1463.1285600000
612730,Te Waewae,-1990441802,2304.5254900000
612740,Fairfax,678238064,678.2380630000
612801,Riverton East,1400417,1.4004173900
612802,Riverton West,3575739,3.5757389600
612901,Fiordland,-1029984035,7559.9505500000
612902,Inland Water-Lake Manapouri,138847578,138.8475780000
612903,Inland Water-Lake Hauroko,71107460,71.1074595000
613000,Stewart Island,1747678386,1747.6783800000
615800,Mokohinau Island,1633940,1.6339399600
615900,Little Barrier Island,30693932,30.6939317000
616001,Kaikoura and Rangiahua Islands,7230059,7.2300594700
616200,Rakitu Island,3291550,3.2915504800
616300,Browns Island,595326,0.5953258800
616400,Aiguilles Island,649393,0.6493932700
618300,Te Motu Island,135495,0.1354945500
618400,Motiti Island,6807046,6.8070458300
618500,Mayor Island,13075205,13.0752046000
619302,Islands-Thames-Coromandel District,9840512,9.8405123000
619701,Moutohora Island,1719796,1.7197963800
619900,White Island,3160652,3.1606518700
620000,Inland Water-Lake Taupo,615082563,615.0825620000
620904,Bare Island,131651,0.1316510000
626500,Dog Island,196026,0.1960263600
626700,Centre Island,1032468,1.0324679900
626801,Inlet-Bluff Harbour,416236,0.4162355200
