Code,uPeSqKm,sdPeSqKm,EA_Name
1,0,0,1093331_4885606
2,0,0,1091960_4895957
3,0,0,1091862_4903180
4,0,0,1091486_4916053
5,0,0,1100364_4873736
6,0,0,1098769_4881176
7,0,0,1097033_4890334
8,0,0,1096966_4900002
9,0,0,1097312_4908912
10,0,0,1097717_4921004
11,0,0,1099169_4926964
12,0,0,1109198_4867305
13,0,0,1106687_4875757
14,0,0,1106792_4884722
15,0,0,1105153_4895436
16,0,0,1105779_4904765
17,0,0,1105774_4915890
18,0,0,1105539_4924947
19,0,0,1107976_4935564
20,0,0,1109235_4943675
21,0,0,1114504_4864173
22,0,0,1114426_4869740
23,0,0,1114670_4880191
24,0,0,1114231_4890058
25,0,0,1114444_4900007
26,0,0,1114324_4909560
27,0,0,1114431_4920544
28,0,0,1114970_4929803
29,0,0,1114164_4940269
30,0,0,1114545_4949541
31,0,0,1116041_4959686
32,0,0,1117354_4966605
33,0,0,1122683_4866346
34,0,0,1122946_4875002
35,0,0,1123212_4884623
36,0,0,1122717_4895323
37,0,0,1122946_4905002
38,0,0,1123230_4914557
39,0,0,1123130_4924650
40,0,0,1123081_4934599
41,0,0,1122871_4945176
42,0,0,1123050_4955243
43,0,0,1122687_4964498
44,0,0,1123494_4974366
45,0,0,1125936_4982344
46,0,0,1132244_4824153
47,0,0,1131886_4825019
48,0,0,1132034_4864091
49,0,0,1131607_4870002
50,0,0,1131607_4880002
51,0,0,1131607_4890002
52,0,0,1131613_4900011
53,0,0,1131607_4910002
54,0,0,1131866_4920064
55,0,0,1131721_4929993
56,0,0,1131874_4939934
57,0,0,1131652_4949807
58,0,0,1131543_4959694
59,0,0,1131890_4970503
60,0,0,1131547_4979778
61,0,0,1133077_4988935
62,0,0,1135682_4997658
63,0,0,1140401_4865949
64,0,0,1140267_4875002
65,0,0,1140267_4885002
66,0,0,1140267_4895002
67,0,0,1140267_4905002
68,0,0,1140267_4915002
69,0,0,1140267_4925002
70,0,0,1140267_4935002
71,0,0,1140382_4944811
72,0,0,1140438_4955127
73,0,0,1140261_4964610
74,0,0,1140249_4975193
75,0,0,1140366_4984795
76,0,0,1140277_4994597
77,0,0,1142187_5003506
78,0,0,1149079_4862763
79,0,0,1148927_4870002
80,0,0,1148927_4880002
81,0,0,1148927_4890002
82,0,0,1148927_4900002
83,0,0,1148927_4910002
84,0,0,1148927_4920002
85,0,0,1148927_4930002
86,0,0,1148927_4940002
87,0,0,1148930_4950003
88,0,0,1148927_4960002
89,0,0,1148927_4970002
90,0,0,1148927_4980002
91,0,0,1148980_4990009
92,0,0,1149003_5000306
93,0,0,1149353_5009765
94,0,0,1151164_5016721
95,0,0,1157434_4865767
96,0,0,1157587_4875002
97,0,0,1157587_4885002
98,0,0,1157587_4895002
99,0,0,1157587_4905002
100,0,0,1157587_4915002
101,0,0,1157587_4925002
102,0,0,1157587_4935002
103,0,0,1157587_4945002
104,0,0,1157587_4955002
105,0,0,1157587_4965002
106,0,0,1157587_4975002
107,0,0,1157587_4985002
108,0,0,1157587_4995002
109,0,0,1157483_5004701
110,0,0,1158045_5015150
111,0,0,1159243_5022992
112,0,0,1163573_4863676
113,0,0,1164338_4870915
114,0,0,1166248_4880002
115,0,0,1166248_4890002
116,0,0,1166248_4900002
117,0,0,1166248_4910002
118,0,0,1166248_4920002
119,0,0,1166248_4930002
120,0,0,1166248_4940002
121,0,0,1166248_4950002
122,0,0,1166248_4960002
123,0,0,1166248_4970002
124,0,0,1166248_4980002
125,0,0,1166248_4990002
126,0,0,1166248_5000002
127,0,0,1166248_5010002
128,0,0,1166212_5019970
129,0,0,1167738_5028706
130,0,0,1170469_5038051
131,0,0,1176050_4749805
132,0,0,1176292_4753366
133,0,0,1175886_4763307
134,0,0,1175159_4876619
135,0,0,1174908_4885002
136,0,0,1174908_4895002
137,0,0,1174908_4905002
138,0,0,1174908_4915002
139,0,0,1174908_4925002
140,0,0,1174908_4935002
141,0,0,1174908_4945002
142,0,0,1174908_4955002
143,0,0,1174908_4965002
144,0,0,1174908_4975002
145,0,0,1174908_4985002
146,0,0,1174908_4995002
147,0,0,1174908_5005002
148,0,0,1174908_5015002
149,0,0,1174921_5024885
150,0,0,1174950_5034954
151,0,0,1177633_5042927
152,0,0,1184423_4751662
153,0,0,1185568_4757576
154,0,0,1188005_4769394
155,0,0,1187772_4807937
156,0,0,1184794_4872100
157,0,0,1183568_4880002
158,0,0,1183568_4890002
159,0,0,1183568_4900002
160,0,0,1183568_4910002
161,0,0,1183568_4920002
162,0,0,1183568_4930002
163,0,0,1183568_4940002
164,0,0,1183568_4950002
165,0,0,1183568_4960002
166,0,0,1183568_4970002
167,0,0,1183568_4980002
168,0,0,1183568_4990002
169,0,0,1183568_5000002
170,0,0,1183568_5010002
171,0,0,1183568_5020002
172,0,0,1183568_5030002
173,0,0,1183568_5040002
174,0,0,1184424_5047444
175,0,0,1188657_5059728
176,0,0,1189405_4749739
177,0,0,1191367_4755592
178,0,0,1192635_4764990
179,0,0,1193289_4773173
180,0,0,1195950_4784436
181,0,0,1191827_4805812
182,0,0,1196289_4813820
183,0,0,1194767_4856129
184,0,0,1193424_4866141
185,0,0,1192228_4875002
186,0,0,1192228_4885002
187,0,0,1192228_4895002
188,0,0,1192228_4905002
189,0,0,1192228_4915002
190,0,0,1192228_4925002
191,0,0,1192228_4935002
192,0,0,1192228_4945002
193,0,0,1192228_4955002
194,0,0,1192228_4965002
195,0,0,1192228_4975002
196,0,0,1192228_4985002
197,0,0,1192228_4995002
198,0,0,1192228_5005002
199,0,0,1192228_5015002
200,0,0,1192228_5025002
201,0,0,1192228_5035002
202,0,0,1191880_5044883
203,0,0,1192803_5054977
204,0,0,1193884_5064154
205,0,0,1195349_5070817
206,0,0,1200477_4762253
207,0,0,1200889_4770002
208,0,0,1201204_4780096
209,0,0,1202989_4789517
210,0,0,1201879_4800501
211,0,0,1201115_4809912
212,0,0,1201706_4815438
213,0,0,1204167_4842358
214,0,0,1200894_4852562
215,0,0,1200889_4860002
216,0,0,1200889_4870002
217,0,0,1200889_4880002
218,0,0,1200889_4890002
219,0,0,1200889_4900002
220,0,0,1200889_4910002
221,0,0,1200889_4920002
222,0,0,1200889_4930002
223,0,0,1200889_4940002
224,0,0,1200889_4950002
225,0,0,1200889_4960002
226,0,0,1200889_4970002
227,0,0,1200889_4980002
228,0,0,1200889_4990002
229,0,0,1200889_5000002
230,0,0,1200889_5010002
231,0,0,1200889_5020002
232,0,0,1200889_5030002
233,0,0,1201034_5039961
234,0,0,1200889_5050002
235,0,0,1200889_5060002
236,0,0,1201030_5069703
237,0,0,1203407_5077753
238,0,0,1205206_5087628
239,0,0,1209140_4765673
240,0,0,1209549_4775002
241,0,0,1209497_4784989
242,0,0,1209549_4795002
243,0,0,1209549_4805002
244,0,0,1209285_4813157
245,0,0,1211935_4839711
246,0,0,1206810_4849398
247,0,0,1209482_4856101
248,0,0,1209549_4865002
249,0,0,1209549_4875002
250,0,0,1209549_4885002
251,0,0,1209549_4895002
252,0,0,1209549_4905002
253,0,0,1209549_4915002
254,0,0,1209549_4925002
255,0,0,1209549_4935002
256,0,0,1209549_4945002
257,0,0,1209549_4955002
258,0,0,1209549_4965002
259,0,0,1209549_4975002
260,0,0,1209549_4985002
261,0,0,1209549_4995002
262,0,0,1209549_5005002
263,0,0,1209549_5015002
264,0,0,1209549_5025002
265,0,0,1209549_5035002
266,0,0,1209549_5045002
267,0,0,1209549_5055002
268,0,0,1209549_5065002
269,0,0,1209568_5074953
270,0,0,1211031_5085580
271,0,0,1212778_5092462
272,0,0,1218136_4764175
273,0,0,1217840_4770992
274,0,0,1218209_4780002
275,0,0,1217566_4789349
276,0,0,1218136_4800081
277,0,0,1215664_4808810
278,0,0,1216068_4852962
279,0,0,1218125_4860187
280,0,0,1218209_4870002
281,0,0,1218209_4880002
282,0,0,1218209_4890002
283,0,0,1218209_4900002
284,0,0,1218209_4910002
285,0,0,1218209_4920002
286,0,0,1218209_4930002
287,0,0,1218209_4940002
288,0,0,1218209_4950002
289,0,0,1218209_4960002
290,0,0,1218209_4970002
291,0,0,1218209_4980002
292,0,0,1218209_4990002
293,0,0,1218209_5000002
294,0,0,1218209_5010002
295,0,0,1218209_5020002
296,0,0,1218209_5030002
297,0,0,1218209_5040002
298,0,0,1218209_5050002
299,0,0,1218209_5060002
300,0,0,1218209_5070002
301,0,0,1218209_5080002
302,0,0,1218209_5090002
303,0,0,1220124_5098128
304,0,0,1224779_4769379
305,0,0,1226813_4775197
306,0,0,1226459_4784039
307,0,0,1226000_4795913
308,0,0,1224072_4801486
309,0,0,1227892_4843016
310,0,0,1227873_4856632
311,0,0,1226869_4865002
312,0,0,1226869_4875002
313,0,0,1226869_4885002
314,0,0,1226869_4895002
315,0,0,1226869_4905002
316,0,0,1226869_4915002
317,0,0,1226869_4925002
318,0,0,1226869_4935002
319,0,0,1226869_4945002
320,0,0,1226869_4955002
321,0,0,1226869_4965002
322,0,0,1226869_4975002
323,0,0,1226869_4985002
324,0,0,1226869_4995002
325,0,0,1226869_5005002
326,0,0,1226869_5015002
327,0,0,1226869_5025002
328,0,0,1226869_5035002
329,0,0,1226869_5045002
330,0,0,1226869_5055002
331,0,0,1226869_5065002
332,0,0,1226869_5075002
333,0,0,1226869_5085002
334,0,0,1226869_5095002
335,0,0,1227290_5104654
336,0,0,1229263_5113315
337,0,0,1233433_4772605
338,0,0,1233452_4780488
339,0,0,1233757_4789391
340,0,0,1235994_4801008
341,0,0,1238102_4832549
342,0,0,1236920_4840059
343,0,0,1235989_4850259
344,0,0,1235530_4860002
345,0,0,1235530_4870002
346,0,0,1235530_4880002
347,0,0,1235530_4890002
348,0,0,1235530_4900002
349,0,0,1235530_4910002
350,0,0,1235530_4920002
351,0,0,1235530_4930002
352,0,0,1235530_4940002
353,0,0,1235530_4950002
354,0,0,1235530_4960002
355,0,0,1235530_4970002
356,0,0,1235530_4980002
357,0,0,1235530_4990002
358,0,0,1235530_5000002
359,0,0,1235530_5010002
360,0,0,1235530_5020002
361,0,0,1235530_5030002
362,0,0,1235530_5040002
363,0,0,1235530_5050002
364,0,0,1235530_5060002
365,0,0,1235530_5070002
366,0,0,1235530_5080002
367,0,0,1235530_5090002
368,0,0,1235530_5100002
369,0,0,1235530_5110002
370,0,0,1235745_5116338
371,0,0,1239675_4795919
372,0,0,1248886_4805590
373,0,0,1243287_4827951
374,0,0,1244575_4836261
375,0,0,1245057_4845564
376,0,0,1244190_4855002
377,0,0,1244190_4865002
378,0,0,1244190_4875002
379,0,0,1244190_4885002
380,0,0,1244190_4895002
381,0,0,1244190_4905002
382,0,0,1244190_4915002
383,0,0,1244190_4925002
384,0,0,1244190_4935002
385,0,0,1244190_4945002
386,0,0,1244190_4955002
387,0,0,1244190_4965002
388,0,0,1244190_4975002
389,0,0,1244190_4985002
390,0,0,1244190_4995002
391,0,0,1244190_5005002
392,0,0,1244190_5015002
393,0,0,1244190_5025002
394,0,0,1244190_5035002
395,0,0,1244190_5045002
396,0,0,1244190_5055002
397,0,0,1244190_5065002
398,0,0,1244190_5075002
399,0,0,1244190_5085002
400,0,0,1244190_5095002
401,0,0,1244190_5105002
402,0,0,1244254_5114879
403,0,0,1246424_5121244
404,0,0,1253417_4804652
405,0,0,1256540_4810297
406,0,0,1249077_4823272
407,0,0,1252904_4831315
408,0,0,1252850_4840002
409,0,0,1252850_4850002
410,0,0,1252850_4860002
411,0,0,1252850_4870002
412,0,0,1252850_4880002
413,0,0,1252850_4890002
414,0,0,1252850_4900002
415,0,0,1252850_4910002
416,0,0,1252850_4920002
417,0,0,1252850_4930002
418,0,0,1252850_4940002
419,0,0,1252850_4950002
420,0,0,1252850_4960002
421,0,0,1252850_4970002
422,0,0,1252850_4980002
423,0,0,1252850_4990002
424,0,0,1252850_5000002
425,0,0,1252850_5010002
426,0,0,1252850_5020002
427,0,0,1252850_5030002
428,0,0,1252850_5040002
429,0,0,1252850_5050002
430,0,0,1252850_5060002
431,0,0,1252850_5070002
432,0,0,1252850_5080002
433,0,0,1252850_5090002
434,0,0,1252850_5100002
435,0,0,1252850_5110002
436,0,0,1252677_5117849
437,0,0,1257828_4807910
438,0,0,1259083_4811996
439,0,0,1258760_4829822
440,0,0,1261350_4835389
441,0,0,1261510_4845002
442,0,0,1261510_4855002
443,0,0,1261510_4865002
444,0,0,1261510_4875002
445,0,0,1261510_4885002
446,0,0,1261510_4895002
447,0,0,1261510_4905002
448,0,0,1261510_4915002
449,0,0,1261510_4925002
450,0,0,1261510_4935002
451,0,0,1261510_4945002
452,0,0,1261510_4955002
453,0,0,1261510_4965002
454,0,0,1261510_4975002
455,0,0,1261510_4985002
456,0,0,1261510_4995002
457,0,0,1261510_5005002
458,0,0,1261510_5015002
459,0,0,1261510_5025002
460,0,0,1261510_5035002
461,0,0,1261510_5045002
462,0,0,1261510_5055002
463,0,0,1261510_5065002
464,0,0,1261510_5075002
465,0,0,1261510_5085002
466,0,0,1261510_5095002
467,0,0,1261510_5105002
468,0,0,1261510_5115002
469,0,0,1263320_5121842
470,0,0,1265665_5133400
471,0,0,1269759_4834204
472,0,0,1270171_4840002
473,0,0,1270171_4850002
474,0,0,1270171_4860002
475,0,0,1270171_4870002
476,0,0,1270171_4880002
477,0,0,1270171_4890002
478,0,0,1270171_4900002
479,0,0,1270171_4910002
480,0,0,1270171_4920002
481,0,0,1270171_4930002
482,0,0,1270171_4940002
483,0,0,1270171_4950002
484,0,0,1270171_4960002
485,0,0,1270171_4970002
486,0,0,1270171_4980002
487,0,0,1270171_4990002
488,0,0,1270171_5000002
489,0,0,1270171_5010002
490,0,0,1270171_5020002
491,0,0,1270171_5030002
492,0,0,1270171_5040002
493,0,0,1270171_5050002
494,0,0,1270171_5060002
495,0,0,1270171_5070002
496,0,0,1270171_5080002
497,0,0,1270171_5090002
498,0,0,1270171_5100002
499,0,0,1270171_5110002
500,0,0,1270171_5120002
501,0,0,1271756_5128376
502,0,0,1269117_5135387
503,0,0,1282249_4826874
504,0,0,1279290_4835690
505,0,0,1278831_4845002
506,0,0,1278831_4855002
507,0,0,1278831_4865002
508,0,0,1278831_4875002
509,0,0,1278831_4885002
510,0,0,1278831_4895002
511,0,0,1278831_4905002
512,0,0,1278831_4915002
513,0,0,1278831_4925002
514,0,0,1278831_4935002
515,0,0,1278831_4945002
516,0,0,1278831_4955002
517,0,0,1278831_4965002
518,0,0,1278831_4975002
519,0,0,1278831_4985002
520,0,0,1278831_4995002
521,0,0,1278831_5005002
522,0,0,1278831_5015002
523,0,0,1278831_5025002
524,0,0,1278831_5035002
525,0,0,1278831_5045002
526,0,0,1278831_5055002
527,0,0,1278831_5065002
528,0,0,1278831_5075002
529,0,0,1278831_5085002
530,0,0,1278831_5095002
531,0,0,1278831_5105002
532,0,0,1278831_5115002
533,0,0,1278831_5125002
534,0,0,1280002_5133696
535,0,0,1288347_4824739
536,0,0,1287491_4830002
537,0,0,1287491_4840002
538,0,0,1287491_4850002
539,0,0,1287491_4860002
540,0,0,1287491_4870002
541,0,0,1287491_4880002
542,0,0,1287491_4890002
543,0,0,1287491_4900002
544,0,0,1287491_4910002
545,0,0,1287491_4920002
546,0,0,1287491_4930002
547,0,0,1287491_4940002
548,0,0,1287491_4950002
549,0,0,1287491_4960002
550,0,0,1287491_4970002
551,0,0,1287491_4980002
552,0,0,1287491_4990002
553,0,0,1287491_5000002
554,0,0,1287491_5010002
555,0,0,1287491_5020002
556,0,0,1287491_5030002
557,0,0,1287491_5040002
558,0,0,1287491_5050002
559,0,0,1287491_5060002
560,0,0,1287491_5070002
561,0,0,1287491_5080002
562,0,0,1287491_5090002
563,0,0,1287491_5100002
564,0,0,1287491_5110002
565,0,0,1287491_5120002
566,0,0,1287491_5130002
567,0,0,1287971_5139549
568,0,0,1290659_5147383
569,0,0,1295952_4826696
570,0,0,1296151_4835002
571,0,0,1296151_4845002
572,0,0,1296151_4855002
573,0,0,1296151_4865002
574,0,0,1296151_4875002
575,0,0,1296151_4885002
576,0,0,1296151_4895002
577,0,0,1296151_4905002
578,0,0,1296151_4915002
579,0,0,1296151_4925002
580,0,0,1296151_4935002
581,0,0,1296151_4945002
582,0,0,1296151_4955002
583,0,0,1296151_4965002
584,0,0,1296151_4975002
585,0,0,1296151_4985002
586,0,0,1296151_4995002
587,0,0,1296151_5005002
588,0,0,1296151_5015002
589,0,0,1296151_5025002
590,0,0,1296151_5035002
591,0,0,1296151_5045002
592,0,0,1296151_5055002
593,0,0,1296151_5065002
594,0,0,1296151_5075002
595,0,0,1296151_5085002
596,0,0,1296151_5095002
597,0,0,1296151_5105002
598,0,0,1296151_5115002
599,0,0,1296151_5125002
600,0,0,1296151_5135002
601,0,0,1296151_5145002
602,0,0,1297851_5152393
603,0,0,1302111_4824944
604,0,0,1304834_4830652
605,0,0,1304812_4840002
606,0,0,1304812_4850002
607,0,0,1304812_4860002
608,0,0,1304812_4870002
609,0,0,1304812_4880002
610,0,0,1304812_4890002
611,0,0,1304812_4900002
612,0,0,1304812_4910002
613,0,0,1304812_4920002
614,0,0,1304812_4930002
615,0,0,1304812_4940002
616,0,0,1304812_4950002
617,0,0,1304812_4960002
618,0,0,1304812_4970002
619,0,0,1304812_4980002
620,0,0,1304812_4990002
621,0,0,1304812_5000002
622,0,0,1304812_5010002
623,0,0,1304812_5020002
624,0,0,1304812_5030002
625,0,0,1304812_5040002
626,0,0,1304812_5050002
627,0,0,1304812_5060002
628,0,0,1304812_5070002
629,0,0,1304812_5080002
630,0,0,1304812_5090002
631,0,0,1304812_5100002
632,0,0,1304812_5110002
633,0,0,1304812_5120002
634,0,0,1304812_5130002
635,0,0,1304812_5140002
636,0,0,1304812_5150002
637,0,0,1306564_5157844
638,0,0,1311239_4828177
639,0,0,1313471_4835006
640,0,0,1313472_4845002
641,0,0,1313472_4855002
642,0,0,1313472_4865002
643,0,0,1313472_4875002
644,0,0,1313472_4885002
645,0,0,1313472_4895002
646,0,0,1313472_4905002
647,0,0,1313472_4915002
648,0,0,1313472_4925002
649,0,0,1313472_4935002
650,0,0,1313472_4945002
651,0,0,1313472_4955002
652,0,0,1313472_4965002
653,0,0,1313472_4975002
654,0,0,1313472_4985002
655,0,0,1313472_4995002
656,0,0,1313472_5005002
657,0,0,1313472_5015002
658,0,0,1313472_5025002
659,0,0,1313472_5035002
660,0,0,1313472_5045002
661,0,0,1313472_5055002
662,0,0,1313472_5065002
663,0,0,1313472_5075002
664,0,0,1313472_5085002
665,0,0,1313472_5095002
666,0,0,1313472_5105002
667,0,0,1313472_5115002
668,0,0,1313472_5125002
669,0,0,1313472_5135002
670,0,0,1313472_5145002
671,0,0,1313472_5155002
672,0,0,1313976_5161918
673,0,0,1321058_4832303
674,0,0,1322132_4840002
675,0,0,1322132_4850002
676,0,0,1322132_4860002
677,0,0,1322132_4870002
678,0,0,1322132_4880002
679,0,0,1322132_4890002
680,0,0,1322132_4900002
681,0,0,1322132_4910002
682,0,0,1322132_4920002
683,0,0,1322132_4930002
684,0,0,1322132_4940002
685,0,0,1322132_4950002
686,0,0,1322132_4960002
687,0,0,1322132_4970002
688,0,0,1322132_4980002
689,0,0,1322132_4990002
690,0,0,1322132_5000002
691,0,0,1322132_5010002
692,0,0,1322132_5020002
693,0,0,1322132_5030002
694,0,0,1322132_5040002
695,0,0,1322132_5050002
696,0,0,1322132_5060002
697,0,0,1322132_5070002
698,0,0,1322132_5080002
699,0,0,1322132_5090002
700,0,0,1322132_5100002
701,0,0,1322132_5110002
702,0,0,1322132_5120002
703,0,0,1322132_5130002
704,0,0,1322132_5140002
705,0,0,1322132_5150002
706,0,0,1322134_5160000
707,0,0,1323122_5166216
708,0,0,1329075_4837350
709,0,0,1330792_4845002
710,0,0,1330792_4855002
711,0,0,1330792_4865002
712,0,0,1330792_4875002
713,0,0,1330792_4885002
714,0,0,1330792_4895002
715,0,0,1330792_4905002
716,0,0,1330792_4915002
717,0,0,1330792_4925002
718,0,0,1330792_4935002
719,0,0,1330792_4945002
720,0,0,1330792_4955002
721,0,0,1330792_4965002
722,0,0,1330792_4975002
723,0,0,1330792_4985002
724,0,0,1330792_4995002
725,0,0,1330792_5005002
726,0,0,1330792_5015002
727,0,0,1330792_5025002
728,0,0,1330792_5035002
729,0,0,1330792_5045002
730,0,0,1330792_5055002
731,0,0,1330792_5065002
732,0,0,1330792_5075002
733,0,0,1330792_5085002
734,0,0,1330792_5095002
735,0,0,1330792_5105002
736,0,0,1330792_5115002
737,0,0,1330792_5125002
738,0,0,1330792_5135002
739,0,0,1330792_5145002
740,0,0,1330792_5155002
741,0,0,1330793_5165002
742,0,0,1332969_5172683
743,0,0,1338646_4841412
744,0,0,1339453_4850002
745,0,0,1339453_4860002
746,0,0,1339453_4870002
747,0,0,1339453_4880002
748,0,0,1339453_4890002
749,0,0,1339453_4900002
750,0,0,1339453_4910002
751,0,0,1339453_4920002
752,0,0,1339453_4930002
753,0,0,1339453_4940002
754,0,0,1339453_4950002
755,0,0,1339453_4960002
756,0,0,1339453_4970002
757,0,0,1339453_4980002
758,0,0,1339453_4990002
759,0,0,1339453_5000002
760,0,0,1339453_5010002
761,0,0,1339453_5020002
762,0,0,1339453_5030002
763,0,0,1339453_5040002
764,0,0,1339453_5050002
765,0,0,1339453_5060002
766,0,0,1339453_5070002
767,0,0,1339453_5080002
768,0,0,1339453_5090002
769,0,0,1339453_5100002
770,0,0,1339453_5110002
771,0,0,1339453_5120002
772,0,0,1339453_5130002
773,0,0,1339453_5140002
774,0,0,1339453_5150002
775,0,0,1339453_5160002
776,0,0,1339453_5170002
777,0,0,1340222_5179537
778,0,0,1342385_5187217
779,0,0,1346293_4846641
780,0,0,1348098_4854997
781,0,0,1348113_4865002
782,0,0,1348113_4875002
783,0,0,1348113_4885002
784,0,0,1348113_4895002
785,0,0,1348113_4905002
786,0,0,1348113_4915002
787,0,0,1348113_4925002
788,0,0,1348113_4935002
789,0,0,1348113_4945002
790,0,0,1348113_4955002
791,0,0,1348113_4965002
792,0,0,1348113_4975002
793,0,0,1348113_4985002
794,0,0,1348113_4995002
795,0,0,1348113_5005002
796,0,0,1348113_5015002
797,0,0,1348113_5025002
798,0,0,1348113_5035002
799,0,0,1348113_5045002
800,0,0,1348113_5055002
801,0,0,1348113_5065002
802,0,0,1348113_5075002
803,0,0,1348113_5085002
804,0,0,1348113_5095002
805,0,0,1348113_5105002
806,0,0,1348113_5115002
807,0,0,1348113_5125002
808,0,0,1348113_5135002
809,0,0,1348113_5145002
810,0,0,1348113_5155002
811,0,0,1348113_5165002
812,0,0,1348113_5175002
813,0,0,1348113_5185002
814,0,0,1349289_5190697
815,0,0,1352870_4851293
816,0,0,1353572_4862204
817,0,0,1356739_4870064
818,0,0,1356773_4880002
819,0,0,1356773_4890002
820,0,0,1356773_4900002
821,0,0,1356773_4910002
822,0,0,1356773_4920002
823,0,0,1356773_4930002
824,0,0,1356773_4940002
825,0,0,1356773_4950002
826,0,0,1356773_4960002
827,0,0,1356773_4970002
828,0,0,1356773_4980002
829,0,0,1356773_4990002
830,0,0,1356773_5000002
831,0,0,1356773_5010002
832,0,0,1356773_5020002
833,0,0,1356773_5030002
834,0,0,1356773_5040002
835,0,0,1356773_5050002
836,0,0,1356773_5060002
837,0,0,1356773_5070002
838,0,0,1356773_5080002
839,0,0,1356773_5090002
840,0,0,1356773_5100002
841,0,0,1356773_5110002
842,0,0,1356773_5120002
843,0,0,1356773_5130002
844,0,0,1356773_5140002
845,0,0,1356773_5150002
846,0,0,1356773_5160002
847,0,0,1356773_5170002
848,0,0,1356773_5180002
849,0,0,1356825_5189925
850,0,0,1359491_5198230
851,0,0,1362305_4868482
852,0,0,1364928_4875439
853,0,0,1365434_4885002
854,0,0,1365434_4895002
855,0,0,1365434_4905002
856,0,0,1365434_4915002
857,0,0,1365434_4925002
858,0,0,1365434_4935002
859,0,0,1365434_4945002
860,0,0,1365434_4955002
861,0,0,1365434_4965002
862,0,0,1365434_4975002
863,0,0,1365434_4985002
864,0,0,1365434_4995002
865,0,0,1365434_5005002
866,0,0,1365434_5015002
867,0,0,1365434_5025002
868,0,0,1365434_5035002
869,0,0,1365434_5045002
870,0,0,1365434_5055002
871,0,0,1365434_5065002
872,0,0,1365434_5075002
873,0,0,1365434_5085002
874,0,0,1365434_5095002
875,0,0,1365434_5105002
876,0,0,1365434_5115002
877,0,0,1365434_5125002
878,0,0,1365434_5135002
879,0,0,1365434_5145002
880,0,0,1365434_5155002
881,0,0,1365434_5165002
882,0,0,1365434_5175002
883,0,0,1365434_5185002
884,0,0,1365434_5195002
885,0,0,1366493_5204012
886,0,0,1368252_5210045
887,0,0,1373112_4881370
888,0,0,1374094_4890002
889,0,0,1374094_4900002
890,0,0,1374094_4910002
891,0,0,1374094_4920002
892,0,0,1374094_4930002
893,0,0,1374094_4940002
894,0,0,1374094_4950002
895,0,0,1374094_4960002
896,0,0,1374094_4970002
897,0,0,1374094_4980002
898,0,0,1374094_4990002
899,0,0,1374094_5000002
900,0,0,1374094_5010002
901,0,0,1374094_5020002
902,0,0,1374094_5030002
903,0,0,1374094_5040002
904,0,0,1374094_5050002
905,0,0,1374094_5060002
906,0,0,1374094_5070002
907,0,0,1374094_5080002
908,0,0,1374094_5090002
909,0,0,1374094_5100002
910,0,0,1374094_5110002
911,0,0,1374094_5120002
912,0,0,1374094_5130002
913,0,0,1374094_5140002
914,0,0,1374094_5150002
915,0,0,1374094_5160002
916,0,0,1374094_5170002
917,0,0,1374094_5180002
918,0,0,1374094_5190002
919,0,0,1374094_5200002
920,0,0,1374310_5209823
921,0,0,1376535_5218636
922,0,0,1379998_4886559
923,0,0,1381205_4895359
924,0,0,1382754_4905002
925,0,0,1382754_4915002
926,0,0,1382754_4925002
927,0,0,1382754_4935002
928,0,0,1382754_4945002
929,0,0,1382754_4955002
930,0,0,1382754_4965002
931,0,0,1382754_4975002
932,0,0,1382754_4985002
933,0,0,1382754_4995002
934,0,0,1382754_5005002
935,0,0,1382754_5015002
936,0,0,1382754_5025002
937,0,0,1382754_5035002
938,0,0,1382754_5045002
939,0,0,1382754_5055002
940,0,0,1382754_5065002
941,0,0,1382754_5075002
942,0,0,1382754_5085002
943,0,0,1382754_5095002
944,0,0,1382754_5105002
945,0,0,1382754_5115002
946,0,0,1382754_5125002
947,0,0,1382754_5135002
948,0,0,1382754_5145002
949,0,0,1382754_5155002
950,0,0,1382754_5165002
951,0,0,1382754_5175002
952,0,0,1382754_5185002
953,0,0,1382754_5195002
954,0,0,1382754_5205002
955,0,0,1382754_5215002
956,0,0,1383725_5223066
957,0,0,1387660_4902962
958,0,0,1390909_4910769
959,0,0,1391414_4920002
960,0,0,1391414_4930002
961,0,0,1391414_4940002
962,0,0,1391414_4950002
963,0,0,1391414_4960002
964,0,0,1391414_4970002
965,0,0,1391414_4980002
966,0,0,1391414_4990002
967,0,0,1391414_5000002
968,0,0,1391414_5010002
969,0,0,1391414_5020002
970,0,0,1391414_5030002
971,0,0,1391414_5040002
972,0,0,1391414_5050002
973,0,0,1391414_5060002
974,0,0,1391414_5070002
975,0,0,1391414_5080002
976,0,0,1391414_5090002
977,0,0,1391414_5100002
978,0,0,1391414_5110002
979,0,0,1391414_5120002
980,0,0,1391414_5130002
981,0,0,1391414_5140002
982,0,0,1391414_5150002
983,0,0,1391414_5160002
984,0,0,1391414_5170002
985,0,0,1391414_5180002
986,0,0,1391414_5190002
987,0,0,1391414_5200002
988,0,0,1391414_5210002
989,0,0,1391414_5220002
990,0,0,1392164_5228984
991,0,0,1397450_4908528
992,0,0,1400009_4915272
993,0,0,1400075_4925002
994,0,0,1400075_4935002
995,0,0,1400075_4945002
996,0,0,1400075_4955002
997,0,0,1400075_4965002
998,0,0,1400075_4975002
999,0,0,1400075_4985002
1000,0,0,1400075_4995002
1001,0,0,1400075_5005002
1002,0,0,1400075_5015002
1003,0,0,1400075_5025002
1004,0,0,1400075_5035002
1005,0,0,1400075_5045002
1006,0,0,1400075_5055002
1007,0,0,1400075_5065002
1008,0,0,1400075_5075002
1009,0,0,1400075_5085002
1010,0,0,1400075_5095002
1011,0,0,1400075_5105002
1012,0,0,1400075_5115002
1013,0,0,1400075_5125002
1014,0,0,1400075_5135002
1015,0,0,1400075_5145002
1016,0,0,1400075_5155002
1017,0,0,1400075_5165002
1018,0,0,1400075_5175002
1019,0,0,1400075_5185002
1020,0,0,1400075_5195002
1021,0,0,1400075_5205002
1022,0,0,1400075_5215002
1023,0,0,1400075_5225002
1024,0,0,1400817_5233071
1025,0,0,1408224_4913893
1026,0,0,1408232_4920409
1027,0,0,1408553_4929838
1028,0,0,1408735_4940002
1029,0,0,1408735_4950002
1030,0,0,1408735_4960002
1031,0,0,1408735_4970002
1032,0,0,1408735_4980002
1033,0,0,1408735_4990002
1034,0,0,1408735_5000002
1035,0,0,1408735_5010002
1036,0,0,1408735_5020002
1037,0,0,1408735_5030002
1038,0,0,1408735_5040002
1039,0,0,1408735_5050002
1040,0,0,1408735_5060002
1041,0,0,1408735_5070002
1042,0,0,1408735_5080002
1043,0,0,1408735_5090002
1044,0,0,1408735_5100002
1045,0,0,1408735_5110002
1046,0,0,1408735_5120002
1047,0,0,1408735_5130002
1048,0,0,1408735_5140002
1049,0,0,1408735_5150002
1050,0,0,1408735_5160002
1051,0,0,1408735_5170002
1052,0,0,1408735_5180002
1053,0,0,1408735_5190002
1054,0,0,1408735_5200002
1055,0,0,1408735_5210002
1056,0,0,1408735_5220002
1057,0,0,1408735_5230002
1058,0,0,1409875_5238499
1059,0,0,1416443_4916928
1060,0,0,1417200_4925530
1061,0,0,1414554_4935033
1062,0,0,1416206_4945759
1063,0,0,1417395_4955002
1064,0,0,1417395_4965002
1065,0,0,1417395_4975002
1066,0,0,1417395_4985002
1067,0,0,1417395_4995002
1068,0,0,1417395_5005002
1069,0,0,1417395_5015002
1070,0,0,1417395_5025002
1071,0,0,1417395_5035002
1072,0,0,1417395_5045002
1073,0,0,1417395_5055002
1074,0,0,1417395_5065002
1075,0,0,1417395_5075002
1076,0,0,1417395_5085002
1077,0,0,1417395_5095002
1078,0,0,1417395_5105002
1079,0,0,1417395_5115002
1080,0,0,1417395_5125002
1081,0,0,1417395_5135002
1082,0,0,1417395_5145002
1083,0,0,1417395_5155002
1084,0,0,1417395_5165002
1085,0,0,1417395_5175002
1086,0,0,1417395_5185002
1087,0,0,1417395_5195002
1088,0,0,1417395_5205002
1089,0,0,1417395_5215002
1090,0,0,1417395_5225002
1091,0,0,1417395_5235002
1092,0,0,1418222_5244099
1093,0,0,1420387_5250265
1094,0,0,1423120_4920402
1095,0,0,1423338_4926934
1096,0,0,1422276_4951320
1097,0,0,1425040_4960663
1098,0,0,1425795_4970118
1099,0,0,1425694_4980048
1100,0,0,1426055_4990002
1101,0,0,1426055_5000002
1102,0,0,1426055_5010002
1103,0,0,1426055_5020002
1104,0,0,1426055_5030002
1105,0,0,1426055_5040002
1106,0,0,1426055_5050002
1107,0,0,1426055_5060002
1108,0,0,1426055_5070002
1109,0,0,1426055_5080002
1110,0,0,1426055_5090002
1111,0,0,1426055_5100002
1112,0,0,1426055_5110002
1113,0,0,1426055_5120002
1114,0,0,1426055_5130002
1115,0,0,1426055_5140002
1116,0,0,1426055_5150002
1117,0,0,1426055_5160002
1118,0,0,1426055_5170002
1119,0,0,1426055_5180002
1120,0,0,1426055_5190002
1121,0,0,1426055_5200002
1122,0,0,1426055_5210002
1123,0,0,1426055_5220002
1124,0,0,1426055_5230002
1125,0,0,1426055_5240002
1126,0,0,1426123_5249927
1127,0,0,1428635_5258658
1128,0,0,1430206_4962844
1129,0,0,1431282_4973381
1130,0,0,1431043_4986193
1131,0,0,1433053_4995715
1132,0,0,1434716_5005002
1133,0,0,1434716_5015002
1134,0,0,1434716_5025002
1135,0,0,1434716_5035002
1136,0,0,1434716_5045002
1137,0,0,1434716_5055002
1138,0,0,1434716_5065002
1139,0,0,1434716_5075002
1140,0,0,1434716_5085002
1141,0,0,1434716_5095002
1142,0,0,1434716_5105002
1143,0,0,1434716_5115002
1144,0,0,1434716_5125002
1145,0,0,1434716_5135002
1146,0,0,1434716_5145002
1147,0,0,1434716_5155002
1148,0,0,1434716_5165002
1149,0,0,1434716_5175002
1150,0,0,1434716_5185002
1151,0,0,1434716_5195002
1152,0,0,1434716_5205002
1153,0,0,1434716_5215002
1154,0,0,1434716_5225002
1155,0,0,1434716_5235002
1156,0,0,1434716_5245002
1157,0,0,1434716_5255002
1158,0,0,1435100_5264726
1159,0,0,1437622_5272473
1160,0,0,1439704_5002012
1161,0,0,1442516_5010857
1162,0,0,1443376_5020002
1163,0,0,1443376_5030002
1164,0,0,1443376_5040002
1165,0,0,1443376_5050002
1166,0,0,1443376_5060002
1167,0,0,1443376_5070002
1168,0,0,1443376_5080002
1169,0,0,1443376_5090002
1170,0,0,1443376_5100002
1171,0,0,1443376_5110002
1172,0,0,1443376_5120002
1173,0,0,1443376_5130002
1174,0,0,1443376_5140002
1175,0,0,1443376_5150002
1176,0,0,1443376_5160002
1177,0,0,1443376_5170002
1178,0,0,1443376_5180002
1179,0,0,1443376_5190002
1180,0,0,1443376_5200002
1181,0,0,1443376_5210002
1182,0,0,1443376_5220002
1183,0,0,1443376_5230002
1184,0,0,1443376_5240002
1185,0,0,1443376_5250002
1186,0,0,1443376_5260002
1187,0,0,1443376_5270002
1188,0,0,1444990_5279028
1189,0,0,1447448_5287663
1190,0,0,1449299_5016614
1191,0,0,1451026_5025291
1192,0,0,1451564_5035000
1193,0,0,1451329_5044929
1194,0,0,1450934_5054925
1195,0,0,1451489_5065186
1196,0,0,1452036_5075002
1197,0,0,1452036_5085002
1198,0,0,1452036_5095002
1199,0,0,1452036_5105002
1200,0,0,1452036_5115002
1201,0,0,1452036_5125002
1202,0,0,1452036_5135002
1203,0,0,1452036_5145002
1204,0,0,1452036_5155002
1205,0,0,1452036_5165002
1206,0,0,1452036_5175002
1207,0,0,1452036_5185002
1208,0,0,1452036_5195002
1209,0,0,1452036_5205002
1210,0,0,1452036_5215002
1211,0,0,1452036_5225002
1212,0,0,1452036_5235002
1213,0,0,1452036_5245002
1214,0,0,1452036_5255002
1215,0,0,1452036_5265002
1216,0,0,1452036_5275002
1217,0,0,1452036_5285002
1218,0,0,1453289_5294612
1219,0,0,1454847_5303736
1220,0,0,1455229_5030097
1221,0,0,1455245_5039952
1222,0,0,1457319_5071756
1223,0,0,1458758_5079996
1224,0,0,1459873_5090565
1225,0,0,1460696_5100002
1226,0,0,1460696_5110002
1227,0,0,1460696_5120002
1228,0,0,1460696_5130002
1229,0,0,1460696_5140002
1230,0,0,1460696_5150002
1231,0,0,1460696_5160002
1232,0,0,1460696_5170002
1233,0,0,1460696_5180002
1234,0,0,1460696_5190002
1235,0,0,1460696_5200002
1236,0,0,1460696_5210002
1237,0,0,1460696_5220002
1238,0,0,1460696_5230002
1239,0,0,1460696_5240002
1240,0,0,1460696_5250002
1241,0,0,1460696_5260002
1242,0,0,1460696_5270002
1243,0,0,1460696_5280002
1244,0,0,1460696_5290002
1245,0,0,1460696_5300002
1246,0,0,1460979_5309869
1247,0,0,1462521_5319609
1248,0,0,1463192_5329757
1249,0,0,1464067_5338435
1250,0,0,1467408_5096985
1251,0,0,1469357_5105002
1252,0,0,1469357_5115002
1253,0,0,1469357_5125002
1254,0,0,1469357_5135002
1255,0,0,1469357_5145002
1256,0,0,1469357_5155002
1257,0,0,1469357_5165002
1258,0,0,1469357_5175002
1259,0,0,1469357_5185002
1260,0,0,1469357_5195002
1261,0,0,1469357_5205002
1262,0,0,1469357_5215002
1263,0,0,1469357_5225002
1264,0,0,1469357_5235002
1265,0,0,1469357_5245002
1266,0,0,1469357_5255002
1267,0,0,1469357_5265002
1268,0,0,1469357_5275002
1269,0,0,1469357_5285002
1270,0,0,1469357_5295002
1271,0,0,1469357_5305002
1272,0,0,1469357_5315002
1273,0,0,1469357_5325002
1274,0,0,1469357_5335002
1275,0,0,1469858_5344742
1276,0,0,1471093_5354693
1277,0,0,1472890_5364513
1278,0,0,1473057_5374209
1279,0,0,1475348_5103076
1280,0,0,1477968_5110080
1281,0,0,1478017_5120002
1282,0,0,1478017_5130002
1283,0,0,1478017_5140002
1284,0,0,1478017_5150002
1285,0,0,1478017_5160002
1286,0,0,1478017_5170002
1287,0,0,1478017_5180002
1288,0,0,1478017_5190002
1289,0,0,1478017_5200002
1290,0,0,1478017_5210002
1291,0,0,1478017_5220002
1292,0,0,1478017_5230002
1293,0,0,1478017_5240002
1294,0,0,1478017_5250002
1295,0,0,1478017_5260002
1296,0,0,1478017_5270002
1297,0,0,1478017_5280002
1298,0,0,1478017_5290002
1299,0,0,1478017_5300002
1300,0,0,1478017_5310002
1301,0,0,1478017_5320002
1302,0,0,1478017_5330002
1303,0,0,1478017_5340002
1304,0,0,1478017_5350002
1305,0,0,1478017_5360002
1306,0,0,1478017_5370003
1307,0,0,1478683_5376508
1308,0,0,1483863_5109067
1309,0,0,1486392_5115412
1310,0,0,1486677_5125002
1311,0,0,1486677_5135002
1312,0,0,1486677_5145002
1313,0,0,1486677_5155002
1314,0,0,1486677_5165002
1315,0,0,1486677_5175002
1316,0,0,1486677_5185002
1317,0,0,1486677_5195002
1318,0,0,1486677_5205002
1319,0,0,1486677_5215002
1320,0,0,1486677_5225002
1321,0,0,1486677_5235002
1322,0,0,1486677_5245002
1323,0,0,1486677_5255002
1324,0,0,1486677_5265002
1325,0,0,1486677_5275002
1326,0,0,1486677_5285002
1327,0,0,1486677_5295002
1328,0,0,1486677_5305002
1329,0,0,1486677_5315002
1330,0,0,1486677_5325002
1331,0,0,1486677_5335002
1332,0,0,1486677_5345002
1333,0,0,1486677_5355002
1334,0,0,1486677_5365003
1335,0,0,1486636_5374459
1336,0,0,1492573_5114800
1337,0,0,1495030_5120525
1338,0,0,1495337_5130002
1339,0,0,1495337_5140002
1340,0,0,1495337_5150002
1341,0,0,1495337_5160002
1342,0,0,1495337_5170002
1343,0,0,1495337_5180002
1344,0,0,1495337_5190002
1345,0,0,1495337_5200002
1346,0,0,1495337_5210002
1347,0,0,1495337_5220002
1348,0,0,1495337_5230002
1349,0,0,1495337_5240002
1350,0,0,1495337_5250002
1351,0,0,1495337_5260002
1352,0,0,1495337_5270002
1353,0,0,1495337_5280002
1354,0,0,1495337_5290002
1355,0,0,1495337_5300002
1356,0,0,1495337_5310002
1357,0,0,1495337_5320002
1358,0,0,1495337_5330002
1359,0,0,1495337_5340002
1360,0,0,1495337_5350002
1361,0,0,1495337_5360002
1362,0,0,1495337_5370003
1363,0,0,1496106_5379166
1364,0,0,1498232_5385335
1365,0,0,1501215_5119818
1366,0,0,1503646_5125557
1367,0,0,1503998_5135002
1368,0,0,1503998_5145002
1369,0,0,1503998_5155002
1370,0,0,1503998_5165002
1371,0,0,1503998_5175002
1372,0,0,1503998_5185002
1373,0,0,1503998_5195002
1374,0,0,1503998_5205002
1375,0,0,1503998_5215002
1376,0,0,1503998_5225002
1377,0,0,1503998_5235002
1378,0,0,1503998_5245002
1379,0,0,1503998_5255002
1380,0,0,1503998_5265002
1381,0,0,1503998_5275002
1382,0,0,1503998_5285002
1383,0,0,1503998_5295002
1384,0,0,1503998_5305002
1385,0,0,1503998_5315002
1386,0,0,1503998_5325002
1387,0,0,1503998_5335002
1388,0,0,1503998_5345002
1389,0,0,1503998_5355002
1390,0,0,1503998_5365003
1391,0,0,1503998_5375003
1392,0,0,1504205_5384734
1393,0,0,1507166_5392895
1394,0,0,1509787_5124968
1395,0,0,1512245_5130671
1396,0,0,1512658_5140002
1397,0,0,1512658_5150002
1398,0,0,1512658_5160002
1399,0,0,1512658_5170002
1400,0,0,1512658_5180002
1401,0,0,1512658_5190002
1402,0,0,1512658_5200002
1403,0,0,1512658_5210002
1404,0,0,1512658_5220002
1405,0,0,1512658_5230002
1406,0,0,1512658_5240002
1407,0,0,1512658_5250002
1408,0,0,1512658_5260002
1409,0,0,1512658_5270002
1410,0,0,1512658_5280002
1411,0,0,1512658_5290002
1412,0,0,1512658_5300002
1413,0,0,1512658_5310002
1414,0,0,1512658_5320002
1415,0,0,1512658_5330002
1416,0,0,1512658_5340002
1417,0,0,1512658_5350002
1418,0,0,1512658_5360002
1419,0,0,1512658_5370003
1420,0,0,1512658_5380003
1421,0,0,1512658_5390003
1422,0,0,1513579_5399576
1423,0,0,1515666_5408387
1424,0,0,1513091_6217641
1425,0,0,1520935_5135724
1426,0,0,1521318_5145002
1427,0,0,1521318_5155002
1428,0,0,1521318_5165002
1429,0,0,1521318_5175002
1430,0,0,1521318_5185002
1431,0,0,1521318_5195002
1432,0,0,1521318_5205002
1433,0,0,1521318_5215002
1434,0,0,1521318_5225002
1435,0,0,1521318_5235002
1436,0,0,1521318_5245002
1437,0,0,1521318_5255002
1438,0,0,1521318_5265002
1439,0,0,1521318_5275002
1440,0,0,1521318_5285002
1441,0,0,1521318_5295002
1442,0,0,1521318_5305002
1443,0,0,1521318_5315002
1444,0,0,1521318_5325002
1445,0,0,1521318_5335002
1446,0,0,1521318_5345002
1447,0,0,1521318_5355002
1448,0,0,1521318_5365003
1449,0,0,1521318_5375003
1450,0,0,1521318_5385003
1451,0,0,1521318_5395003
1452,0,0,1521318_5405003
1453,0,0,1522283_5414233
1454,0,0,1524553_5424338
1455,0,0,1525403_5434794
1456,0,0,1525503_5445292
1457,0,0,1525607_5454579
1458,0,0,1525215_5465597
1459,0,0,1525266_5472736
1460,0,0,1520564_6219443
1461,0,0,1527140_5134951
1462,0,0,1529773_5140483
1463,0,0,1529978_5150002
1464,0,0,1529978_5160002
1465,0,0,1529978_5170002
1466,0,0,1529978_5180002
1467,0,0,1529978_5190002
1468,0,0,1529978_5200002
1469,0,0,1529978_5210002
1470,0,0,1529978_5220002
1471,0,0,1529978_5230002
1472,0,0,1529978_5240002
1473,0,0,1529978_5250002
1474,0,0,1529978_5260002
1475,0,0,1529978_5270002
1476,0,0,1529978_5280002
1477,0,0,1529978_5290002
1478,0,0,1529978_5300002
1479,0,0,1529978_5310002
1480,0,0,1529978_5320002
1481,0,0,1529978_5330002
1482,0,0,1529978_5340002
1483,0,0,1529978_5350002
1484,0,0,1529978_5360002
1485,0,0,1529978_5370003
1486,0,0,1529978_5380003
1487,0,0,1529978_5390003
1488,0,0,1529978_5400003
1489,0,0,1529978_5410003
1490,0,0,1529978_5420003
1491,0,0,1530056_5429998
1492,0,0,1530013_5440003
1493,0,0,1529993_5450002
1494,0,0,1530056_5460004
1495,0,0,1529978_5470003
1496,0,0,1531489_5478803
1497,0,0,1536614_5139386
1498,0,0,1538577_5145117
1499,0,0,1538639_5155002
1500,0,0,1538639_5165002
1501,0,0,1538639_5175002
1502,0,0,1538639_5185002
1503,0,0,1538639_5195002
1504,0,0,1538639_5205002
1505,0,0,1538639_5215002
1506,0,0,1538639_5225002
1507,0,0,1538639_5235002
1508,0,0,1538639_5245002
1509,0,0,1538639_5255002
1510,0,0,1538639_5265002
1511,0,0,1538639_5275002
1512,0,0,1538639_5285002
1513,0,0,1538639_5295002
1514,0,0,1538639_5305002
1515,0,0,1538639_5315002
1516,0,0,1538639_5325002
1517,0,0,1538639_5335002
1518,0,0,1538639_5345002
1519,0,0,1538639_5355002
1520,0,0,1538639_5365003
1521,0,0,1538639_5375003
1522,0,0,1538639_5385003
1523,0,0,1538639_5395003
1524,0,0,1538639_5405003
1525,0,0,1538639_5415003
1526,0,0,1538639_5425003
1527,0,0,1538639_5435003
1528,0,0,1538639_5445003
1529,0,0,1538639_5455003
1530,0,0,1538639_5465003
1531,0,0,1538639_5475003
1532,0,0,1539099_5484237
1533,0,0,1541621_5490490
1534,0,0,1546416_5143886
1535,0,0,1547299_5150002
1536,0,0,1547299_5160002
1537,0,0,1547299_5170002
1538,0,0,1547299_5180002
1539,0,0,1547299_5190002
1540,0,0,1547299_5200002
1541,0,0,1547299_5210002
1542,0,0,1547299_5220002
1543,0,0,1547299_5230002
1544,0,0,1547299_5240002
1545,0,0,1547299_5250002
1546,0,0,1547299_5260002
1547,0,0,1547299_5270002
1548,0,0,1547299_5280002
1549,0,0,1547299_5290002
1550,0,0,1547299_5300002
1551,0,0,1547299_5310002
1552,0,0,1547299_5320002
1553,0,0,1547299_5330002
1554,0,0,1547299_5340002
1555,0,0,1547299_5350002
1556,0,0,1547299_5360002
1557,0,0,1547299_5370003
1558,0,0,1547299_5380003
1559,0,0,1547299_5390003
1560,0,0,1547299_5400003
1561,0,0,1547299_5410003
1562,0,0,1547299_5420003
1563,0,0,1547299_5430003
1564,0,0,1547299_5440003
1565,0,0,1547299_5450003
1566,0,0,1547299_5460003
1567,0,0,1547299_5470003
1568,0,0,1547299_5480003
1569,0,0,1547459_5489770
1570,0,0,1550317_5497641
1571,0,0,1555621_5147110
1572,0,0,1555959_5155002
1573,0,0,1555959_5165002
1574,0,0,1555959_5175002
1575,0,0,1555959_5185002
1576,0,0,1555959_5195002
1577,0,0,1555959_5205002
1578,0,0,1555959_5215002
1579,0,0,1555959_5225002
1580,0,0,1555959_5235002
1581,0,0,1555959_5245002
1582,0,0,1555959_5255002
1583,0,0,1555959_5265002
1584,0,0,1555959_5275002
1585,0,0,1555959_5285002
1586,0,0,1555959_5295002
1587,0,0,1555959_5305002
1588,0,0,1555959_5315002
1589,0,0,1555959_5325002
1590,0,0,1555959_5335002
1591,0,0,1555959_5345002
1592,0,0,1555959_5355002
1593,0,0,1555959_5365003
1594,0,0,1555959_5375003
1595,0,0,1555959_5385003
1596,0,0,1555959_5395003
1597,0,0,1555959_5405003
1598,0,0,1555959_5415003
1599,0,0,1555959_5425003
1600,0,0,1555959_5435003
1601,0,0,1555959_5445003
1602,0,0,1555959_5455003
1603,0,0,1555959_5465003
1604,0,0,1555959_5475003
1605,0,0,1555959_5485003
1606,0,0,1555959_5495003
1607,0,0,1557069_5502657
1608,0,0,1564555_5150411
1609,0,0,1564619_5160002
1610,0,0,1564619_5170002
1611,0,0,1564619_5180002
1612,0,0,1564619_5190002
1613,0,0,1564619_5200002
1614,0,0,1564619_5210002
1615,0,0,1564619_5220002
1616,0,0,1564619_5230002
1617,0,0,1564619_5240002
1618,0,0,1564619_5250002
1619,0,0,1564619_5260002
1620,0,0,1564619_5270002
1621,0,0,1564619_5280002
1622,0,0,1564619_5290002
1623,0,0,1564619_5300002
1624,0,0,1564619_5310002
1625,0,0,1564619_5320002
1626,0,0,1564619_5330002
1627,0,0,1564619_5340002
1628,0,0,1564619_5350002
1629,0,0,1564619_5360002
1630,0,0,1564619_5370003
1631,0,0,1564619_5380003
1632,0,0,1564619_5390003
1633,0,0,1564619_5400003
1634,0,0,1564619_5410003
1635,0,0,1564619_5420003
1636,0,0,1564619_5430003
1637,0,0,1564619_5440003
1638,0,0,1564619_5450003
1639,0,0,1564619_5460003
1640,0,0,1564619_5470003
1641,0,0,1564619_5480003
1642,0,0,1564619_5490003
1643,0,0,1564662_5499886
1644,0,0,1566180_5509276
1645,0,0,1567412_6184893
1646,0,0,1567129_6185873
1647,0,0,1573135_5148414
1648,0,0,1573280_5155002
1649,0,0,1573085_5164376
1650,0,0,1573119_5175256
1651,0,0,1573096_5184979
1652,0,0,1572748_5194972
1653,0,0,1572875_5205058
1654,0,0,1573280_5215002
1655,0,0,1573280_5225002
1656,0,0,1573280_5235002
1657,0,0,1573280_5245002
1658,0,0,1573280_5255002
1659,0,0,1573280_5265002
1660,0,0,1573280_5275002
1661,0,0,1573280_5285002
1662,0,0,1573280_5295002
1663,0,0,1573280_5305002
1664,0,0,1573280_5315002
1665,0,0,1573280_5325002
1666,0,0,1573280_5335002
1667,0,0,1573280_5345002
1668,0,0,1573280_5355002
1669,0,0,1573280_5365003
1670,0,0,1573280_5375003
1671,0,0,1573280_5385003
1672,0,0,1573280_5395003
1673,0,0,1573280_5405003
1674,0,0,1573280_5415003
1675,0,0,1573280_5425003
1676,0,0,1573280_5435003
1677,0,0,1573280_5445003
1678,0,0,1573280_5455003
1679,0,0,1573280_5465003
1680,0,0,1573280_5475003
1681,0,0,1573144_5484874
1682,0,0,1571093_5494288
1683,0,0,1571141_5505505
1684,0,0,1573214_5513451
1685,0,0,1575594_6179061
1686,0,0,1573967_6185279
1687,0,0,1571464_6190319
1688,0,0,1583850_5143455
1689,0,0,1581974_5150045
1690,0,0,1581940_5160002
1691,0,0,1581711_5169297
1692,0,0,1578691_5178648
1693,0,0,1576712_5189847
1694,0,0,1576400_5200024
1695,0,0,1578010_5211761
1696,0,0,1580219_5220954
1697,0,0,1581940_5230002
1698,0,0,1581940_5240002
1699,0,0,1581940_5250002
1700,0,0,1581940_5260002
1701,0,0,1581940_5270002
1702,0,0,1581940_5280002
1703,0,0,1581940_5290002
1704,0,0,1581940_5300002
1705,0,0,1581940_5310002
1706,0,0,1581940_5320002
1707,0,0,1581940_5330002
1708,0,0,1581940_5340002
1709,0,0,1581940_5350002
1710,0,0,1581940_5360002
1711,0,0,1581940_5370003
1712,0,0,1581940_5380003
1713,0,0,1581940_5390003
1714,0,0,1581940_5400003
1715,0,0,1581940_5410003
1716,0,0,1581940_5420003
1717,0,0,1581940_5430003
1718,0,0,1581940_5440003
1719,0,0,1581940_5450003
1720,0,0,1581940_5460003
1721,0,0,1581940_5470003
1722,0,0,1581296_5479221
1723,0,0,1579026_5485207
1724,0,0,1579103_5514953
1725,0,0,1582227_5515668
1726,0,0,1584380_6172189
1727,0,0,1581953_6180027
1728,0,0,1582406_6187016
1729,0,0,1591228_5139782
1730,0,0,1589884_5144921
1731,0,0,1590224_5155152
1732,0,0,1590467_5164769
1733,0,0,1589367_5170768
1734,0,0,1588809_5227703
1735,0,0,1590600_5235002
1736,0,0,1590600_5245002
1737,0,0,1590600_5255002
1738,0,0,1590600_5265002
1739,0,0,1590600_5275002
1740,0,0,1590600_5285002
1741,0,0,1590600_5295002
1742,0,0,1590600_5305002
1743,0,0,1590600_5315002
1744,0,0,1590600_5325002
1745,0,0,1590600_5335002
1746,0,0,1590600_5345002
1747,0,0,1590600_5355002
1748,0,0,1590600_5365003
1749,0,0,1590600_5375003
1750,0,0,1590600_5385003
1751,0,0,1590600_5395003
1752,0,0,1590600_5405003
1753,0,0,1590600_5415003
1754,0,0,1590600_5425003
1755,0,0,1590600_5435003
1756,0,0,1590600_5445003
1757,0,0,1590600_5455003
1758,0,0,1590600_5465003
1759,0,0,1590628_5474940
1760,0,0,1592999_5481326
1761,0,0,1590261_5514883
1762,0,0,1594236_6157764
1763,0,0,1591683_6165731
1764,0,0,1590115_6174362
1765,0,0,1590348_6185405
1766,0,0,1590209_6190760
1767,0,0,1598696_5142719
1768,0,0,1599920_5149888
1769,0,0,1599255_5159968
1770,0,0,1597945_5166847
1771,0,0,1597907_5232564
1772,0,0,1599260_5240002
1773,0,0,1599260_5250002
1774,0,0,1599260_5260002
1775,0,0,1599260_5270002
1776,0,0,1599260_5280002
1777,0,0,1599260_5290002
1778,0,0,1599260_5300002
1779,0,0,1599260_5310002
1780,0,0,1599260_5320002
1781,0,0,1599260_5330002
1782,0,0,1599260_5340002
1783,0,0,1599260_5350002
1784,0,0,1599260_5360002
1785,0,0,1599260_5370003
1786,0,0,1599260_5380003
1787,0,0,1599260_5390003
1788,0,0,1599260_5400003
1789,0,0,1599260_5410003
1790,0,0,1599260_5420003
1791,0,0,1599260_5430003
1792,0,0,1599096_5439852
1793,0,0,1598319_5449846
1794,0,0,1598267_5460192
1795,0,0,1599231_5470001
1796,0,0,1598078_5479567
1797,0,0,1598679_5485214
1798,0,0,1598821_5512505
1799,0,0,1601076_6151363
1800,0,0,1599260_6160003
1801,0,0,1598025_6168887
1802,0,0,1598043_6180502
1803,0,0,1598516_6189265
1804,0,0,1605370_5147067
1805,0,0,1606503_5154963
1806,0,0,1605340_5162501
1807,0,0,1606161_5237039
1808,0,0,1607921_5245002
1809,0,0,1607921_5255002
1810,0,0,1607921_5265002
1811,0,0,1607921_5275002
1812,0,0,1607921_5285002
1813,0,0,1607921_5295002
1814,0,0,1607921_5305002
1815,0,0,1607921_5315002
1816,0,0,1607921_5325002
1817,0,0,1607921_5335002
1818,0,0,1607921_5345002
1819,0,0,1607921_5355002
1820,0,0,1607921_5365003
1821,0,0,1607921_5375003
1822,0,0,1607921_5385003
1823,0,0,1607921_5395003
1824,0,0,1607921_5405003
1825,0,0,1607921_5415003
1826,0,0,1607892_5424890
1827,0,0,1606123_5434282
1828,0,0,1604250_5442033
1829,0,0,1604025_5465673
1830,0,0,1603987_5474586
1831,0,0,1610885_6099352
1832,0,0,1609446_6104942
1833,0,0,1610570_6136629
1834,0,0,1608049_6145070
1835,0,0,1606889_6154415
1836,0,0,1603668_6162672
1837,0,0,1604005_6192298
1838,0,0,1615227_5243254
1839,0,0,1616581_5250002
1840,0,0,1616581_5260002
1841,0,0,1616581_5270002
1842,0,0,1616581_5280002
1843,0,0,1616581_5290002
1844,0,0,1616581_5300002
1845,0,0,1616581_5310002
1846,0,0,1616581_5320002
1847,0,0,1616581_5330002
1848,0,0,1616581_5340002
1849,0,0,1616581_5350002
1850,0,0,1616581_5360002
1851,0,0,1616581_5370003
1852,0,0,1616581_5380003
1853,0,0,1616581_5390003
1854,0,0,1616581_5400003
1855,0,0,1616581_5410003
1856,0,0,1616582_5419961
1857,0,0,1616669_5428556
1858,0,0,1619466_6084997
1859,0,0,1618442_6091151
1860,0,0,1616585_6100175
1861,0,0,1617579_6109532
1862,0,0,1618334_6120217
1863,0,0,1616562_6130200
1864,0,0,1616033_6139118
1865,0,0,1613642_6149278
1866,0,0,1621665_5247761
1867,0,0,1623562_5255582
1868,0,0,1625241_5265002
1869,0,0,1625241_5275002
1870,0,0,1625241_5285002
1871,0,0,1625241_5295002
1872,0,0,1625241_5305002
1873,0,0,1625241_5315002
1874,0,0,1625241_5325002
1875,0,0,1625241_5335002
1876,0,0,1625241_5345002
1877,0,0,1625241_5355002
1878,0,0,1625241_5365003
1879,0,0,1625241_5375003
1880,0,0,1625241_5385003
1881,0,0,1625241_5395003
1882,0,0,1625241_5405003
1883,0,0,1625241_5415003
1884,0,0,1625241_5425003
1885,0,0,1627127_5433577
1886,0,0,1628039_6076975
1887,0,0,1625654_6085036
1888,0,0,1625305_6095092
1889,0,0,1625241_6105003
1890,0,0,1625241_6115003
1891,0,0,1625307_6123651
1892,0,0,1623894_6136935
1893,0,0,1627588_6141319
1894,0,0,1629618_5261872
1895,0,0,1631598_5270897
1896,0,0,1633383_5280239
1897,0,0,1633902_5290002
1898,0,0,1633902_5300002
1899,0,0,1633902_5310002
1900,0,0,1633902_5320002
1901,0,0,1633902_5330002
1902,0,0,1633902_5340002
1903,0,0,1633902_5350002
1904,0,0,1633902_5360002
1905,0,0,1633902_5370003
1906,0,0,1633902_5380003
1907,0,0,1633902_5390003
1908,0,0,1633902_5400003
1909,0,0,1633902_5410003
1910,0,0,1633902_5420003
1911,0,0,1633902_5430003
1912,0,0,1634307_5439250
1913,0,0,1635555_5445445
1914,0,0,1637123_6062490
1915,0,0,1634763_6070208
1916,0,0,1632863_6080378
1917,0,0,1633902_6090003
1918,0,0,1633902_6100003
1919,0,0,1633902_6110003
1920,0,0,1633902_6120003
1921,0,0,1633708_6129393
1922,0,0,1633122_6140290
1923,0,0,1636525_6147898
1924,0,0,1639322_5286542
1925,0,0,1640700_5295861
1926,0,0,1642562_5305002
1927,0,0,1642562_5315002
1928,0,0,1642562_5325002
1929,0,0,1642562_5335002
1930,0,0,1642562_5345002
1931,0,0,1642562_5355002
1932,0,0,1642562_5365003
1933,0,0,1642562_5375003
1934,0,0,1642562_5385003
1935,0,0,1642562_5395003
1936,0,0,1642562_5405003
1937,0,0,1642562_5415003
1938,0,0,1642562_5425003
1939,0,0,1642562_5435003
1940,0,0,1643762_5444125
1941,0,0,1645422_5450113
1942,0,0,1645558_6049597
1943,0,0,1643866_6055990
1944,0,0,1642562_6065003
1945,0,0,1642646_6074798
1946,0,0,1642308_6085766
1947,0,0,1642496_6094997
1948,0,0,1642562_6105003
1949,0,0,1642562_6115003
1950,0,0,1642500_6124294
1951,0,0,1647263_6135602
1952,0,0,1639628_6143891
1953,0,0,1649304_5303024
1954,0,0,1651222_5310002
1955,0,0,1651222_5320002
1956,0,0,1651222_5330002
1957,0,0,1651222_5340002
1958,0,0,1651222_5350002
1959,0,0,1651222_5360002
1960,0,0,1651222_5370003
1961,0,0,1651222_5380003
1962,0,0,1651222_5390003
1963,0,0,1651222_5400003
1964,0,0,1651222_5410003
1965,0,0,1651222_5420003
1966,0,0,1651222_5430003
1967,0,0,1651222_5440003
1968,0,0,1650725_5449267
1969,0,0,1651595_5455683
1970,0,0,1653454_6041860
1971,0,0,1651277_6050064
1972,0,0,1651222_6060003
1973,0,0,1651222_6070003
1974,0,0,1651491_6079824
1975,0,0,1651054_6090304
1976,0,0,1651267_6100052
1977,0,0,1651222_6110003
1978,0,0,1651224_6119950
1979,0,0,1652097_6129762
1980,0,0,1651266_6135536
1981,0,0,1656332_5304633
1982,0,0,1658517_5315948
1983,0,0,1659882_5325002
1984,0,0,1659882_5335002
1985,0,0,1659882_5345002
1986,0,0,1659882_5355002
1987,0,0,1659882_5365003
1988,0,0,1659882_5375003
1989,0,0,1659882_5385003
1990,0,0,1659882_5395003
1991,0,0,1659882_5405003
1992,0,0,1659882_5415003
1993,0,0,1659882_5425003
1994,0,0,1659872_5435012
1995,0,0,1659877_5444998
1996,0,0,1660745_5454709
1997,0,0,1663020_5461544
1998,0,0,1665284_5475198
1999,0,0,1663285_6027392
2000,0,0,1660635_6035546
2001,0,0,1659882_6045003
2002,0,0,1659882_6055003
2003,0,0,1659882_6065003
2004,0,0,1659882_6075003
2005,0,0,1659882_6085003
2006,0,0,1659894_6095011
2007,0,0,1659882_6105003
2008,0,0,1659865_6114978
2009,0,0,1659878_6125011
2010,0,0,1659260_6131377
2011,0,0,1666253_5322431
2012,0,0,1668490_5330055
2013,0,0,1668543_5340002
2014,0,0,1668543_5350002
2015,0,0,1668543_5360002
2016,0,0,1668543_5370003
2017,0,0,1668543_5380003
2018,0,0,1668543_5390003
2019,0,0,1668543_5400003
2020,0,0,1668543_5410003
2021,0,0,1668543_5420003
2022,0,0,1668689_5429441
2023,0,0,1667886_5439513
2024,0,0,1668666_5449632
2025,0,0,1668018_5460774
2026,0,0,1668788_5471025
2027,0,0,1670026_5479663
2028,0,0,1671862_5487581
2029,0,0,1671767_5633904
2030,0,0,1670136_5640600
2031,0,0,1669189_5650054
2032,0,0,1670408_5658981
2033,0,0,1671575_6014647
2034,0,0,1670026_6021105
2035,0,0,1668543_6030003
2036,0,0,1668543_6040003
2037,0,0,1668543_6050003
2038,0,0,1668543_6060003
2039,0,0,1668543_6070003
2040,0,0,1668543_6080003
2041,0,0,1668543_6090003
2042,0,0,1668543_6100003
2043,0,0,1668543_6110003
2044,0,0,1668939_6119637
2045,0,0,1666768_6127668
2046,0,0,1674434_5329496
2047,0,0,1674858_5334997
2048,0,0,1676462_5345442
2049,0,0,1677203_5355002
2050,0,0,1677203_5365003
2051,0,0,1677203_5375003
2052,0,0,1677203_5385003
2053,0,0,1677203_5395003
2054,0,0,1677203_5405003
2055,0,0,1677203_5415003
2056,0,0,1677204_5424993
2057,0,0,1677369_5434668
2058,0,0,1677740_5444417
2059,0,0,1676948_5454468
2060,0,0,1677113_5465305
2061,0,0,1674809_5476810
2062,0,0,1676801_5484540
2063,0,0,1680448_5492291
2064,0,0,1679492_5627205
2065,0,0,1677248_5635063
2066,0,0,1677203_5645003
2067,0,0,1677203_5655003
2068,0,0,1677676_5664300
2069,0,0,1679444_6006546
2070,0,0,1677241_6015042
2071,0,0,1677203_6025003
2072,0,0,1677203_6035003
2073,0,0,1677203_6045003
2074,0,0,1677203_6055003
2075,0,0,1677203_6065003
2076,0,0,1677203_6075003
2077,0,0,1677203_6085003
2078,0,0,1677203_6095003
2079,0,0,1677203_6105003
2080,0,0,1677203_6115003
2081,0,0,1676627_6123456
2082,0,0,1683626_5351903
2083,0,0,1685863_5360002
2084,0,0,1685863_5370003
2085,0,0,1685863_5380003
2086,0,0,1685863_5390003
2087,0,0,1685474_5399885
2088,0,0,1683995_5409810
2089,0,0,1685375_5420309
2090,0,0,1685945_5428768
2091,0,0,1685882_5440569
2092,0,0,1687044_5449306
2093,0,0,1685699_5459781
2094,0,0,1683871_5469857
2095,0,0,1684185_5478759
2096,0,0,1682097_5488998
2097,0,0,1684267_5497275
2098,0,0,1686790_5622846
2099,0,0,1685863_5630003
2100,0,0,1685863_5640003
2101,0,0,1685863_5650003
2102,0,0,1685863_5660003
2103,0,0,1686462_5669180
2104,0,0,1688741_5675873
2105,0,0,1691375_5980024
2106,0,0,1688613_5991476
2107,0,0,1686034_6000262
2108,0,0,1685863_6010003
2109,0,0,1685863_6020003
2110,0,0,1685863_6030003
2111,0,0,1685863_6040003
2112,0,0,1685863_6050003
2113,0,0,1685863_6060003
2114,0,0,1685863_6070003
2115,0,0,1685863_6080003
2116,0,0,1685863_6090003
2117,0,0,1685821_6099965
2118,0,0,1685545_6109804
2119,0,0,1683161_6119328
2120,0,0,1686175_6126954
2121,0,0,1690597_5357679
2122,0,0,1693550_5365759
2123,0,0,1694523_5375003
2124,0,0,1693621_5384764
2125,0,0,1693279_5394529
2126,0,0,1691557_5401960
2127,0,0,1693962_5426047
2128,0,0,1694350_5434541
2129,0,0,1694040_5445116
2130,0,0,1694465_5454652
2131,0,0,1693950_5463120
2132,0,0,1692188_5472482
2133,0,0,1689152_5485636
2134,0,0,1694981_5619226
2135,0,0,1694523_5625003
2136,0,0,1694523_5635003
2137,0,0,1694523_5645003
2138,0,0,1694523_5655003
2139,0,0,1694523_5665003
2140,0,0,1694880_5674159
2141,0,0,1695543_5975945
2142,0,0,1694661_5984988
2143,0,0,1693414_5994768
2144,0,0,1694533_6005018
2145,0,0,1694523_6015003
2146,0,0,1694523_6025003
2147,0,0,1694523_6035003
2148,0,0,1694523_6045003
2149,0,0,1694523_6055003
2150,0,0,1694523_6065003
2151,0,0,1694523_6075003
2152,0,0,1694523_6085003
2153,0,0,1694243_6094916
2154,0,0,1693848_6104640
2155,0,0,1694633_6111914
2156,0,0,1699970_5371850
2157,0,0,1701644_5377915
2158,0,0,1700446_5424106
2159,0,0,1702177_5430053
2160,0,0,1703671_5438603
2161,0,0,1702268_5450564
2162,0,0,1701020_5458470
2163,0,0,1703367_5620716
2164,0,0,1703184_5630003
2165,0,0,1703184_5640003
2166,0,0,1703184_5650003
2167,0,0,1703184_5660003
2168,0,0,1703184_5670003
2169,0,0,1703608_5679180
2170,0,0,1706310_5961307
2171,0,0,1702439_5972728
2172,0,0,1701860_5979505
2173,0,0,1704666_5991154
2174,0,0,1703020_6000250
2175,0,0,1703184_6010003
2176,0,0,1703184_6020003
2177,0,0,1703184_6030003
2178,0,0,1703184_6040003
2179,0,0,1703184_6050003
2180,0,0,1703184_6060003
2181,0,0,1703184_6070003
2182,0,0,1703184_6080003
2183,0,0,1703177_6089503
2184,0,0,1703532_6097712
2185,0,0,1699749_6109304
2186,0,0,1710422_5437916
2187,0,0,1712699_5443912
2188,0,0,1708181_5456720
2189,0,0,1710162_5460445
2190,0,0,1712321_5615901
2191,0,0,1711844_5625003
2192,0,0,1711844_5635003
2193,0,0,1711844_5645003
2194,0,0,1711844_5655003
2195,0,0,1711844_5665003
2196,0,0,1711844_5675003
2197,0,0,1711581_5682160
2198,0,0,1715179_5947107
2199,0,0,1712576_5955507
2200,0,0,1710530_5963334
2201,0,0,1714522_5975003
2202,0,0,1712989_5986888
2203,0,0,1711867_5994897
2204,0,0,1711902_6005233
2205,0,0,1711844_6015003
2206,0,0,1711844_6025003
2207,0,0,1711844_6035003
2208,0,0,1711844_6045003
2209,0,0,1711844_6055003
2210,0,0,1711844_6065003
2211,0,0,1711844_6075003
2212,0,0,1711863_6084904
2213,0,0,1712388_6094496
2214,0,0,1711473_6102145
2215,0,0,1715038_5439969
2216,0,0,1716433_5448776
2217,0,0,1722967_5602062
2218,0,0,1720732_5610166
2219,0,0,1720504_5620003
2220,0,0,1720504_5630003
2221,0,0,1720504_5640003
2222,0,0,1720504_5650003
2223,0,0,1720504_5660003
2224,0,0,1720504_5670003
2225,0,0,1720610_5679612
2226,0,0,1723412_5685355
2227,0,0,1723952_5931872
2228,0,0,1721587_5940621
2229,0,0,1719040_5950028
2230,0,0,1715809_5958728
2231,0,0,1721081_5972901
2232,0,0,1720240_5979524
2233,0,0,1721157_5990024
2234,0,0,1720328_6000091
2235,0,0,1720504_6010003
2236,0,0,1720504_6020003
2237,0,0,1720475_6029735
2238,0,0,1719214_6040374
2239,0,0,1720503_6050004
2240,0,0,1720504_6060003
2241,0,0,1720504_6070003
2242,0,0,1719759_6079701
2243,0,0,1718959_6089261
2244,0,0,1717716_6100457
2245,0,0,1720104_6105657
2246,0,0,1730532_5596775
2247,0,0,1729164_5605003
2248,0,0,1729164_5615003
2249,0,0,1729164_5625003
2250,0,0,1729164_5635003
2251,0,0,1729164_5645003
2252,0,0,1729164_5655003
2253,0,0,1729164_5665003
2254,0,0,1729164_5675003
2255,0,0,1729257_5684908
2256,0,0,1731439_5692545
2257,0,0,1732087_5899514
2258,0,0,1732291_5905304
2259,0,0,1731125_5915520
2260,0,0,1729957_5925303
2261,0,0,1729164_5935003
2262,0,0,1729864_5944410
2263,0,0,1730839_5955132
2264,0,0,1730484_5964706
2265,0,0,1729773_5975397
2266,0,0,1729355_5984964
2267,0,0,1729316_5994903
2268,0,0,1729164_6005003
2269,0,0,1728969_6014953
2270,0,0,1728375_6025058
2271,0,0,1728888_6033182
2272,0,0,1729160_6045056
2273,0,0,1729006_6055009
2274,0,0,1728836_6064849
2275,0,0,1727918_6073705
2276,0,0,1724483_6085555
2277,0,0,1740155_5423124
2278,0,0,1739243_5429238
2279,0,0,1738634_5592220
2280,0,0,1737825_5600003
2281,0,0,1737825_5610003
2282,0,0,1737825_5620003
2283,0,0,1737825_5630003
2284,0,0,1737825_5640003
2285,0,0,1737825_5650003
2286,0,0,1737825_5660003
2287,0,0,1737825_5670003
2288,0,0,1737825_5680003
2289,0,0,1737825_5690003
2290,0,0,1739104_5699355
2291,0,0,1740851_5709390
2292,0,0,1741766_5719484
2293,0,0,1742547_5729737
2294,0,0,1743087_5739725
2295,0,0,1743082_5749624
2296,0,0,1737548_5796110
2297,0,0,1743473_5880151
2298,0,0,1740533_5891240
2299,0,0,1737461_5900318
2300,0,0,1737825_5910003
2301,0,0,1737825_5920003
2302,0,0,1737795_5930002
2303,0,0,1737825_5940003
2304,0,0,1737825_5950003
2305,0,0,1737825_5960003
2306,0,0,1737825_5970003
2307,0,0,1737825_5980003
2308,0,0,1737849_5990011
2309,0,0,1737747_5999983
2310,0,0,1737141_6008464
2311,0,0,1732185_6019906
2312,0,0,1738297_6032542
2313,0,0,1737203_6040099
2314,0,0,1735552_6049227
2315,0,0,1736088_6059476
2316,0,0,1733042_6070054
2317,0,0,1743654_5419819
2318,0,0,1746170_5425327
2319,0,0,1746995_5434629
2320,0,0,1749529_5442978
2321,0,0,1749521_5450569
2322,0,0,1747298_5587838
2323,0,0,1746485_5595003
2324,0,0,1746485_5605003
2325,0,0,1746485_5615003
2326,0,0,1746485_5625003
2327,0,0,1746485_5635003
2328,0,0,1746485_5645003
2329,0,0,1746485_5655003
2330,0,0,1746485_5665003
2331,0,0,1746485_5675003
2332,0,0,1746485_5685003
2333,0,0,1746485_5695003
2334,0,0,1746485_5705003
2335,0,0,1746490_5715003
2336,0,0,1746559_5724998
2337,0,0,1746757_5735001
2338,0,0,1747063_5745045
2339,0,0,1748708_5753442
2340,0,0,1750659_5765129
2341,0,0,1749831_5775999
2342,0,0,1747688_5780354
2343,0,0,1751282_5855715
2344,0,0,1749951_5866832
2345,0,0,1748124_5875665
2346,0,0,1746063_5884786
2347,0,0,1744739_5894729
2348,0,0,1744007_5907113
2349,0,0,1746202_5914752
2350,0,0,1745591_5925158
2351,0,0,1746451_5935066
2352,0,0,1746464_5944992
2353,0,0,1746417_5954994
2354,0,0,1746483_5965003
2355,0,0,1746485_5975003
2356,0,0,1746485_5985003
2357,0,0,1745642_5994513
2358,0,0,1743317_6003860
2359,0,0,1742352_6032699
2360,0,0,1741473_6045974
2361,0,0,1757844_5413828
2362,0,0,1756955_5420417
2363,0,0,1754792_5431214
2364,0,0,1755145_5440003
2365,0,0,1756430_5449449
2366,0,0,1757767_5455646
2367,0,0,1758441_5472758
2368,0,0,1755210_5590295
2369,0,0,1755145_5600003
2370,0,0,1755145_5610003
2371,0,0,1755145_5620003
2372,0,0,1755145_5630003
2373,0,0,1755145_5640003
2374,0,0,1755145_5650003
2375,0,0,1755145_5660003
2376,0,0,1755145_5670003
2377,0,0,1755145_5680003
2378,0,0,1755145_5690003
2379,0,0,1755145_5700003
2380,0,0,1755145_5710003
2381,0,0,1755145_5720003
2382,0,0,1755145_5730003
2383,0,0,1755145_5740003
2384,0,0,1755145_5750003
2385,0,0,1755172_5760002
2386,0,0,1755178_5770003
2387,0,0,1754976_5778142
2388,0,0,1758236_5789377
2389,0,0,1757905_5800400
2390,0,0,1757560_5808672
2391,0,0,1759234_5831316
2392,0,0,1757877_5840479
2393,0,0,1756273_5850445
2394,0,0,1755398_5859995
2395,0,0,1755145_5870003
2396,0,0,1755506_5879881
2397,0,0,1756295_5888774
2398,0,0,1757393_5903627
2399,0,0,1756012_5911122
2400,0,0,1755411_5919000
2401,0,0,1754257_5929812
2402,0,0,1753587_5939907
2403,0,0,1752501_5949157
2404,0,0,1753391_5960534
2405,0,0,1754184_5970616
2406,0,0,1754862_5980121
2407,0,0,1753010_5987868
2408,0,0,1753010_6014496
2409,0,0,1754971_6018707
2410,0,0,1756454_6026826
2411,0,0,1755995_6064457
2412,0,0,1757785_6073019
2413,0,0,1757630_6075543
2414,0,0,1762916_5416306
2415,0,0,1763805_5425003
2416,0,0,1763805_5435003
2417,0,0,1763826_5444984
2418,0,0,1764029_5454729
2419,0,0,1766837_5464008
2420,0,0,1762228_5475553
2421,0,0,1766690_5579985
2422,0,0,1764290_5585840
2423,0,0,1763805_5595003
2424,0,0,1763805_5605003
2425,0,0,1763805_5615003
2426,0,0,1763805_5625003
2427,0,0,1763805_5635003
2428,0,0,1763805_5645003
2429,0,0,1763805_5655003
2430,0,0,1763805_5665003
2431,0,0,1763805_5675003
2432,0,0,1763805_5685003
2433,0,0,1763805_5695003
2434,0,0,1763805_5705003
2435,0,0,1763805_5715003
2436,0,0,1763805_5725003
2437,0,0,1763805_5735003
2438,0,0,1763805_5745003
2439,0,0,1763805_5755003
2440,0,0,1763805_5765003
2441,0,0,1763990_5774793
2442,0,0,1764485_5785769
2443,0,0,1764645_5795069
2444,0,0,1763805_5805003
2445,0,0,1764314_5814774
2446,0,0,1764245_5825088
2447,0,0,1763805_5835003
2448,0,0,1763805_5845003
2449,0,0,1763805_5855003
2450,0,0,1763805_5865003
2451,0,0,1763805_5875003
2452,0,0,1763827_5885001
2453,0,0,1764693_5893623
2454,0,0,1764065_5905331
2455,0,0,1763590_5915211
2456,0,0,1764376_5925883
2457,0,0,1761649_5946801
2458,0,0,1760594_5958480
2459,0,0,1765517_5967088
2460,0,0,1761927_5974007
2461,0,0,1760814_5983213
2462,0,0,1759969_6026933
2463,0,0,1758341_6074468
2464,0,0,1772508_5420752
2465,0,0,1772466_5430003
2466,0,0,1772466_5440003
2467,0,0,1772466_5450003
2468,0,0,1772466_5460003
2469,0,0,1772512_5469936
2470,0,0,1775158_5478346
2471,0,0,1775425_5572371
2472,0,0,1772577_5580122
2473,0,0,1772466_5590003
2474,0,0,1772466_5600003
2475,0,0,1772466_5610003
2476,0,0,1772466_5620003
2477,0,0,1772466_5630003
2478,0,0,1772466_5640003
2479,0,0,1772466_5650003
2480,0,0,1772466_5660003
2481,0,0,1772466_5670003
2482,0,0,1772466_5680003
2483,0,0,1772466_5690003
2484,0,0,1772466_5700003
2485,0,0,1772466_5710003
2486,0,0,1772466_5720003
2487,0,0,1772466_5730003
2488,0,0,1772466_5740003
2489,0,0,1772466_5750003
2490,0,0,1772466_5760003
2491,0,0,1772466_5770003
2492,0,0,1772466_5780002
2493,0,0,1772466_5790003
2494,0,0,1772466_5800003
2495,0,0,1772487_5809925
2496,0,0,1772917_5820471
2497,0,0,1772466_5830003
2498,0,0,1772466_5840003
2499,0,0,1772466_5850003
2500,0,0,1772466_5860003
2501,0,0,1772466_5870003
2502,0,0,1772466_5880003
2503,0,0,1772539_5889895
2504,0,0,1772641_5900183
2505,0,0,1772338_5909767
2506,0,0,1770645_5918116
2507,0,0,1770793_5929509
2508,0,0,1774744_5936042
2509,0,0,1769025_5947757
2510,0,0,1767872_5968424
2511,0,0,1785847_5395685
2512,0,0,1785018_5403951
2513,0,0,1781919_5416447
2514,0,0,1781126_5425003
2515,0,0,1781126_5435003
2516,0,0,1781126_5445003
2517,0,0,1781126_5455003
2518,0,0,1781126_5465003
2519,0,0,1781126_5475003
2520,0,0,1781540_5484792
2521,0,0,1783391_5494215
2522,0,0,1785121_5503693
2523,0,0,1785261_5556880
2524,0,0,1782404_5565937
2525,0,0,1781126_5575003
2526,0,0,1781126_5585003
2527,0,0,1781126_5595003
2528,0,0,1781126_5605003
2529,0,0,1781126_5615003
2530,0,0,1781126_5625003
2531,0,0,1781126_5635003
2532,0,0,1781126_5645003
2533,0,0,1781126_5655003
2534,0,0,1781126_5665003
2535,0,0,1781126_5675003
2536,0,0,1781126_5685003
2537,0,0,1781126_5695003
2538,0,0,1781126_5705003
2539,0,0,1781126_5715003
2540,0,0,1781126_5725003
2541,0,0,1781126_5735003
2542,0,0,1781126_5745003
2543,0,0,1781126_5755003
2544,0,0,1781126_5765003
2545,0,0,1781126_5775003
2546,0,0,1781126_5785003
2547,0,0,1781126_5795003
2548,0,0,1781126_5805003
2549,0,0,1781126_5815003
2550,0,0,1781126_5825003
2551,0,0,1781126_5835003
2552,0,0,1781126_5845003
2553,0,0,1781126_5855003
2554,0,0,1781126_5865003
2555,0,0,1781126_5875003
2556,0,0,1781126_5885003
2557,0,0,1781126_5895003
2558,0,0,1781114_5904994
2559,0,0,1780920_5913277
2560,0,0,1782217_5925755
2561,0,0,1777692_5936553
2562,0,0,1785032_5992787
2563,0,0,1785455_6025213
2564,0,0,1790127_5392993
2565,0,0,1789799_5400005
2566,0,0,1789938_5410013
2567,0,0,1789786_5420003
2568,0,0,1789786_5430003
2569,0,0,1789786_5440003
2570,0,0,1789786_5450003
2571,0,0,1789786_5460003
2572,0,0,1789786_5470003
2573,0,0,1789786_5480003
2574,0,0,1789786_5490003
2575,0,0,1789786_5500003
2576,0,0,1790243_5509890
2577,0,0,1791107_5519787
2578,0,0,1791674_5529943
2579,0,0,1791427_5540172
2580,0,0,1790662_5550232
2581,0,0,1789786_5560003
2582,0,0,1789786_5570003
2583,0,0,1789786_5580003
2584,0,0,1789786_5590003
2585,0,0,1789786_5600003
2586,0,0,1789786_5610003
2587,0,0,1789786_5620003
2588,0,0,1789786_5630003
2589,0,0,1789786_5640003
2590,0,0,1789786_5650003
2591,0,0,1789786_5660003
2592,0,0,1789786_5670003
2593,0,0,1789786_5680003
2594,0,0,1789786_5690003
2595,0,0,1789786_5700003
2596,0,0,1789786_5710003
2597,0,0,1789786_5720003
2598,0,0,1789786_5730003
2599,0,0,1789786_5740003
2600,0,0,1789786_5750003
2601,0,0,1789786_5760003
2602,0,0,1789786_5770003
2603,0,0,1789786_5780003
2604,0,0,1789786_5790003
2605,0,0,1789786_5800003
2606,0,0,1789786_5810003
2607,0,0,1789786_5820003
2608,0,0,1789786_5830003
2609,0,0,1789786_5840003
2610,0,0,1789786_5850003
2611,0,0,1789786_5860003
2612,0,0,1789786_5870003
2613,0,0,1789786_5880003
2614,0,0,1789786_5890003
2615,0,0,1789786_5900003
2616,0,0,1789737_5907873
2617,0,0,1790274_5922216
2618,0,0,1790920_5927672
2619,0,0,1787515_5991527
2620,0,0,1788121_5995254
2621,0,0,1791827_6022574
2622,0,0,1791126_6025040
2623,0,0,1797768_5396814
2624,0,0,1798446_5405003
2625,0,0,1798446_5415003
2626,0,0,1798446_5425003
2627,0,0,1798446_5435003
2628,0,0,1798446_5445003
2629,0,0,1798446_5455003
2630,0,0,1798446_5465003
2631,0,0,1798446_5475003
2632,0,0,1798446_5485003
2633,0,0,1798446_5495003
2634,0,0,1798446_5505003
2635,0,0,1798446_5515003
2636,0,0,1798446_5525003
2637,0,0,1798446_5535003
2638,0,0,1798446_5545003
2639,0,0,1798446_5555003
2640,0,0,1798446_5565003
2641,0,0,1798446_5575003
2642,0,0,1798446_5585003
2643,0,0,1798446_5595003
2644,0,0,1798446_5605003
2645,0,0,1798446_5615003
2646,0,0,1798446_5625003
2647,0,0,1798446_5635003
2648,0,0,1798446_5645003
2649,0,0,1798446_5655003
2650,0,0,1798446_5665003
2651,0,0,1798446_5675003
2652,0,0,1798446_5685003
2653,0,0,1798446_5695003
2654,0,0,1798446_5705003
2655,0,0,1798446_5715003
2656,0,0,1798446_5725003
2657,0,0,1798446_5735003
2658,0,0,1798446_5745003
2659,0,0,1798446_5755003
2660,0,0,1798446_5765003
2661,0,0,1798446_5775003
2662,0,0,1798446_5785003
2663,0,0,1798446_5795003
2664,0,0,1798446_5805003
2665,0,0,1798446_5815003
2666,0,0,1798446_5825003
2667,0,0,1798446_5835003
2668,0,0,1798446_5845003
2669,0,0,1798446_5855003
2670,0,0,1798446_5865003
2671,0,0,1798446_5875003
2672,0,0,1798446_5885003
2673,0,0,1798446_5895003
2674,0,0,1797717_5904228
2675,0,0,1795076_5916527
2676,0,0,1795813_5925303
2677,0,0,1795611_5930466
2678,0,0,1794945_6022528
2679,0,0,1805907_5401301
2680,0,0,1807107_5410003
2681,0,0,1807107_5420003
2682,0,0,1807107_5430003
2683,0,0,1807107_5440003
2684,0,0,1807107_5450003
2685,0,0,1807107_5460003
2686,0,0,1807107_5470003
2687,0,0,1807107_5480003
2688,0,0,1807107_5490003
2689,0,0,1807107_5500003
2690,0,0,1807107_5510003
2691,0,0,1807107_5520003
2692,0,0,1807107_5530003
2693,0,0,1807107_5540003
2694,0,0,1807107_5550003
2695,0,0,1807107_5560003
2696,0,0,1807107_5570003
2697,0,0,1807107_5580003
2698,0,0,1807107_5590003
2699,0,0,1807107_5600003
2700,0,0,1807107_5610003
2701,0,0,1807107_5620003
2702,0,0,1807107_5630003
2703,0,0,1807107_5640003
2704,0,0,1807107_5650003
2705,0,0,1807107_5660003
2706,0,0,1807107_5670003
2707,0,0,1807107_5680003
2708,0,0,1807107_5690003
2709,0,0,1807107_5700003
2710,0,0,1807107_5710003
2711,0,0,1807107_5720003
2712,0,0,1807107_5730003
2713,0,0,1807107_5740003
2714,0,0,1807107_5750003
2715,0,0,1807107_5760003
2716,0,0,1807107_5770003
2717,0,0,1807107_5780003
2718,0,0,1807107_5790003
2719,0,0,1807107_5800003
2720,0,0,1807107_5810003
2721,0,0,1807107_5820003
2722,0,0,1807107_5830003
2723,0,0,1807107_5840003
2724,0,0,1807107_5850003
2725,0,0,1807107_5860003
2726,0,0,1807107_5870003
2727,0,0,1805834_5878913
2728,0,0,1803420_5889810
2729,0,0,1803182_5899153
2730,0,0,1812058_5940716
2731,0,0,1810447_5952953
2732,0,0,1810299_5958317
2733,0,0,1808993_5966750
2734,0,0,1809393_5983075
2735,0,0,1809552_5990942
2736,0,0,1809866_5998513
2737,0,0,1814703_5406804
2738,0,0,1815767_5415003
2739,0,0,1815767_5425003
2740,0,0,1815767_5435003
2741,0,0,1815767_5445003
2742,0,0,1815767_5455003
2743,0,0,1815767_5465003
2744,0,0,1815767_5475003
2745,0,0,1815767_5485003
2746,0,0,1815767_5495003
2747,0,0,1815767_5505003
2748,0,0,1815767_5515003
2749,0,0,1815767_5525003
2750,0,0,1815767_5535003
2751,0,0,1815767_5545003
2752,0,0,1815767_5555003
2753,0,0,1815767_5565003
2754,0,0,1815767_5575003
2755,0,0,1815767_5585003
2756,0,0,1815767_5595003
2757,0,0,1815767_5605003
2758,0,0,1815767_5615003
2759,0,0,1815767_5625003
2760,0,0,1815767_5635003
2761,0,0,1815767_5645003
2762,0,0,1815767_5655003
2763,0,0,1815767_5665003
2764,0,0,1815767_5675003
2765,0,0,1815767_5685003
2766,0,0,1815767_5695003
2767,0,0,1815767_5705003
2768,0,0,1815767_5715003
2769,0,0,1815767_5725003
2770,0,0,1815767_5735003
2771,0,0,1815767_5745003
2772,0,0,1815767_5755003
2773,0,0,1815767_5765003
2774,0,0,1815767_5775003
2775,0,0,1815767_5785003
2776,0,0,1815767_5795003
2777,0,0,1815767_5805003
2778,0,0,1815767_5815003
2779,0,0,1815767_5825003
2780,0,0,1815767_5835003
2781,0,0,1815767_5845003
2782,0,0,1815767_5855003
2783,0,0,1815767_5865003
2784,0,0,1815881_5874375
2785,0,0,1818248_5915394
2786,0,0,1817977_5923775
2787,0,0,1818776_5935466
2788,0,0,1818284_5946623
2789,0,0,1815339_5954595
2790,0,0,1814283_5960586
2791,0,0,1818678_5979382
2792,0,0,1816863_5986624
2793,0,0,1815778_5994753
2794,0,0,1814811_6003611
2795,0,0,1816999_6010243
2796,0,0,1822658_5412323
2797,0,0,1824427_5420003
2798,0,0,1824427_5430003
2799,0,0,1824427_5440003
2800,0,0,1824427_5450003
2801,0,0,1824427_5460003
2802,0,0,1824427_5470003
2803,0,0,1824427_5480003
2804,0,0,1824427_5490003
2805,0,0,1824427_5500003
2806,0,0,1824427_5510003
2807,0,0,1824427_5520003
2808,0,0,1824427_5530003
2809,0,0,1824427_5540003
2810,0,0,1824427_5550003
2811,0,0,1824427_5560003
2812,0,0,1824427_5570003
2813,0,0,1824427_5580003
2814,0,0,1824427_5590003
2815,0,0,1824427_5600003
2816,0,0,1824427_5610003
2817,0,0,1824427_5620003
2818,0,0,1824427_5630003
2819,0,0,1824427_5640003
2820,0,0,1824427_5650003
2821,0,0,1824427_5660003
2822,0,0,1824427_5670003
2823,0,0,1824427_5680003
2824,0,0,1824427_5690003
2825,0,0,1824427_5700003
2826,0,0,1824427_5710003
2827,0,0,1824427_5720003
2828,0,0,1824427_5730003
2829,0,0,1824427_5740003
2830,0,0,1824427_5750003
2831,0,0,1824427_5760003
2832,0,0,1824427_5770003
2833,0,0,1824427_5780003
2834,0,0,1824427_5790003
2835,0,0,1824427_5800003
2836,0,0,1824427_5810003
2837,0,0,1824427_5820003
2838,0,0,1824427_5830003
2839,0,0,1824427_5840003
2840,0,0,1824427_5850003
2841,0,0,1824427_5860003
2842,0,0,1824427_5870003
2843,0,0,1825001_5879277
2844,0,0,1826566_5890457
2845,0,0,1826161_5900345
2846,0,0,1824613_5910136
2847,0,0,1824628_5919891
2848,0,0,1825166_5930387
2849,0,0,1824337_5940033
2850,0,0,1823085_5949746
2851,0,0,1822613_5955813
2852,0,0,1826146_5974744
2853,0,0,1824137_5979985
2854,0,0,1821750_5990522
2855,0,0,1823849_5998408
2856,0,0,1831529_5417566
2857,0,0,1833087_5425003
2858,0,0,1833087_5435003
2859,0,0,1833087_5445003
2860,0,0,1833087_5455003
2861,0,0,1833087_5465003
2862,0,0,1833087_5475003
2863,0,0,1833087_5485003
2864,0,0,1833087_5495003
2865,0,0,1833087_5505003
2866,0,0,1833087_5515003
2867,0,0,1833087_5525003
2868,0,0,1833087_5535003
2869,0,0,1833087_5545003
2870,0,0,1833087_5555003
2871,0,0,1833087_5565003
2872,0,0,1833087_5575003
2873,0,0,1833087_5585003
2874,0,0,1833087_5595003
2875,0,0,1833087_5605003
2876,0,0,1833087_5615003
2877,0,0,1833087_5625003
2878,0,0,1833087_5635003
2879,0,0,1833087_5645003
2880,0,0,1833087_5655003
2881,0,0,1833087_5665003
2882,0,0,1833087_5675003
2883,0,0,1833087_5685003
2884,0,0,1833087_5695003
2885,0,0,1833087_5705003
2886,0,0,1833087_5715003
2887,0,0,1833087_5725003
2888,0,0,1833087_5735003
2889,0,0,1833087_5745003
2890,0,0,1833087_5755003
2891,0,0,1833087_5765003
2892,0,0,1833087_5775003
2893,0,0,1833087_5785003
2894,0,0,1833087_5795003
2895,0,0,1833087_5805003
2896,0,0,1833087_5815003
2897,0,0,1833087_5825003
2898,0,0,1833087_5835003
2899,0,0,1833087_5845003
2900,0,0,1833087_5855003
2901,0,0,1833087_5865003
2902,0,0,1833087_5875003
2903,0,0,1833087_5885003
2904,0,0,1833087_5895003
2905,0,0,1833087_5905003
2906,0,0,1833048_5915000
2907,0,0,1833012_5924805
2908,0,0,1831087_5933850
2909,0,0,1829165_5943872
2910,0,0,1828120_5976053
2911,0,0,1838250_5422284
2912,0,0,1841291_5430689
2913,0,0,1841748_5440003
2914,0,0,1841748_5450003
2915,0,0,1841748_5460003
2916,0,0,1841748_5470003
2917,0,0,1841748_5480003
2918,0,0,1841748_5490003
2919,0,0,1841748_5500003
2920,0,0,1841748_5510003
2921,0,0,1841748_5520003
2922,0,0,1841748_5530003
2923,0,0,1841748_5540003
2924,0,0,1841748_5550003
2925,0,0,1841748_5560003
2926,0,0,1841748_5570003
2927,0,0,1841748_5580003
2928,0,0,1841748_5590003
2929,0,0,1841748_5600003
2930,0,0,1841748_5610003
2931,0,0,1841748_5620003
2932,0,0,1841748_5630003
2933,0,0,1841748_5640003
2934,0,0,1841748_5650003
2935,0,0,1841748_5660003
2936,0,0,1841748_5670003
2937,0,0,1841748_5680003
2938,0,0,1841748_5690003
2939,0,0,1841748_5700003
2940,0,0,1841748_5710003
2941,0,0,1841748_5720003
2942,0,0,1841748_5730003
2943,0,0,1841748_5740003
2944,0,0,1841748_5750003
2945,0,0,1841748_5760003
2946,0,0,1841748_5770003
2947,0,0,1841748_5780003
2948,0,0,1841748_5790003
2949,0,0,1841748_5800003
2950,0,0,1841748_5810003
2951,0,0,1841748_5820003
2952,0,0,1841748_5830003
2953,0,0,1841748_5840003
2954,0,0,1841748_5850003
2955,0,0,1841748_5860003
2956,0,0,1841748_5870003
2957,0,0,1841748_5880003
2958,0,0,1841748_5890003
2959,0,0,1841748_5900003
2960,0,0,1841784_5909887
2961,0,0,1841362_5919889
2962,0,0,1842054_5929041
2963,0,0,1847836_5429824
2964,0,0,1848604_5435865
2965,0,0,1850408_5445003
2966,0,0,1850408_5455003
2967,0,0,1850408_5465003
2968,0,0,1850408_5475003
2969,0,0,1850408_5485003
2970,0,0,1850408_5495003
2971,0,0,1850408_5505003
2972,0,0,1850408_5515003
2973,0,0,1850408_5525003
2974,0,0,1850408_5535003
2975,0,0,1850408_5545003
2976,0,0,1850408_5555003
2977,0,0,1850408_5565003
2978,0,0,1850408_5575003
2979,0,0,1850408_5585003
2980,0,0,1850408_5595003
2981,0,0,1850408_5605003
2982,0,0,1850408_5615003
2983,0,0,1850408_5625003
2984,0,0,1850408_5635003
2985,0,0,1850408_5645003
2986,0,0,1850408_5655003
2987,0,0,1850408_5665003
2988,0,0,1850408_5675003
2989,0,0,1850408_5685003
2990,0,0,1850408_5695003
2991,0,0,1850408_5705003
2992,0,0,1850408_5715003
2993,0,0,1850408_5725003
2994,0,0,1850408_5735003
2995,0,0,1850408_5745003
2996,0,0,1850408_5755003
2997,0,0,1850408_5765003
2998,0,0,1850408_5775003
2999,0,0,1850408_5785003
3000,0,0,1850408_5795003
3001,0,0,1850408_5805003
3002,0,0,1850408_5815003
3003,0,0,1850408_5825003
3004,0,0,1850408_5835003
3005,0,0,1850408_5845003
3006,0,0,1850408_5855003
3007,0,0,1850408_5865003
3008,0,0,1850397_5874996
3009,0,0,1850307_5885050
3010,0,0,1850312_5894883
3011,0,0,1849880_5904986
3012,0,0,1849069_5914540
3013,0,0,1847975_5924310
3014,0,0,1848780_5932254
3015,0,0,1850041_5944154
3016,0,0,1848450_5964059
3017,0,0,1855753_5442525
3018,0,0,1857303_5450663
3019,0,0,1858978_5460027
3020,0,0,1859068_5470003
3021,0,0,1859068_5480003
3022,0,0,1859068_5490003
3023,0,0,1859068_5500003
3024,0,0,1859068_5510003
3025,0,0,1859068_5520003
3026,0,0,1859068_5530003
3027,0,0,1859068_5540003
3028,0,0,1859068_5550003
3029,0,0,1859068_5560003
3030,0,0,1859068_5570003
3031,0,0,1859068_5580003
3032,0,0,1859068_5590003
3033,0,0,1859068_5600003
3034,0,0,1859068_5610003
3035,0,0,1859068_5620003
3036,0,0,1859068_5630003
3037,0,0,1859068_5640003
3038,0,0,1859068_5650003
3039,0,0,1859068_5660003
3040,0,0,1859068_5670003
3041,0,0,1859068_5680003
3042,0,0,1859068_5690003
3043,0,0,1859068_5700003
3044,0,0,1859068_5710003
3045,0,0,1859068_5720003
3046,0,0,1859068_5730003
3047,0,0,1859068_5740003
3048,0,0,1859068_5750003
3049,0,0,1859068_5760003
3050,0,0,1859068_5770003
3051,0,0,1859068_5780003
3052,0,0,1859068_5790003
3053,0,0,1859068_5800003
3054,0,0,1859068_5810003
3055,0,0,1859068_5820003
3056,0,0,1858830_5829872
3057,0,0,1857738_5840193
3058,0,0,1858086_5850227
3059,0,0,1857485_5859929
3060,0,0,1856252_5869083
3061,0,0,1855317_5880149
3062,0,0,1855721_5890616
3063,0,0,1856725_5897862
3064,0,0,1853982_5909585
3065,0,0,1857585_5915778
3066,0,0,1857164_5931801
3067,0,0,1860313_5942182
3068,0,0,1862945_5456595
3069,0,0,1866560_5466363
3070,0,0,1867728_5475003
3071,0,0,1867728_5485003
3072,0,0,1867728_5495003
3073,0,0,1867728_5505003
3074,0,0,1867728_5515003
3075,0,0,1867728_5525003
3076,0,0,1867728_5535003
3077,0,0,1867728_5545003
3078,0,0,1867728_5555003
3079,0,0,1867728_5565003
3080,0,0,1867728_5575003
3081,0,0,1867728_5585003
3082,0,0,1867728_5595003
3083,0,0,1867728_5605003
3084,0,0,1867728_5615003
3085,0,0,1867728_5625003
3086,0,0,1867728_5635003
3087,0,0,1867728_5645003
3088,0,0,1867728_5655003
3089,0,0,1867728_5665003
3090,0,0,1867728_5675003
3091,0,0,1867728_5685003
3092,0,0,1867728_5695003
3093,0,0,1867728_5705003
3094,0,0,1867728_5715003
3095,0,0,1867728_5725003
3096,0,0,1867728_5735003
3097,0,0,1867728_5745003
3098,0,0,1867728_5755003
3099,0,0,1867728_5765003
3100,0,0,1867728_5775003
3101,0,0,1867728_5785003
3102,0,0,1867728_5795003
3103,0,0,1867728_5805003
3104,0,0,1867728_5815003
3105,0,0,1867495_5824592
3106,0,0,1869768_5835468
3107,0,0,1866536_5844037
3108,0,0,1862574_5895749
3109,0,0,1872223_5905686
3110,0,0,1863511_5942582
3111,0,0,1872475_5472134
3112,0,0,1874203_5480860
3113,0,0,1876241_5490122
3114,0,0,1876389_5500003
3115,0,0,1876389_5510003
3116,0,0,1876389_5520003
3117,0,0,1876389_5530003
3118,0,0,1876389_5540003
3119,0,0,1876389_5550003
3120,0,0,1876389_5560003
3121,0,0,1876389_5570003
3122,0,0,1876389_5580003
3123,0,0,1876389_5590003
3124,0,0,1876389_5600003
3125,0,0,1876389_5610003
3126,0,0,1876389_5620003
3127,0,0,1876389_5630003
3128,0,0,1876389_5640003
3129,0,0,1876389_5650003
3130,0,0,1876389_5660003
3131,0,0,1876389_5670003
3132,0,0,1876389_5680003
3133,0,0,1876389_5690003
3134,0,0,1876389_5700003
3135,0,0,1876389_5710003
3136,0,0,1876389_5720003
3137,0,0,1876389_5730003
3138,0,0,1876389_5740003
3139,0,0,1876389_5750003
3140,0,0,1876389_5760003
3141,0,0,1876389_5770003
3142,0,0,1876389_5780003
3143,0,0,1876389_5790003
3144,0,0,1876389_5800003
3145,0,0,1876389_5810003
3146,0,0,1876032_5819751
3147,0,0,1876449_5829598
3148,0,0,1872857_5836878
3149,0,0,1874237_5903667
3150,0,0,1875119_5905709
3151,0,0,1882147_5489903
3152,0,0,1883762_5495983
3153,0,0,1885049_5505003
3154,0,0,1885049_5515003
3155,0,0,1885049_5525003
3156,0,0,1885049_5535003
3157,0,0,1885049_5545003
3158,0,0,1885049_5555003
3159,0,0,1885049_5565003
3160,0,0,1885049_5575003
3161,0,0,1885049_5585003
3162,0,0,1885049_5595003
3163,0,0,1885049_5605003
3164,0,0,1885049_5615003
3165,0,0,1885049_5625003
3166,0,0,1885049_5635003
3167,0,0,1885049_5645003
3168,0,0,1885049_5655003
3169,0,0,1885049_5665003
3170,0,0,1885049_5675003
3171,0,0,1885049_5685003
3172,0,0,1885049_5695003
3173,0,0,1885049_5705003
3174,0,0,1885049_5715003
3175,0,0,1885049_5725003
3176,0,0,1885049_5735003
3177,0,0,1885049_5745003
3178,0,0,1885049_5755003
3179,0,0,1885049_5765003
3180,0,0,1885049_5775003
3181,0,0,1885049_5785003
3182,0,0,1885049_5795003
3183,0,0,1885049_5805003
3184,0,0,1885049_5815003
3185,0,0,1884565_5823704
3186,0,0,1881824_5830637
3187,0,0,1888004_5867922
3188,0,0,1887915_5870125
3189,0,0,1891048_5502387
3190,0,0,1893394_5510344
3191,0,0,1893709_5520003
3192,0,0,1893709_5530003
3193,0,0,1893709_5540003
3194,0,0,1893709_5550003
3195,0,0,1893709_5560003
3196,0,0,1893709_5570003
3197,0,0,1893709_5580003
3198,0,0,1893709_5590003
3199,0,0,1893709_5600003
3200,0,0,1893709_5610003
3201,0,0,1893709_5620003
3202,0,0,1893709_5630003
3203,0,0,1893709_5640003
3204,0,0,1893709_5650003
3205,0,0,1893709_5660003
3206,0,0,1893709_5670003
3207,0,0,1893709_5680003
3208,0,0,1893709_5690003
3209,0,0,1893709_5700003
3210,0,0,1893709_5710003
3211,0,0,1893709_5720003
3212,0,0,1893709_5730003
3213,0,0,1893709_5740003
3214,0,0,1893709_5750003
3215,0,0,1893709_5760003
3216,0,0,1893709_5770003
3217,0,0,1893709_5780003
3218,0,0,1893709_5790003
3219,0,0,1893709_5800003
3220,0,0,1893709_5810003
3221,0,0,1892805_5818348
3222,0,0,1889469_5869107
3223,0,0,1899507_5509973
3224,0,0,1902276_5515354
3225,0,0,1902370_5525003
3226,0,0,1902370_5535003
3227,0,0,1902370_5545003
3228,0,0,1902370_5555003
3229,0,0,1902370_5565003
3230,0,0,1902370_5575003
3231,0,0,1902370_5585003
3232,0,0,1902370_5595003
3233,0,0,1902370_5605003
3234,0,0,1902370_5615003
3235,0,0,1902370_5625003
3236,0,0,1902370_5635003
3237,0,0,1902370_5645003
3238,0,0,1902370_5655003
3239,0,0,1902370_5665003
3240,0,0,1902370_5675003
3241,0,0,1902370_5685003
3242,0,0,1902370_5695003
3243,0,0,1902370_5705003
3244,0,0,1902370_5715003
3245,0,0,1902370_5725003
3246,0,0,1902370_5735003
3247,0,0,1902370_5745003
3248,0,0,1902370_5755003
3249,0,0,1902370_5765003
3250,0,0,1902370_5775003
3251,0,0,1902370_5785003
3252,0,0,1902370_5795003
3253,0,0,1902370_5805003
3254,0,0,1901781_5813506
3255,0,0,1901585_5829181
3256,0,0,1902169_5831046
3257,0,0,1906950_5512405
3258,0,0,1907396_5521173
3259,0,0,1909048_5530504
3260,0,0,1910960_5540084
3261,0,0,1911030_5550003
3262,0,0,1911030_5560003
3263,0,0,1911030_5570003
3264,0,0,1911030_5580003
3265,0,0,1911030_5590003
3266,0,0,1911030_5600003
3267,0,0,1911030_5610003
3268,0,0,1911030_5620003
3269,0,0,1911030_5630003
3270,0,0,1911030_5640003
3271,0,0,1911030_5650003
3272,0,0,1911030_5660003
3273,0,0,1911030_5670003
3274,0,0,1911030_5680003
3275,0,0,1911030_5690003
3276,0,0,1911030_5700003
3277,0,0,1911030_5710003
3278,0,0,1911030_5720003
3279,0,0,1911030_5730003
3280,0,0,1911030_5740003
3281,0,0,1911030_5750003
3282,0,0,1911030_5760003
3283,0,0,1911030_5770003
3284,0,0,1911030_5780003
3285,0,0,1911030_5790003
3286,0,0,1911030_5800003
3287,0,0,1910058_5808696
3288,0,0,1913916_5826019
3289,0,0,1916954_5539461
3290,0,0,1919510_5545295
3291,0,0,1919690_5555003
3292,0,0,1919690_5565003
3293,0,0,1919690_5575003
3294,0,0,1919690_5585003
3295,0,0,1919690_5595003
3296,0,0,1919690_5605003
3297,0,0,1919690_5615003
3298,0,0,1919690_5625003
3299,0,0,1919690_5635003
3300,0,0,1919690_5645003
3301,0,0,1919690_5655003
3302,0,0,1919690_5665003
3303,0,0,1919690_5675003
3304,0,0,1919690_5685003
3305,0,0,1919690_5695003
3306,0,0,1919690_5705003
3307,0,0,1919690_5715003
3308,0,0,1919690_5725003
3309,0,0,1919690_5735003
3310,0,0,1919690_5745003
3311,0,0,1919690_5755003
3312,0,0,1919690_5765003
3313,0,0,1919690_5775003
3314,0,0,1919690_5785003
3315,0,0,1919690_5795003
3316,0,0,1918676_5803246
3317,0,0,1925375_5544788
3318,0,0,1926474_5551048
3319,0,0,1927738_5560052
3320,0,0,1928350_5570003
3321,0,0,1928350_5580003
3322,0,0,1928350_5590003
3323,0,0,1928350_5600003
3324,0,0,1928350_5610003
3325,0,0,1928350_5620003
3326,0,0,1928344_5630003
3327,0,0,1928350_5640003
3328,0,0,1928350_5650003
3329,0,0,1928350_5660003
3330,0,0,1928350_5670003
3331,0,0,1928350_5680003
3332,0,0,1928350_5690003
3333,0,0,1928350_5700003
3334,0,0,1928350_5710003
3335,0,0,1928350_5720003
3336,0,0,1928350_5730003
3337,0,0,1928350_5740003
3338,0,0,1928350_5750003
3339,0,0,1928350_5760003
3340,0,0,1928350_5770003
3341,0,0,1928350_5780003
3342,0,0,1928350_5790003
3343,0,0,1927747_5798476
3344,0,0,1931802_5555944
3345,0,0,1933222_5566757
3346,0,0,1935518_5575804
3347,0,0,1936948_5585001
3348,0,0,1937011_5595003
3349,0,0,1936730_5604779
3350,0,0,1934945_5614723
3351,0,0,1934260_5623074
3352,0,0,1934900_5636401
3353,0,0,1937011_5645003
3354,0,0,1937011_5655003
3355,0,0,1937011_5665003
3356,0,0,1937011_5675003
3357,0,0,1937011_5685003
3358,0,0,1937011_5695003
3359,0,0,1937011_5705003
3360,0,0,1937011_5715003
3361,0,0,1937011_5725003
3362,0,0,1937011_5735003
3363,0,0,1937011_5745003
3364,0,0,1937011_5755003
3365,0,0,1937011_5765003
3366,0,0,1937011_5775003
3367,0,0,1937011_5785003
3368,0,0,1936853_5794489
3369,0,0,1940968_5805846
3370,0,0,1941448_5581698
3371,0,0,1942152_5591120
3372,0,0,1944748_5600297
3373,0,0,1942818_5605057
3374,0,0,1942589_5642867
3375,0,0,1944642_5650429
3376,0,0,1945671_5660003
3377,0,0,1945671_5670003
3378,0,0,1945671_5680003
3379,0,0,1945671_5690003
3380,0,0,1945671_5700003
3381,0,0,1945671_5710003
3382,0,0,1945671_5720003
3383,0,0,1945671_5730003
3384,0,0,1945671_5740003
3385,0,0,1945671_5750003
3386,0,0,1945671_5760003
3387,0,0,1945671_5770003
3388,0,0,1945671_5780003
3389,0,0,1945662_5789992
3390,0,0,1945107_5796924
3391,0,0,1950177_5603457
3392,0,0,1952674_5657686
3393,0,0,1954331_5665003
3394,0,0,1954331_5675003
3395,0,0,1954331_5685003
3396,0,0,1954331_5695003
3397,0,0,1954331_5705003
3398,0,0,1954331_5715003
3399,0,0,1954331_5725003
3400,0,0,1954331_5735003
3401,0,0,1954331_5745003
3402,0,0,1954331_5755003
3403,0,0,1954331_5765003
3404,0,0,1954331_5775003
3405,0,0,1954084_5784867
3406,0,0,1952085_5791648
3407,0,0,1950309_5802665
3408,0,0,1961922_5662572
3409,0,0,1962991_5670003
3410,0,0,1962991_5680003
3411,0,0,1962991_5690003
3412,0,0,1962991_5700003
3413,0,0,1962991_5710003
3414,0,0,1962991_5720003
3415,0,0,1962991_5730003
3416,0,0,1962991_5740003
3417,0,0,1962991_5750003
3418,0,0,1962991_5760003
3419,0,0,1962991_5770003
3420,0,0,1963021_5779685
3421,0,0,1962706_5786883
3422,0,0,1967232_5841527
3423,0,0,1971063_5666778
3424,0,0,1971652_5675003
3425,0,0,1971652_5685003
3426,0,0,1971652_5695003
3427,0,0,1971652_5705003
3428,0,0,1971652_5715003
3429,0,0,1971652_5725003
3430,0,0,1971652_5735003
3431,0,0,1971652_5745003
3432,0,0,1971652_5755003
3433,0,0,1971652_5765003
3434,0,0,1971652_5775003
3435,0,0,1971592_5783626
3436,0,0,1969671_5839129
3437,0,0,1969569_5840132
3438,0,0,1980233_5670537
3439,0,0,1980312_5680003
3440,0,0,1980312_5690003
3441,0,0,1980312_5700003
3442,0,0,1980312_5710003
3443,0,0,1980312_5720003
3444,0,0,1980312_5730003
3445,0,0,1980312_5740003
3446,0,0,1980312_5750003
3447,0,0,1980312_5760003
3448,0,0,1980312_5770003
3449,0,0,1980312_5780003
3450,0,0,1980475_5785837
3451,0,0,1988924_5668568
3452,0,0,1988972_5675003
3453,0,0,1988972_5685003
3454,0,0,1988972_5695003
3455,0,0,1988972_5705003
3456,0,0,1988972_5715003
3457,0,0,1988972_5725003
3458,0,0,1988972_5735003
3459,0,0,1988972_5745003
3460,0,0,1988972_5755003
3461,0,0,1988972_5765003
3462,0,0,1988972_5775003
3463,0,0,1989211_5784301
3464,0,0,1997631_5670866
3465,0,0,1997632_5680003
3466,0,0,1997632_5690003
3467,0,0,1997632_5700003
3468,0,0,1997632_5710003
3469,0,0,1997632_5720003
3470,0,0,1997632_5730003
3471,0,0,1997632_5740003
3472,0,0,1997632_5750003
3473,0,0,1997632_5760003
3474,0,0,1997632_5770003
3475,0,0,1997632_5780003
3476,0,0,1998195_5789282
3477,0,0,2000831_5796470
3478,0,0,2006708_5668215
3479,0,0,2006293_5675003
3480,0,0,2006293_5685003
3481,0,0,2006293_5695003
3482,0,0,2006293_5705003
3483,0,0,2006293_5715003
3484,0,0,2006293_5725003
3485,0,0,2006293_5735003
3486,0,0,2006293_5745003
3487,0,0,2006293_5755003
3488,0,0,2006293_5765003
3489,0,0,2006293_5775003
3490,0,0,2006293_5785003
3491,0,0,2006319_5794968
3492,0,0,2008153_5802943
3493,0,0,2019835_5639479
3494,0,0,2018891_5651171
3495,0,0,2017598_5662984
3496,0,0,2014978_5670056
3497,0,0,2014953_5680003
3498,0,0,2014953_5690003
3499,0,0,2014953_5700003
3500,0,0,2014953_5710003
3501,0,0,2014953_5720003
3502,0,0,2014953_5730003
3503,0,0,2014953_5740003
3504,0,0,2014953_5750003
3505,0,0,2014953_5760003
3506,0,0,2014953_5770003
3507,0,0,2014953_5780003
3508,0,0,2014953_5790003
3509,0,0,2014953_5800003
3510,0,0,2015628_5809638
3511,0,0,2017716_5817267
3512,0,0,2019827_5638316
3513,0,0,2021570_5647181
3514,0,0,2023102_5655314
3515,0,0,2022360_5664514
3516,0,0,2021828_5675290
3517,0,0,2022645_5685148
3518,0,0,2023408_5695076
3519,0,0,2023613_5705003
3520,0,0,2023613_5715003
3521,0,0,2023613_5725003
3522,0,0,2023613_5735003
3523,0,0,2023613_5745003
3524,0,0,2023613_5755003
3525,0,0,2023613_5765003
3526,0,0,2023613_5775003
3527,0,0,2023613_5785003
3528,0,0,2023613_5795003
3529,0,0,2023613_5805003
3530,0,0,2023655_5814881
3531,0,0,2025103_5820459
3532,0,0,2029409_5659095
3533,0,0,2027443_5691555
3534,0,0,2028822_5700017
3535,0,0,2032047_5710496
3536,0,0,2032273_5720003
3537,0,0,2032273_5730003
3538,0,0,2032273_5740003
3539,0,0,2032273_5750003
3540,0,0,2032273_5760003
3541,0,0,2032273_5770003
3542,0,0,2032273_5780003
3543,0,0,2032273_5790003
3544,0,0,2032273_5800003
3545,0,0,2032273_5810003
3546,0,0,2032629_5819599
3547,0,0,2032699_5825518
3548,0,0,2040445_5707686
3549,0,0,2040934_5715003
3550,0,0,2040934_5725003
3551,0,0,2040934_5735003
3552,0,0,2040934_5745003
3553,0,0,2040934_5755003
3554,0,0,2040934_5765003
3555,0,0,2040934_5775003
3556,0,0,2040934_5785003
3557,0,0,2040934_5795003
3558,0,0,2040934_5805003
3559,0,0,2040934_5815003
3560,0,0,2041409_5824556
3561,0,0,2042384_5831535
3562,0,0,2047812_5712353
3563,0,0,2049594_5720003
3564,0,0,2049594_5730003
3565,0,0,2049594_5740003
3566,0,0,2049594_5750003
3567,0,0,2049594_5760003
3568,0,0,2049594_5770003
3569,0,0,2049594_5780003
3570,0,0,2049594_5790003
3571,0,0,2049594_5800003
3572,0,0,2049594_5810003
3573,0,0,2049594_5820003
3574,0,0,2049472_5829045
3575,0,0,2055201_5718261
3576,0,0,2057358_5725184
3577,0,0,2058254_5735003
3578,0,0,2058254_5745003
3579,0,0,2058254_5755003
3580,0,0,2058254_5765003
3581,0,0,2058254_5775003
3582,0,0,2058254_5785003
3583,0,0,2058254_5795003
3584,0,0,2058254_5805003
3585,0,0,2058254_5815003
3586,0,0,2058254_5825003
3587,0,0,2058526_5831370
3588,0,0,2064019_5733155
3589,0,0,2064142_5739853
3590,0,0,2064497_5749780
3591,0,0,2065050_5760214
3592,0,0,2066220_5770697
3593,0,0,2066063_5780257
3594,0,0,2066914_5790003
3595,0,0,2066914_5800003
3596,0,0,2066914_5810003
3597,0,0,2066913_5820001
3598,0,0,2065471_5828206
3599,0,0,2070687_5774476
3600,0,0,2072288_5786228
3601,0,0,2074081_5795826
3602,0,0,2075575_5805003
3603,0,0,2075575_5815003
3604,0,0,2074778_5821042
3605,0,0,2080485_5802203
3606,0,0,2083304_5810616
3607,0,0,2082774_5817542
