Code,proportionToHere
1,0.0226666871458292
2,0.02266668900847435
3,0.02266668900847435
4,0.02266668900847435
5,
6,0.003238098230212927
7,0.022085491567850113
8,0.0226666908711195
9,0.013268304988741875
10,0.0226666871458292
11,0.02266668900847435
12,0.02266668900847435
13,0.01178667787462473
14,0.019728412851691246
15,0.02266668900847435
16,0.02266668900847435
17,0.017586223781108856
18,0.02266668900847435
19,0.01983335241675377
20,0.02266668900847435
21,0.02266668900847435
22,0.02266668900847435
23,0.02184244431555271
24,0.02266668900847435
25,0.02266668900847435
26,0.020578967407345772
27,0.020193958654999733
28,0.022312521934509277
29,0.022390266880393028
30,0.02266668900847435
31,0.0226666871458292
32,0.0226666871458292
33,0.02266668900847435
34,0.0226666908711195
35,0.02266668900847435
36,0.02266668900847435
37,0.0226666908711195
38,0.017515167593955994
39,0.02266668900847435
40,0.02266668900847435
41,0.02266668900847435
42,0.02266668900847435
43,0.021129963919520378
44,0.02266668900847435
45,0.0226666871458292
46,0.0
47,
48,0.0226666871458292
49,0.0226666908711195
50,0.0226666908711195
51,0.0226666908711195
52,0.0226666908711195
53,0.0226666908711195
54,0.02266668900847435
55,0.02266668900847435
56,0.02266668900847435
57,0.02266668900847435
58,0.02266668900847435
59,0.02266668900847435
60,0.02266668900847435
61,0.0226666871458292
62,0.0226666871458292
63,0.02266668900847435
64,0.0226666908711195
65,0.0226666908711195
66,0.0226666908711195
67,0.0226666908711195
68,0.0226666908711195
69,0.0226666908711195
70,0.0226666908711195
71,0.02266668900847435
72,0.02235618606209755
73,0.02266668900847435
74,0.02266668900847435
75,0.02266668900847435
76,0.02266668900847435
77,0.0226666871458292
78,0.021979818120598793
79,0.0226666908711195
80,0.0226666908711195
81,0.0226666908711195
82,0.018976762890815735
83,0.02213955670595169
84,0.0226666908711195
85,0.0226666908711195
86,0.0226666908711195
87,0.0226666908711195
88,0.0226666908711195
89,0.0226666908711195
90,0.0226666908711195
91,0.02266668900847435
92,0.02266668900847435
93,0.02266668900847435
94,0.02266668900847435
95,0.02266668900847435
96,0.022687384858727455
97,0.0185492355376482
98,0.017000017687678337
99,0.022677980363368988
100,0.0226666908711195
101,0.0226666908711195
102,0.022418653592467308
103,0.018698107451200485
104,0.021674543619155884
105,0.0226666908711195
106,0.0226666908711195
107,0.0226666908711195
108,0.0226666908711195
109,0.022539667785167694
110,0.0222490094602108
111,0.02215154841542244
112,0.022832263261079788
113,0.022824378684163094
114,0.022826485335826874
115,0.019109606742858887
116,0.022801456972956657
117,0.022766802459955215
118,0.022774504497647285
119,0.022795680910348892
120,0.01689271442592144
121,0.01809820532798767
122,0.0226666908711195
123,0.0201286431401968
124,0.0225888192653656
125,0.02124791592359543
126,0.022307289764285088
127,0.02215155027806759
128,0.02201301045715809
129,0.012800082564353943
130,0.011761031113564968
131,
132,0.01849578693509102
133,0.018495788797736168
134,0.02283226139843464
135,0.02283226139843464
136,0.02283226139843464
137,0.02283226139843464
138,0.02283226139843464
139,0.02283226139843464
140,0.02129788137972355
141,0.00484024453908205
142,0.022271350026130676
143,0.01685536839067936
144,0.022181501612067223
145,0.01669962704181671
146,0.02140810526907444
147,0.02215155027806759
148,0.02215155027806759
149,0.014640333130955696
150,0.011761031113564968
151,0.011761030182242393
152,0.018495790660381317
153,0.018495788797736168
154,0.018495788797736168
155,
156,0.02120138704776764
157,0.02283226139843464
158,0.02283226139843464
159,0.02183680236339569
160,0.016693586483597755
161,0.011052641086280346
162,0.01614890992641449
163,0.019674230366945267
164,0.02166161872446537
165,0.014056525193154812
166,0.01676229014992714
167,0.01088310033082962
168,0.02190658636391163
169,0.019946854561567307
170,0.02215155027806759
171,0.0185686144977808
172,0.011761031113564968
173,0.011761031113564968
174,0.011761032976210117
175,0.011761031113564968
176,
177,0.01783522590994835
178,0.018495788797736168
179,0.018495790660381317
180,0.018495788797736168
181,0.018495790660381317
182,0.018495788797736168
183,0.021986626088619232
184,0.022832263261079788
185,0.02259407751262188
186,0.02283226139843464
187,0.02233453094959259
188,0.008398077450692654
189,0.008398077450692654
190,0.008398077450692654
191,0.02215155027806759
192,0.02215155027806759
193,0.022296302020549774
194,0.017987126484513283
195,0.013087799772620201
196,0.013087798841297626
197,0.01235289964824915
198,0.020191820338368416
199,0.02166772074997425
200,0.011761031113564968
201,0.011761031113564968
202,0.011761030182242393
203,0.011761030182242393
204,0.011761030182242393
205,0.011761031113564968
206,0.018495790660381317
207,0.018495788797736168
208,0.01849578693509102
209,0.018495790660381317
210,0.018495788797736168
211,0.018272949382662773
212,0.018495788797736168
213,0.0
214,0.02217991277575493
215,0.02283226139843464
216,0.021574717015028
217,0.022046295925974846
218,0.01978171430528164
219,0.009405114687979221
220,0.008398077450692654
221,0.008398077450692654
222,0.01607443578541279
223,0.02215155027806759
224,0.02215155027806759
225,0.02215155027806759
226,0.02215155027806759
227,0.02215155027806759
228,0.02215155027806759
229,0.019800400361418724
230,0.016755200922489166
231,0.014298253692686558
232,0.011761030182242393
233,0.011761031113564968
234,0.011761030182242393
235,0.011761030182242393
236,0.010143889114260674
237,0.00928502343595028
238,
239,0.018495788797736168
240,0.018495788797736168
241,0.018495788797736168
242,0.018495788797736168
243,0.018495788797736168
244,0.018495788797736168
245,
246,
247,0.01973269134759903
248,0.018745237961411476
249,0.009847731329500675
250,0.009470835328102112
251,0.008547124452888966
252,0.00830067414790392
253,0.008717925287783146
254,0.014155345968902111
255,0.02215155027806759
256,0.02215155027806759
257,0.02215155027806759
258,0.02215155027806759
259,0.02215155027806759
260,0.02215155027806759
261,0.02215155027806759
262,0.01441907323896885
263,0.011761030182242393
264,0.011828584596514702
265,0.011761030182242393
266,0.011761030182242393
267,0.01148751750588417
268,0.009572931565344334
269,0.011624273844063282
270,0.012132750824093819
271,0.01253544818609953
272,
273,0.018495788797736168
274,0.01849578693509102
275,0.018495788797736168
276,0.018495788797736168
277,0.018495788797736168
278,0.012150808237493038
279,0.008689734153449535
280,0.009313642047345638
281,0.009221109561622143
282,0.008678991347551346
283,0.008254737593233585
284,0.008398079313337803
285,0.019025761634111404
286,0.02215154655277729
287,0.02177146077156067
288,0.02080013044178486
289,0.021475838497281075
290,0.02215154655277729
291,0.02215154655277729
292,0.02215154655277729
293,0.02049851231276989
294,0.014401736669242382
295,0.01677837409079075
296,0.0140056312084198
297,0.014731825329363346
298,0.01321341935545206
299,0.011827048845589161
300,0.011761031113564968
301,0.011761031113564968
302,0.01236824318766594
303,0.01253544818609953
304,0.018495788797736168
305,0.01805010810494423
306,0.018495790660381317
307,0.017708735540509224
308,0.015413157641887665
309,
310,0.0034666978754103184
311,0.0038266328629106283
312,0.007585263345390558
313,0.008970990777015686
314,0.008431917056441307
315,0.008431917987763882
316,0.013520724140107632
317,0.02215155027806759
318,0.016394956037402153
319,0.018435150384902954
320,0.018435150384902954
321,0.01916978694498539
322,0.021047307178378105
323,0.01348698977380991
324,0.014627057127654552
325,0.016052458435297012
326,0.017570586875081062
327,0.017570586875081062
328,0.017570586875081062
329,0.017570586875081062
330,0.017503034323453903
331,0.012670721858739853
332,0.011788045056164265
333,0.012121225707232952
334,0.012535447254776955
335,0.012535447254776955
336,0.012535449117422104
337,0.016814352944493294
338,0.018495790660381317
339,0.015853529796004295
340,0.018495788797736168
341,0.002959523117169738
342,0.003879114054143429
343,0.0043319896794855595
344,0.0009403983131051064
345,0.002311615040525794
346,0.008290166966617107
347,0.0085435900837183
348,0.0085435900837183
349,0.008851594291627407
350,0.020727461203932762
351,0.01988806575536728
352,0.018435150384902954
353,0.018435150384902954
354,0.018435150384902954
355,0.011967121623456478
356,0.0029983045533299446
357,0.002542274072766304
358,0.002039731480181217
359,0.007473123725503683
360,0.010624074377119541
361,0.017570586875081062
362,0.017570586875081062
363,0.017570586875081062
364,0.016750914976000786
365,0.012526443228125572
366,0.01247241348028183
367,0.012535447254776955
368,0.012535447254776955
369,0.012535447254776955
370,0.01253544818609953
371,
372,
373,0.003329218365252018
374,0.002851903671398759
375,0.001189553178846836
376,0.0015145504148676991
377,0.001322060008533299
378,0.006607480347156525
379,0.008543591015040874
380,0.008543591015040874
381,0.008543591015040874
382,0.015323941595852375
383,0.020150158554315567
384,0.018435148522257805
385,0.018435148522257805
386,0.018435148522257805
387,0.018435148522257805
388,0.003821011632680893
389,0.002542274072766304
390,0.0019804437179118395
391,0.0065039051696658134
392,0.01031033881008625
393,0.01273042056709528
394,0.013306631706655025
395,0.01399808470159769
396,0.014766623266041279
397,0.01595008373260498
398,0.012535447254776955
399,0.012535447254776955
400,0.012535447254776955
401,0.012535447254776955
402,0.012535447254776955
403,0.01253544818609953
404,
405,0.018495788797736168
406,
407,0.0009273906471207738
408,0.0010659414110705256
409,0.0006985877407714725
410,0.00045589313958771527
411,0.0037463679909706116
412,0.008543591015040874
413,0.008543591015040874
414,0.01579909585416317
415,0.01775297150015831
416,0.018435148522257805
417,0.018435148522257805
418,0.018435148522257805
419,0.018435148522257805
420,0.018435148522257805
421,0.017887117341160774
422,0.00400368869304657
423,0.002542274072766304
424,0.0033960160799324512
425,0.007467069663107395
426,0.007544530555605888
427,0.007544530555605888
428,0.007544530555605888
429,0.007544530555605888
430,0.006135089788585901
431,0.011770696379244328
432,0.012535447254776955
433,0.012535447254776955
434,0.012535447254776955
435,0.012535447254776955
436,0.012535449117422104
437,
438,0.018495788797736168
439,
440,9.80356489890255e-05
441,0.00011915097275050357
442,0.0001367556833429262
443,0.0016122747911140323
444,0.00587549339979887
445,0.006544406991451979
446,0.009150102734565735
447,0.006080183666199446
448,0.015011807903647423
449,0.018435150384902954
450,0.018435150384902954
451,0.018435150384902954
452,0.018435150384902954
453,0.018435150384902954
454,0.011028421111404896
455,0.0023872049059718847
456,0.001333612366579473
457,0.002918229205533862
458,0.007292574271559715
459,0.007544530555605888
460,0.007544530555605888
461,0.007544530555605888
462,0.007544530555605888
463,0.004340775310993195
464,0.008400674909353256
465,0.012535447254776955
466,0.012535447254776955
467,0.012535447254776955
468,0.012535447254776955
469,0.011875689029693604
470,
471,0.0008038316736929119
472,0.0007173104677349329
473,0.000783772673457861
474,0.0002650849928613752
475,0.0006452472880482674
476,0.0051596458069980145
477,0.004726859275251627
478,0.00472685880959034
479,0.008272942155599594
480,0.018435150384902954
481,0.018435150384902954
482,0.018435150384902954
483,0.018435150384902954
484,0.0165462214499712
485,0.009084507822990417
486,0.0038839918561279774
487,0.0044019995257258415
488,0.0051137423142790794
489,0.004932931158691645
490,0.007434024941176176
491,0.007081336807459593
492,0.005846154410392046
493,0.006347947288304567
494,0.0046495720744132996
495,0.004224977921694517
496,0.005384578835219145
497,0.007317244540899992
498,0.0123421810567379
499,0.012535447254776955
500,0.012535447254776955
501,0.01253544818609953
502,
503,0.005834898911416531
504,0.005834898911416531
505,0.005834899377077818
506,0.0039512999355793
507,0.0028645985294133425
508,0.004151311237365007
509,0.0065947542898356915
510,0.0070901308208703995
511,0.007137645501643419
512,0.012963800691068172
513,0.018435152247548103
514,0.018435152247548103
515,0.018435152247548103
516,0.017956560477614403
517,0.013444121927022934
518,0.012418568134307861
519,0.012418568134307861
520,0.012418568134307861
521,0.00826455932110548
522,0.007469087839126587
523,0.005696143489331007
524,0.00422497745603323
525,0.00412895530462265
526,0.00422497745603323
527,0.00422497745603323
528,0.00422497745603323
529,0.00422497745603323
530,0.0072671701200306416
531,0.015322303399443626
532,0.012535447254776955
533,0.012535447254776955
534,0.012298930436372757
535,
536,0.005834899842739105
537,0.005834899842739105
538,0.005834899842739105
539,0.005834899842739105
540,0.0024769350420683622
541,0.0004984335391782224
542,0.004180596210062504
543,0.007237964775413275
544,0.007368377409875393
545,0.013382612727582455
546,0.0171388890594244
547,0.018381137400865555
548,0.018435150384902954
549,0.018435150384902954
550,0.01752566546201706
551,0.013118168339133263
552,0.012418564409017563
553,0.011965169571340084
554,0.009074751287698746
555,0.007149675395339727
556,0.004224977921694517
557,0.004639920312911272
558,0.004496593959629536
559,0.0042100949212908745
560,0.0037828288041055202
561,0.0039793397299945354
562,0.0073426878079771996
563,0.02098267711699009
564,0.01636616513133049
565,0.012535447254776955
566,0.012535447254776955
567,0.012535447254776955
568,0.011490828357636929
569,0.005724806804209948
570,0.005834899842739105
571,0.005834899842739105
572,0.005834899842739105
573,0.004290236160159111
574,5.920230978517793e-05
575,5.920230978517793e-05
576,0.0036032518837600946
577,0.009020265191793442
578,0.011153554543852806
579,0.013790213502943516
580,0.013844223693013191
581,0.01551856379956007
582,0.01684400998055935
583,0.018435150384902954
584,0.014657295309007168
585,0.012418564409017563
586,0.012418564409017563
587,0.012246523052453995
588,0.012418564409017563
589,0.008538171648979187
590,0.00929125864058733
591,0.02212129905819893
592,0.01927478425204754
593,0.014493346214294434
594,0.010638723149895668
595,0.013134309090673923
596,0.020008396357297897
597,0.020393336191773415
598,0.012535447254776955
599,0.012535447254776955
600,0.012535447254776955
601,0.012535447254776955
602,0.010136591270565987
603,
604,0.005754969082772732
605,0.005951752886176109
606,0.00723714055493474
607,0.008405675180256367
608,0.0048383246175944805
609,0.006758423056453466
610,0.008403172716498375
611,0.01145606953650713
612,0.012127534486353397
613,0.013790210708975792
614,0.013405973091721535
615,0.007258163765072823
616,0.006585747003555298
617,0.007017521653324366
618,0.012221314944326878
619,0.012418568134307861
620,0.012418568134307861
621,0.012418568134307861
622,0.012390545569360256
623,0.012418568134307861
624,0.016019387170672417
625,0.02078804187476635
626,0.020028922706842422
627,0.008345384150743484
628,0.008583823218941689
629,0.020982680842280388
630,0.020982680842280388
631,0.020982680842280388
632,0.0182949248701334
633,0.012535447254776955
634,0.012535447254776955
635,0.012365073896944523
636,0.006998314056545496
637,0.005039021372795105
638,0.005001342389732599
639,0.009101295843720436
640,0.0106135169044137
641,0.010976449586451054
642,0.010976449586451054
643,0.010976449586451054
644,0.010976449586451054
645,0.01316125225275755
646,0.013472001068294048
647,0.013790212571620941
648,0.013790212571620941
649,0.008154718205332756
650,0.005321761593222618
651,0.005321761593222618
652,0.005927105899900198
653,0.011153998784720898
654,0.012695704586803913
655,0.012418565340340137
656,0.012418565340340137
657,0.012418565340340137
658,0.012418565340340137
659,0.013132242485880852
660,0.014763502404093742
661,0.014967409893870354
662,0.02098267897963524
663,0.015487213619053364
664,0.015737008303403854
665,0.020483091473579407
666,0.02088211476802826
667,0.014245003461837769
668,0.012535447254776955
669,0.012446203269064426
670,0.006377669516950846
671,0.00503902230411768
672,0.005039021372795105
673,0.010976451449096203
674,0.010976448655128479
675,0.010976448655128479
676,0.010976448655128479
677,0.010976448655128479
678,0.010976448655128479
679,0.010976448655128479
680,0.012367158196866512
681,0.013790210708975792
682,0.013405973091721535
683,0.008122699335217476
684,0.0053369733504951
685,0.0053369733504951
686,0.008314460515975952
687,0.011613840237259865
688,0.012445061467587948
689,0.012418568134307861
690,0.012418568134307861
691,0.012418568134307861
692,0.012418568134307861
693,0.012418568134307861
694,0.012418568134307861
695,0.012418568134307861
696,0.013878360390663147
697,0.018975770100951195
698,0.020861638709902763
699,0.020425109192728996
700,0.020700247958302498
701,0.020982680842280388
702,0.014839237555861473
703,0.007850181311368942
704,0.0055501414462924
705,0.005039021372795105
706,0.00498175946995616
707,0.004679091274738312
708,0.010976453311741352
709,0.010976448655128479
710,0.010976448655128479
711,0.010976448655128479
712,0.010976448655128479
713,0.01086350902915001
714,0.011469624936580658
715,0.013628503307700157
716,0.01379021443426609
717,0.00718308100476861
718,0.0053369733504951
719,0.0053369733504951
720,0.007941699586808681
721,0.012418563477694988
722,0.012418563477694988
723,0.012418563477694988
724,0.012418563477694988
725,0.012418563477694988
726,0.01235605962574482
727,0.012332023121416569
728,0.012418563477694988
729,0.012418563477694988
730,0.012730694375932217
731,0.013823150657117367
732,0.018817229196429253
733,0.01930941827595234
734,0.01930941827595234
735,0.01959509588778019
736,0.02057456597685814
737,0.016985371708869934
738,0.005039022769778967
739,0.005039022769778967
740,0.005039022769778967
741,0.005531091708689928
742,0.00746040279045701
743,0.010773181915283203
744,0.01045991014689207
745,0.010976449586451054
746,0.010976449586451054
747,0.01078378688544035
748,0.010321399196982384
749,0.012484303675591946
750,0.01338377594947815
751,0.013790213502943516
752,0.00915234163403511
753,0.007845506072044373
754,0.007610331755131483
755,0.010614166967570782
756,0.012389039620757103
757,0.012418564409017563
758,0.012418564409017563
759,0.012418564409017563
760,0.012236480601131916
761,0.012000263668596745
762,0.012113453820347786
763,0.0123545927926898
764,0.012604037299752235
765,0.018248967826366425
766,0.019207391887903214
767,0.019207391887903214
768,0.019207391887903214
769,0.019207391887903214
770,0.019207391887903214
771,0.01941625028848648
772,0.013706730678677559
773,0.00503902230411768
774,0.00503902230411768
775,0.006935106124728918
776,0.007557259406894445
777,0.007557258941233158
778,0.007557258475571871
779,0.010109891183674335
780,0.010976448655128479
781,0.010954118333756924
782,0.00990502443164587
783,0.010321400128304958
784,0.011898132972419262
785,0.013790210708975792
786,0.013790210708975792
787,0.012130620889365673
788,0.006843261886388063
789,0.010175815783441067
790,0.01200026273727417
791,0.01200026273727417
792,0.012190401554107666
793,0.01227596402168274
794,0.012356773018836975
795,0.012071564793586731
796,0.01200026273727417
797,0.01200026273727417
798,0.01200026273727417
799,0.01208216231316328
800,0.019125493243336678
801,0.019207393750548363
802,0.019207393750548363
803,0.019207393750548363
804,0.01517327781766653
805,0.023480333387851715
806,0.03154546394944191
807,0.03638392686843872
808,0.026869678869843483
809,0.008103865198791027
810,0.007156629581004381
811,0.007557258475571871
812,0.007557258475571871
813,0.007648116443306208
814,0.007557258475571871
815,0.010976450517773628
816,0.010758099146187305
817,0.010270312428474426
818,0.010321399196982384
819,0.010321399196982384
820,0.011289439164102077
821,0.013427197933197021
822,0.013790213502943516
823,0.007128098048269749
824,0.0025560609064996243
825,0.004862203728407621
826,0.011670813895761967
827,0.012000263668596745
828,0.012000263668596745
829,0.012000263668596745
830,0.012005127035081387
831,0.012000263668596745
832,0.012000263668596745
833,0.012000263668596745
834,0.012586892582476139
835,0.015855243429541588
836,0.019207391887903214
837,0.012369854375720024
838,0.019207391887903214
839,0.020391248166561127
840,0.040496617555618286
841,0.040496617555618286
842,0.040496617555618286
843,0.040496617555618286
844,0.040496617555618286
845,0.02249368280172348
846,0.008323291316628456
847,0.007557259872555733
848,0.007682567462325096
849,0.007569528184831142
850,0.005442677065730095
851,0.010321399196982384
852,0.010042443871498108
853,0.010576989501714706
854,0.010321399196982384
855,0.010523074306547642
856,0.013027841225266457
857,0.01235328707844019
858,0.0029479500371962786
859,0.0025560609064996243
860,0.0031051423866301775
861,0.011890447698533535
862,0.012000263668596745
863,0.012000263668596745
864,0.012000263668596745
865,0.012000263668596745
866,0.012000263668596745
867,0.013843952678143978
868,0.018117941915988922
869,0.019207391887903214
870,0.019207391887903214
871,0.019207391887903214
872,0.019207391887903214
873,0.019207391887903214
874,0.029477257281541824
875,0.040496617555618286
876,0.040496617555618286
877,0.040496617555618286
878,0.040496617555618286
879,0.040496617555618286
880,0.03784765675663948
881,0.02287789061665535
882,0.007557259872555733
883,0.006624717265367508
884,0.0029338598251342773
885,0.002478853100910783
886,
887,0.010321397334337234
888,0.010321398265659809
889,0.010214930400252342
890,0.008453593589365482
891,0.007546260952949524
892,0.002663595136255026
893,0.0025560609064996243
894,0.0025560609064996243
895,0.00258393632248044
896,0.006487724371254444
897,0.0108972592279315
898,0.01200026459991932
899,0.011958387680351734
900,0.011871030554175377
901,0.015728095546364784
902,0.019207391887903214
903,0.019207391887903214
904,0.019207391887903214
905,0.018663490191102028
906,0.018955953419208527
907,0.02067561447620392
908,0.03315551206469536
909,0.040496617555618286
910,0.040496617555618286
911,0.040496617555618286
912,0.040496617555618286
913,0.040496617555618286
914,0.040496617555618286
915,0.040496617555618286
916,0.03746771067380905
917,0.007898005656898022
918,0.002350015100091696
919,0.0023814879823476076
920,0.003329962957650423
921,0.003587656654417515
922,0.010321399196982384
923,0.009833883494138718
924,0.007411250378936529
925,0.007175032515078783
926,0.004706746432930231
927,0.0025560609064996243
928,0.0025560609064996243
929,0.0021164945792406797
930,0.0014792118454352021
931,5.093998424854362e-06
932,0.004692860413342714
933,0.01200026459991932
934,0.01200026459991932
935,0.01200026459991932
936,0.018296150490641594
937,0.019207391887903214
938,0.019207391887903214
939,0.01750895194709301
940,0.01608237810432911
941,0.02692566253244877
942,0.040496617555618286
943,0.040496617555618286
944,0.040496617555618286
945,0.040496617555618286
946,0.040496617555618286
947,0.040496617555618286
948,0.040496617555618286
949,0.040496617555618286
950,0.040496617555618286
951,0.0400601401925087
952,0.004331983160227537
953,0.003807377303019166
954,0.004116550087928772
955,0.004539418034255505
956,0.003775808960199356
957,0.007233802694827318
958,0.006815892644226551
959,0.005871103145182133
960,0.004133438691496849
961,0.0025560609064996243
962,0.0023781899362802505
963,0.0007124684634618461
964,0.0035452337469905615
965,0.0007809959352016449
966,0.008943264372646809
967,0.011862474493682384
968,0.01493340078741312
969,0.015603829175233841
970,0.019207391887903214
971,0.019207391887903214
972,0.018080931156873703
973,0.01608237810432911
974,0.01608237810432911
975,0.027153946459293365
976,0.040496617555618286
977,0.040496617555618286
978,0.040496617555618286
979,0.040496617555618286
980,0.03908394277095795
981,0.040496617555618286
982,0.040496617555618286
983,0.040496617555618286
984,0.040496617555618286
985,0.03214675188064575
986,0.005009694956243038
987,0.0045922016724944115
988,0.0045922016724944115
989,0.004326569847762585
990,0.004100097343325615
991,
992,0.0038769703824073076
993,0.007209956645965576
994,0.006000606808811426
995,0.005146681796759367
996,0.0031074932776391506
997,0.0011215390404686332
998,0.004030086100101471
999,0.003981592133641243
1000,0.006219910923391581
1001,0.00880903098732233
1002,0.01905469410121441
1003,0.019207391887903214
1004,0.019207391887903214
1005,0.01696731336414814
1006,0.01608237810432911
1007,0.01608237810432911
1008,0.01608237810432911
1009,0.025166742503643036
1010,0.040496617555618286
1011,0.040496617555618286
1012,0.040496617555618286
1013,0.03270638734102249
1014,0.017422964796423912
1015,0.023073656484484673
1016,0.040025725960731506
1017,0.040496617555618286
1018,0.040496617555618286
1019,0.03793832287192345
1020,0.005009694956243038
1021,0.005380667746067047
1022,0.009201928973197937
1023,0.001680979854427278
1024,0.01427906658500433
1025,0.001759343664161861
1026,0.0029772792477160692
1027,0.006132214330136776
1028,0.0061044273898005486
1029,0.0054331813007593155
1030,0.0018009525956586003
1031,0.00417556706815958
1032,0.004650520160794258
1033,0.0057515474036335945
1034,0.0060753789730370045
1035,0.0060753789730370045
1036,0.01637207344174385
1037,0.019136371091008186
1038,0.016366468742489815
1039,0.01608237624168396
1040,0.01608237624168396
1041,0.01608237624168396
1042,0.01608237624168396
1043,0.03494792804121971
1044,0.040496621280908585
1045,0.040496621280908585
1046,0.040496621280908585
1047,0.040496621280908585
1048,0.040496621280908585
1049,0.040496621280908585
1050,0.040496621280908585
1051,0.040496621280908585
1052,0.018870575353503227
1053,0.011857391335070133
1054,0.007644773926585913
1055,0.01427906658500433
1056,0.011687115766108036
1057,0.01427906658500433
1058,0.01427906658500433
1059,0.0006098638405092061
1060,0.004658436868339777
1061,0.004778637550771236
1062,0.006503682117909193
1063,0.0013803526526317
1064,0.0040063136257231236
1065,0.005037110298871994
1066,0.0060753789730370045
1067,0.0060753789730370045
1068,0.0060753789730370045
1069,0.0060753789730370045
1070,0.013028910383582115
1071,0.014618007466197014
1072,0.01608237810432911
1073,0.01608237810432911
1074,0.01608237810432911
1075,0.01608237810432911
1076,0.03481888398528099
1077,0.040496617555618286
1078,0.040496617555618286
1079,0.040496617555618286
1080,0.040496617555618286
1081,0.040496617555618286
1082,0.0329633466899395
1083,0.008009398356080055
1084,0.012717687524855137
1085,0.008622379042208195
1086,0.009387253783643246
1087,0.012141456827521324
1088,0.01394554041326046
1089,0.014279061928391457
1090,0.014279061928391457
1091,0.014279061928391457
1092,0.00875873863697052
1093,
1094,0.0025590253062546253
1095,0.0025590253062546253
1096,0.005469195544719696
1097,0.004234448540955782
1098,0.005496168043464422
1099,0.00592402508482337
1100,0.0060753789730370045
1101,0.0060753789730370045
1102,0.0060753789730370045
1103,0.0060753789730370045
1104,0.0157660860568285
1105,0.01608237810432911
1106,0.01608237810432911
1107,0.01608237810432911
1108,0.01608237810432911
1109,0.021192336454987526
1110,0.03708997741341591
1111,0.0401478074491024
1112,0.038360849022865295
1113,0.040496617555618286
1114,0.040496617555618286
1115,0.040496617555618286
1116,0.016484323889017105
1117,5.297999905451434e-06
1118,5.297999905451434e-06
1119,0.009529405273497105
1120,0.01223027054220438
1121,0.012254093773663044
1122,0.013754955492913723
1123,0.014279061928391457
1124,0.01400566753000021
1125,0.004436874762177467
1126,0.0027781256940215826
1127,0.005203670356422663
1128,
1129,0.006075379904359579
1130,0.006075379904359579
1131,0.005202322266995907
1132,0.005036866292357445
1133,0.0060753789730370045
1134,0.00971428956836462
1135,0.01608237624168396
1136,0.01608237624168396
1137,0.01608237624168396
1138,0.01608237624168396
1139,0.01608237624168396
1140,0.0205686092376709
1141,0.02311156876385212
1142,0.015612133778631687
1143,0.038150157779455185
1144,0.033122025430202484
1145,0.039490994065999985
1146,0.039116233587265015
1147,0.0036863277200609446
1148,0.005701023619621992
1149,0.01223027054220438
1150,0.01223027054220438
1151,0.01223027054220438
1152,0.01223027054220438
1153,0.016029639169573784
1154,0.015666896477341652
1155,0.008394640870392323
1156,0.01197829283773899
1157,0.016254404559731483
1158,0.008869051933288574
1159,0.0011676019057631493
1160,0.0050788759253919125
1161,0.0041214278899133205
1162,0.006773541681468487
1163,0.01608237810432911
1164,0.0158179122954607
1165,0.015950145199894905
1166,0.01608237810432911
1167,0.01608237810432911
1168,0.014199572615325451
1169,0.010498881340026855
1170,0.010516300797462463
1171,0.013399271294474602
1172,0.011341245844960213
1173,0.019573349505662918
1174,0.040496617555618286
1175,0.03578832373023033
1176,0.007254991214722395
1177,0.01223027054220438
1178,0.01223027054220438
1179,0.01223027054220438
1180,0.01223027054220438
1181,0.01223027054220438
1182,0.016003580763936043
1183,0.02700592391192913
1184,0.030258309096097946
1185,0.030258309096097946
1186,0.029680263251066208
1187,0.006455084774643183
1188,0.003957337699830532
1189,0.0028603922110050917
1190,0.006075379904359579
1191,0.014111301861703396
1192,0.01608237810432911
1193,0.01608237624168396
1194,0.01608237810432911
1195,0.015875859186053276
1196,0.01323393452912569
1197,0.00924582127481699
1198,0.010190295986831188
1199,0.010980822145938873
1200,0.010998241603374481
1201,0.010998241603374481
1202,0.024375414475798607
1203,0.03060920350253582
1204,0.006206538062542677
1205,0.01223027054220438
1206,0.01223027054220438
1207,0.01223027054220438
1208,0.01223027054220438
1209,0.01223027054220438
1210,0.041549477726221085
1211,0.04776318743824959
1212,0.031095385551452637
1213,0.030258309096097946
1214,0.02797205001115799
1215,0.01159485150128603
1216,0.0039104740135371685
1217,0.0012017044937238097
1218,0.0012016446562483907
1219,0.0011629759101197124
1220,
1221,
1222,0.010312950238585472
1223,0.0035069677978754044
1224,0.00887324195355177
1225,0.010813952423632145
1226,0.010998241603374481
1227,0.010813595727086067
1228,0.009385010227560997
1229,0.005256552714854479
1230,0.008392198011279106
1231,0.01223027054220438
1232,0.01223027054220438
1233,0.01223027054220438
1234,0.01223027054220438
1235,0.01223027054220438
1236,0.044481392949819565
1237,0.054254475980997086
1238,0.054254475980997086
1239,0.045325666666030884
1240,0.02695593237876892
1241,0.008411804214119911
1242,0.0022712908685207367
1243,2.951700662379153e-05
1244,2.4311024390044622e-05
1245,0.0007944761891849339
1246,4.697105032391846e-05
1247,1.675500243436545e-05
1248,1.631408122193534e-05
1249,0.0012376451632007957
1250,0.010769961401820183
1251,0.010998240672051907
1252,0.010998240672051907
1253,0.003964330069720745
1254,0.0004613746714312583
1255,0.011148071847856045
1256,0.01223027054220438
1257,0.01223027054220438
1258,0.01223027054220438
1259,0.01223027054220438
1260,0.01223027054220438
1261,0.03706275671720505
1262,0.05425447225570679
1263,0.05425447225570679
1264,0.05425447225570679
1265,0.029901165515184402
1266,0.01102651096880436
1267,0.007644184399396181
1268,0.006605004891753197
1269,0.001284829922951758
1270,0.0007704365998506546
1271,0.0012686019763350487
1272,0.0014508035965263844
1273,0.0008203411125577986
1274,0.0012376450467854738
1275,0.0012376451632007957
1276,0.0012376451632007957
1277,0.0015113430563360453
1278,0.002985541010275483
1279,0.010998240672051907
1280,0.007567909546196461
1281,0.001815235591493547
1282,0.00032610006746836007
1283,0.001987147144973278
1284,0.011399746872484684
1285,0.009323438629508018
1286,0.011122905649244785
1287,0.01223027054220438
1288,0.01223027054220438
1289,0.04203812777996063
1290,0.054254475980997086
1291,0.054254475980997086
1292,0.054254475980997086
1293,0.054254475980997086
1294,0.026643816381692886
1295,0.012012401595711708
1296,0.008819418959319592
1297,0.007956134155392647
1298,0.0020563206635415554
1299,0.0020963591523468494
1300,0.0014684442430734634
1301,0.0016914765583351254
1302,0.0015964885242283344
1303,0.0013484644005075097
1304,0.0012376451632007957
1305,0.00148717628326267
1306,0.003333705710247159
1307,0.0031956348102539778
1308,0.00032610000926069915
1309,0.00032610006746836007
1310,0.00032610006746836007
1311,0.00032610006746836007
1312,0.00032610006746836007
1313,0.005309241358190775
1314,0.010131818242371082
1315,0.01223027054220438
1316,0.024446604773402214
1317,0.04839063063263893
1318,0.054254475980997086
1319,0.054254475980997086
1320,0.054254475980997086
1321,0.054254475980997086
1322,0.05183248594403267
1323,0.012596278451383114
1324,0.010438075289130211
1325,0.007956134155392647
1326,0.006016944069415331
1327,0.0020963591523468494
1328,0.0016526239924132824
1329,0.0011735960142686963
1330,0.0030446776654571295
1331,0.004834392108023167
1332,0.004389187786728144
1333,0.0028096907772123814
1334,0.003059221664443612
1335,0.004019120708107948
1336,
1337,0.0003261000383645296
1338,0.0004279533459339291
1339,0.0010324858594685793
1340,0.00032610000926069915
1341,0.010336424224078655
1342,0.01220862939953804
1343,0.042315781116485596
1344,0.05425447225570679
1345,0.05425447225570679
1346,0.05425447225570679
1347,0.05425447225570679
1348,0.05425447225570679
1349,0.05425447225570679
1350,0.04052620753645897
1351,0.017803555354475975
1352,0.007956133224070072
1353,0.0066030933521687984
1354,0.0023880298249423504
1355,0.0016906867967918515
1356,0.0015940148150548339
1357,0.005393467377871275
1358,0.005445514339953661
1359,0.005549975670874119
1360,0.005161680746823549
1361,0.0033836127258837223
1362,0.0008363690576516092
1363,0.00029143624124117196
1364,
1365,
1366,0.0015955556882545352
1367,0.0019879734609276056
1368,0.0012257978087291121
1369,0.00331256166100502
1370,0.010035577230155468
1371,0.048134010285139084
1372,0.054254475980997086
1373,0.054254475980997086
1374,0.054254475980997086
1375,0.054254475980997086
1376,0.054254475980997086
1377,0.054254475980997086
1378,0.054254475980997086
1379,0.054254475980997086
1380,0.026371639221906662
1381,0.0045814006589353085
1382,0.0041855317540466785
1383,0.001257917727343738
1384,0.0009718680521473289
1385,0.005392256658524275
1386,0.005513535812497139
1387,0.006231880281120539
1388,0.006261770147830248
1389,0.005641038995236158
1390,0.0017096151132136583
1391,7.571223977720365e-05
1392,4.680389611166902e-05
1393,0.0009132162085734308
1394,
1395,0.002702261321246624
1396,0.0027022610884159803
1397,0.0027022610884159803
1398,0.003384003881365061
1399,0.020376993343234062
1400,0.054254475980997086
1401,0.054254475980997086
1402,0.054254475980997086
1403,0.042221855372190475
1404,0.049332041293382645
1405,0.054254475980997086
1406,0.054254475980997086
1407,0.054254475980997086
1408,0.053453851491212845
1409,0.019431335851550102
1410,0.005867025349289179
1411,0.003880891017615795
1412,0.0041388762183487415
1413,0.006027580704540014
1414,0.005873076617717743
1415,0.006261770147830248
1416,0.006281204521656036
1417,0.006091717164963484
1418,0.0021756517235189676
1419,0.0008115082164295018
1420,0.00012287865683902055
1421,0.0009367713937535882
1422,0.0024941773153841496
1423,0.006652905140072107
1424,
1425,0.0027022608555853367
1426,0.0027022610884159803
1427,0.003394876839593053
1428,0.004873736295849085
1429,0.029195580631494522
1430,0.02289147675037384
1431,0.05046992003917694
1432,0.009921103715896606
1433,0.007217849139124155
1434,0.025059333071112633
1435,0.051551222801208496
1436,0.054254475980997086
1437,0.051088783890008926
1438,0.023388968780636787
1439,0.0194691214710474
1440,0.004414496012032032
1441,0.006840385030955076
1442,0.007568285334855318
1443,0.0066525982692837715
1444,0.006281204521656036
1445,0.006281204521656036
1446,0.00648518605157733
1447,0.007132768165320158
1448,0.0021646576933562756
1449,0.0012786192819476128
1450,0.0014423219254240394
1451,0.002531403908506036
1452,0.0030525128822773695
1453,0.01764356903731823
1454,0.016446920111775398
1455,0.006137757562100887
1456,0.01764356903731823
1457,0.01764356903731823
1458,0.01764356903731823
1459,0.01764356903731823
1460,0.0
1461,
1462,0.0029560700058937073
1463,0.004524304065853357
1464,0.004873736295849085
1465,0.0037404224276542664
1466,0.0026938498485833406
1467,0.005028503015637398
1468,0.007217849139124155
1469,0.006870497018098831
1470,0.006506061647087336
1471,0.006703779101371765
1472,0.03146805614233017
1473,0.04950593411922455
1474,0.01982756517827511
1475,0.01982756517827511
1476,0.029245328158140182
1477,0.02135399915277958
1478,0.007568285334855318
1479,0.007568285334855318
1480,0.0071984343230724335
1481,0.007168846670538187
1482,0.011515450663864613
1483,0.01505239773541689
1484,0.015154387801885605
1485,0.013674544170498848
1486,0.011323995888233185
1487,0.002531403908506036
1488,0.002531403908506036
1489,0.005831760820001364
1490,0.017469866201281548
1491,0.01044583972543478
1492,0.016373980790376663
1493,0.01764356903731823
1494,0.017438411712646484
1495,0.01764356903731823
1496,0.01695166528224945
1497,0.004330867901444435
1498,0.004774609114974737
1499,0.004762864205986261
1500,0.0036162363830953836
1501,0.0027718099299818277
1502,0.002822468988597393
1503,0.0029900632798671722
1504,0.006452818401157856
1505,0.004577609710395336
1506,0.004257580265402794
1507,0.005643818061798811
1508,0.027648795396089554
1509,0.02583225630223751
1510,0.021372858434915543
1511,0.037752971053123474
1512,0.04609755426645279
1513,0.04143891856074333
1514,0.008019893430173397
1515,0.007568285334855318
1516,0.007568285334855318
1517,0.011625969782471657
1518,0.015154387801885605
1519,0.015154387801885605
1520,0.015154387801885605
1521,0.014432359486818314
1522,0.012072030454874039
1523,0.0034120772033929825
1524,0.002531403908506036
1525,0.007100196555256844
1526,0.01764356903731823
1527,0.01750086434185505
1528,0.01764356903731823
1529,0.018022719770669937
1530,0.01783314347267151
1531,0.026364030316472054
1532,0.032083794474601746
1533,
1534,0.004498834256082773
1535,0.0033436098601669073
1536,0.004373438190668821
1537,0.0021581612527370453
1538,0.0060527753084897995
1539,0.0020506333094090223
1540,0.00011396181798772886
1541,0.0026795207522809505
1542,0.0037775360979139805
1543,0.00448736734688282
1544,0.019081048667430878
1545,0.01982756331562996
1546,0.0349714495241642
1547,0.04640661180019379
1548,0.04640661180019379
1549,0.04640661180019379
1550,0.04640661180019379
1551,0.012987587600946426
1552,0.011184916831552982
1553,0.013037335127592087
1554,0.015154387801885605
1555,0.015154387801885605
1556,0.015154387801885605
1557,0.013108639046549797
1558,0.015154387801885605
1559,0.015154387801885605
1560,0.012072030454874039
1561,0.0064344643615186214
1562,0.01764356903731823
1563,0.01764356903731823
1564,0.01764356903731823
1565,0.01783314347267151
1566,0.030155537649989128
1567,0.03129299357533455
1568,0.03394705057144165
1569,0.03394705429673195
1570,0.03168391436338425
1571,0.0012963077751919627
1572,0.0003644001844804734
1573,0.0017942979466170073
1574,0.004169462248682976
1575,0.009982767514884472
1576,0.00012543484626803547
1577,0.0034517908934503794
1578,0.0026721677277237177
1579,0.0030725286342203617
1580,0.01212581992149353
1581,0.01982756145298481
1582,0.02163976989686489
1583,0.04640662297606468
1584,0.04640662297606468
1585,0.04640662297606468
1586,0.04640662297606468
1587,0.045523930341005325
1588,0.029442476108670235
1589,0.015154390595853329
1590,0.015154390595853329
1591,0.015154390595853329
1592,0.015154390595853329
1593,0.015154390595853329
1594,0.015154390595853329
1595,0.015154390595853329
1596,0.015154390595853329
1597,0.01247056107968092
1598,0.014150095172226429
1599,0.01764356903731823
1600,0.01764356903731823
1601,0.01764356903731823
1602,0.022460507228970528
1603,0.03394705429673195
1604,0.03394705429673195
1605,0.03394705429673195
1606,0.03394705429673195
1607,0.03281548619270325
1608,0.0011714085703715682
1609,0.003242307575419545
1610,0.004122729878872633
1611,0.003463594475761056
1612,0.0031960427295416594
1613,0.0022928332909941673
1614,0.0024711478035897017
1615,0.002423823345452547
1616,0.005311118438839912
1617,0.01982756331562996
1618,0.01982756331562996
1619,0.03095368482172489
1620,0.04640661180019379
1621,0.04640661180019379
1622,0.04640661180019379
1623,0.04640661180019379
1624,0.04640661180019379
1625,0.04458962380886078
1626,0.020968759432435036
1627,0.015154387801885605
1628,0.015154387801885605
1629,0.015154387801885605
1630,0.015154387801885605
1631,0.015154387801885605
1632,0.015154387801885605
1633,0.013522562570869923
1634,0.01173153705894947
1635,0.014206338673830032
1636,0.01484140008687973
1637,0.0187810231000185
1638,0.030724264681339264
1639,0.03394705057144165
1640,0.03394705057144165
1641,0.03394705057144165
1642,0.03394705057144165
1643,0.03394705057144165
1644,0.032112084329128265
1645,
1646,0.0017101719276979566
1647,0.0037268849555402994
1648,0.0031635193154215813
1649,0.0034964713267982006
1650,0.002138652838766575
1651,0.002287641167640686
1652,0.0021138787269592285
1653,0.002291593700647354
1654,0.0018517697462812066
1655,0.002725999802350998
1656,0.017242439091205597
1657,0.01982756331562996
1658,0.02817215397953987
1659,0.04640661180019379
1660,0.04640661180019379
1661,0.04640661180019379
1662,0.04640661180019379
1663,0.04640661180019379
1664,0.0437573604285717
1665,0.032100651413202286
1666,0.026384616270661354
1667,0.014742891304194927
1668,0.015154387801885605
1669,0.015154387801885605
1670,0.015154387801885605
1671,0.015114587731659412
1672,0.013442961499094963
1673,0.01173153705894947
1674,0.01173153705894947
1675,0.01173153705894947
1676,0.010549269616603851
1677,0.03394705057144165
1678,0.03394705057144165
1679,0.03394705057144165
1680,0.03394705057144165
1681,0.03394705057144165
1682,0.03394705429673195
1683,0.03394705429673195
1684,0.03394705429673195
1685,0.0012826289748772979
1686,0.0016846469370648265
1687,0.0017101719276979566
1688,0.003460678970441222
1689,0.0036840487737208605
1690,0.002467636251822114
1691,0.0019009228562936187
1692,0.0027403051499277353
1693,0.005132680758833885
1694,
1695,0.0013854067074134946
1696,0.005162141285836697
1697,0.014191818423569202
1698,0.01982756145298481
1699,0.022243838757276535
1700,0.04452453553676605
1701,0.044995058327913284
1702,0.04640662297606468
1703,0.04558135196566582
1704,0.011195650324225426
1705,0.005499758291989565
1706,0.004464141558855772
1707,0.0018698450876399875
1708,0.0037602900993078947
1709,0.009256267920136452
1710,0.01502034068107605
1711,0.015154390595853329
1712,0.01355965156108141
1713,0.011731536127626896
1714,0.011731536127626896
1715,0.011731536127626896
1716,0.010636869817972183
1717,0.008412699215114117
1718,0.008755410090088844
1719,0.028643548488616943
1720,0.03394705429673195
1721,0.033284127712249756
1722,0.029657522216439247
1723,
1724,
1725,0.03394705429673195
1726,0.0015049513895064592
1727,0.0017101723933592439
1728,0.0017101720441132784
1729,
1730,0.004831844940781593
1731,0.004230652004480362
1732,2.4674029191373847e-05
1733,1.3212643352744635e-05
1734,0.018965497612953186
1735,0.01982756331562996
1736,0.01982756331562996
1737,0.028370831161737442
1738,0.03999856486916542
1739,0.046406615525484085
1740,0.046406615525484085
1741,0.02796277031302452
1742,0.0008394835167564452
1743,0.0020088623277843
1744,0.003268193919211626
1745,0.0033581461757421494
1746,0.0033581461757421494
1747,0.0040603033266961575
1748,0.0068689314648509026
1749,0.01196692232042551
1750,0.01173153705894947
1751,0.011751074343919754
1752,0.011899552308022976
1753,0.011623304337263107
1754,0.01196206733584404
1755,0.005384613294154406
1756,0.004777783062309027
1757,0.008722366765141487
1758,0.023334138095378876
1759,0.03394705057144165
1760,0.03394705429673195
1761,0.03394705429673195
1762,0.0017101719276979566
1763,0.001710171694867313
1764,0.0017101719276979566
1765,0.0017101719276979566
1766,0.0017101719276979566
1767,0.006156859453767538
1768,0.004136843141168356
1769,0.0012292012106627226
1770,3.067933357669972e-05
1771,0.01982756145298481
1772,0.01982756145298481
1773,0.01902312971651554
1774,0.0334898978471756
1775,0.04640662297606468
1776,0.045903004705905914
1777,0.04640662297606468
1778,0.021534478291869164
1779,0.005584156606346369
1780,0.0037578619085252285
1781,0.003358145710080862
1782,0.003358145710080862
1783,0.003358145710080862
1784,0.004773855675011873
1785,0.009650193154811859
1786,0.014400085434317589
1787,0.011854615993797779
1788,0.012059749104082584
1789,0.012059749104082584
1790,0.011960690841078758
1791,0.01189425028860569
1792,0.004864473361521959
1793,0.004986044950783253
1794,0.0021879971027374268
1795,0.0256255641579628
1796,0.033340852707624435
1797,0.03394705429673195
1798,0.03394705429673195
1799,0.011297757737338543
1800,0.002718902425840497
1801,0.0017101718112826347
1802,0.0017101721605286002
1803,0.001635816297493875
1804,0.00031086470698937774
1805,3.1923933420330286e-05
1806,2.8874666895717382e-05
1807,0.01922672614455223
1808,0.01982756331562996
1809,0.012510779313743114
1810,0.019171351566910744
1811,0.0420009084045887
1812,0.04640661180019379
1813,0.04198527708649635
1814,0.008825285360217094
1815,0.008383152075111866
1816,0.004585182294249535
1817,0.003708727890625596
1818,0.0056810262612998486
1819,0.013600011356174946
1820,0.01720065250992775
1821,0.01720065250992775
1822,0.016946274787187576
1823,0.013179875910282135
1824,0.012059751898050308
1825,0.010223312303423882
1826,0.009158911183476448
1827,0.005573189817368984
1828,0.004777783062309027
1829,0.0021083117462694645
1830,0.030860958620905876
1831,
1832,0.0031053009442985058
1833,0.003329232335090637
1834,0.011463392525911331
1835,0.011013826355338097
1836,0.0017101719276979566
1837,
1838,0.01982756331562996
1839,0.01415705680847168
1840,0.011922262609004974
1841,0.015166167169809341
1842,0.030786383897066116
1843,0.04039883241057396
1844,0.04331167787313461
1845,0.018101239576935768
1846,0.008538158610463142
1847,0.008032569661736488
1848,0.008383152075111866
1849,0.008383152075111866
1850,0.015252598561346531
1851,0.01720065250992775
1852,0.01720065250992775
1853,0.01406325027346611
1854,0.010109832510352135
1855,0.01268844585865736
1856,0.0031105985399335623
1857,0.0013983695534989238
1858,
1859,0.003344527678564191
1860,0.0033042330760508776
1861,0.00304157892242074
1862,0.003269278910011053
1863,0.0032816717866808176
1864,0.0035256342962384224
1865,0.010030205361545086
1866,0.011962017975747585
1867,0.011671808548271656
1868,0.011923166923224926
1869,0.011962017975747585
1870,0.012353434227406979
1871,0.04405812919139862
1872,0.04605027660727501
1873,0.017467094585299492
1874,0.009595021605491638
1875,0.008383152075111866
1876,0.008383152075111866
1877,0.009585537947714329
1878,0.01720064878463745
1879,0.01720064878463745
1880,0.01720064878463745
1881,0.010347017087042332
1882,0.02857530303299427
1883,0.03998422250151634
1884,0.003491798648610711
1885,0.0020167080219835043
1886,0.0047149802558124065
1887,0.004680284298956394
1888,0.004154668655246496
1889,0.006557908840477467
1890,0.0036667226813733578
1891,0.004721574950963259
1892,0.0044245487079024315
1893,0.010786041617393494
1894,0.011962017975747585
1895,0.01196201890707016
1896,0.011804621666669846
1897,0.01792242005467415
1898,0.03327993303537369
1899,0.019788620993494987
1900,0.015048432163894176
1901,0.009158185683190823
1902,0.008383152075111866
1903,0.008383152075111866
1904,0.011664081364870071
1905,0.01720065250992775
1906,0.01720065250992775
1907,0.017016099765896797
1908,0.009818525053560734
1909,0.041663236916065216
1910,0.06031198427081108
1911,0.02105853706598282
1912,0.0031457298900932074
1913,0.0036125630140304565
1914,0.002706451341509819
1915,0.0034875685814768076
1916,0.0045362538658082485
1917,0.004714979324489832
1918,0.00676219817250967
1919,0.009920750744640827
1920,0.010265800170600414
1921,0.010617509484291077
1922,0.010589933022856712
1923,0.009245178662240505
1924,0.012647886760532856
1925,0.01504843682050705
1926,0.015048432163894176
1927,0.015048432163894176
1928,0.015048432163894176
1929,0.014040888287127018
1930,0.009623205289244652
1931,0.008383152075111866
1932,0.009613499976694584
1933,0.01720065250992775
1934,0.01720065250992775
1935,0.016923820599913597
1936,0.009449418634176254
1937,0.0614989697933197
1938,0.06612730771303177
1939,0.04795442149043083
1940,0.0036125630140304565
1941,
1942,
1943,0.007232585921883583
1944,0.0027064515743404627
1945,0.0026726205833256245
1946,0.0043304176069796085
1947,0.004714979324489832
1948,0.007256354205310345
1949,0.010786042548716068
1950,0.010359648615121841
1951,
1952,0.010218354873359203
1953,0.014256411232054234
1954,0.015048431232571602
1955,0.015048431232571602
1956,0.015048431232571602
1957,0.015048431232571602
1958,0.010911364108324051
1959,0.008383152075111866
1960,0.011626371182501316
1961,0.0172006543725729
1962,0.0172006543725729
1963,0.015649981796741486
1964,0.021029509603977203
1965,0.06612730771303177
1966,0.06612730771303177
1967,0.06031198427081108
1968,0.043143946677446365
1969,
1970,0.020874332636594772
1971,0.02087433636188507
1972,0.003551468485966325
1973,0.0027064515743404627
1974,0.0027026303578168154
1975,0.003967870958149433
1976,0.004714979790151119
1977,0.009558949619531631
1978,0.010875280015170574
1979,0.01053845975548029
1980,0.010786041617393494
1981,0.016049649566411972
1982,0.014764503575861454
1983,0.015048431232571602
1984,0.015048431232571602
1985,0.015048431232571602
1986,0.012443609535694122
1987,0.008383152075111866
1988,0.01061286497861147
1989,0.0172006543725729
1990,0.0172006543725729
1991,0.010429218411445618
1992,0.042598024010658264
1993,0.06612730771303177
1994,0.06536722183227539
1995,0.06612730771303177
1996,0.06504325568675995
1997,0.06612731516361237
1998,
1999,0.02087433449923992
2000,0.020576132461428642
2001,0.02087433449923992
2002,0.02087433449923992
2003,0.003127780742943287
2004,0.0027298585046082735
2005,0.002729275729507208
2006,0.005061640404164791
2007,0.010543512180447578
2008,0.014535552822053432
2009,0.013716693967580795
2010,0.01295324694365263
2011,0.015048434026539326
2012,0.015048433095216751
2013,0.015048432163894176
2014,0.015048432163894176
2015,0.009468198753893375
2016,0.008383152075111866
2017,0.009510970674455166
2018,0.015560184605419636
2019,0.0142659367993474
2020,0.010973970405757427
2021,0.061189208179712296
2022,0.060517311096191406
2023,0.06612730771303177
2024,0.06612730771303177
2025,0.06612730771303177
2026,0.06447412818670273
2027,0.06612730771303177
2028,0.05510609224438667
2029,0.0069151693023741245
2030,0.005743551533669233
2031,0.004983378108590841
2032,0.006873312406241894
2033,
2034,0.02087433636188507
2035,0.02087433822453022
2036,0.014941850677132607
2037,0.012496219016611576
2038,0.009215309284627438
2039,0.004478866700083017
2040,0.0043309773318469524
2041,0.0038220586720854044
2042,0.009313982911407948
2043,0.013394644483923912
2044,0.013405552133917809
2045,0.012756319716572762
2046,0.0150484349578619
2047,0.015048435889184475
2048,0.014624535106122494
2049,0.014350902289152145
2050,0.008383152075111866
2051,0.008383152075111866
2052,0.009203384630382061
2053,0.012971119955182076
2054,0.002427144208922982
2055,0.013449516147375107
2056,0.06612730771303177
2057,0.06367815285921097
2058,0.06612730771303177
2059,0.06348221749067307
2060,0.06612731516361237
2061,0.06282094866037369
2062,0.06480476260185242
2063,0.06612731516361237
2064,0.0069151693023741245
2065,0.006700865458697081
2066,0.006834964267909527
2067,0.006733133923262358
2068,0.005900426767766476
2069,0.02024177834391594
2070,0.019802046939730644
2071,0.013837739825248718
2072,0.009428265504539013
2073,0.0027232584543526173
2074,0.0031714809592813253
2075,0.004766284953802824
2076,0.004727126564830542
2077,0.002574679208919406
2078,0.00570230558514595
2079,0.008063213899731636
2080,0.013225498609244823
2081,0.014038699679076672
2082,0.012697117403149605
2083,0.009216312319040298
2084,0.008383152075111866
2085,0.008383152075111866
2086,0.006965065374970436
2087,0.002649133326485753
2088,0.002145780250430107
2089,0.03553730621933937
2090,0.03846755251288414
2091,0.06612730771303177
2092,0.06492499262094498
2093,0.06412345916032791
2094,0.06612730771303177
2095,
2096,0.03306365758180618
2097,0.06612731516361237
2098,0.0031052352860569954
2099,0.004377029370516539
2100,0.006888993550091982
2101,0.006695413962006569
2102,0.005994289647787809
2103,0.004765596706420183
2104,0.008379608392715454
2105,
2106,0.01789228431880474
2107,0.019223246723413467
2108,0.011311688460409641
2109,0.0026454085018485785
2110,0.0026454085018485785
2111,0.0026650424115359783
2112,0.0028589258436113596
2113,0.0037849450018256903
2114,0.004621845670044422
2115,0.004337738733738661
2116,0.005887829232960939
2117,0.01039260532706976
2118,0.005067394580692053
2119,0.013695095665752888
2120,0.014578650705516338
2121,0.008383151143789291
2122,0.00798395462334156
2123,0.008383152075111866
2124,0.007961283437907696
2125,0.002565936651080847
2126,0.00161618716083467
2127,0.06472034752368927
2128,0.06612731516361237
2129,0.06612730771303177
2130,0.06612730771303177
2131,0.06612731516361237
2132,0.06612731516361237
2133,
2134,0.0026198553387075663
2135,0.0026086531579494476
2136,0.004526764620095491
2137,0.004019640386104584
2138,0.005141776520758867
2139,0.005006778985261917
2140,0.003296624170616269
2141,0.019735736772418022
2142,0.020610107108950615
2143,0.016655806452035904
2144,0.005556839052587748
2145,0.003932575695216656
2146,0.002645408269017935
2147,0.0024861558340489864
2148,0.002437054179608822
2149,0.0028613803442567587
2150,0.00242405291646719
2151,0.0022241496481001377
2152,0.0035886098630726337
2153,0.006875361781567335
2154,0.003696360858157277
2155,0.0022607925347983837
2156,0.007859203964471817
2157,0.008383152075111866
2158,
2159,0.06612730771303177
2160,0.06612731516361237
2161,0.06477777659893036
2162,0.06612731516361237
2163,0.0016339748399332166
2164,0.0034365279134362936
2165,0.003950469195842743
2166,0.0034089037217199802
2167,0.004380383994430304
2168,0.005847192835062742
2169,0.004682384431362152
2170,0.002629083814099431
2171,0.017687397077679634
2172,0.02087433449923992
2173,0.008383075706660748
2174,0.005733697675168514
2175,0.0058081611059606075
2176,0.003067017998546362
2177,0.0013401709729805589
2178,0.00032179313711822033
2179,0.002103655133396387
2180,0.002846561139449477
2181,0.002283426932990551
2182,0.0022241496481001377
2183,0.0031125645618885756
2184,0.0030005699954926968
2185,0.0022607927676290274
2186,0.06612731516361237
2187,0.06612731516361237
2188,0.06612730771303177
2189,0.06612731516361237
2190,0.0018647236283868551
2191,0.0028840950690209866
2192,0.005265136249363422
2193,0.002885956084355712
2194,0.0034608428832143545
2195,0.0044004605151712894
2196,0.006336458493024111
2197,0.005768010392785072
2198,0.002629083814099431
2199,0.002629084512591362
2200,0.002561672357842326
2201,0.002283490030094981
2202,0.005677617155015469
2203,0.005808161571621895
2204,0.00580816064029932
2205,0.005451209843158722
2206,0.002584764501079917
2207,0.0006683010142296553
2208,0.0013304803287610412
2209,0.0027312193997204304
2210,0.004086758475750685
2211,0.0045425365678966045
2212,0.0025673252530395985
2213,0.002450333908200264
2214,0.0019461311167106032
2215,
2216,0.06612731516361237
2217,0.0053960359655320644
2218,0.003536296309903264
2219,4.05290920753032e-05
2220,0.002702351426705718
2221,0.003593330504372716
2222,0.003901923540979624
2223,0.004368496593087912
2224,0.005122884176671505
2225,0.005838840734213591
2226,
2227,0.0012195686576887965
2228,0.0023414879105985165
2229,0.0025812829844653606
2230,0.0026290842797607183
2231,0.002283490030094981
2232,0.003390243276953697
2233,0.005808161571621895
2234,0.0056001609191298485
2235,0.00508851557970047
2236,0.0037225426640361547
2237,0.0025143278762698174
2238,0.0013102327939122915
2239,0.0029798001050949097
2240,0.006617433857172728
2241,0.007200197316706181
2242,0.007200200110673904
2243,0.006436379160732031
2244,0.002224150113761425
2245,0.0022241498809307814
2246,0.0034017569851130247
2247,0.005504359491169453
2248,0.004297234117984772
2249,0.00023715314455330372
2250,0.005500482395291328
2251,0.00427331542596221
2252,0.004255784675478935
2253,0.004450388252735138
2254,0.005845306441187859
2255,0.005953670479357243
2256,0.005953670013695955
2257,0.011223901063203812
2258,0.009561100043356419
2259,0.00977548398077488
2260,0.0033883044961839914
2261,0.001370279467664659
2262,0.0021540482994168997
2263,0.0023911837488412857
2264,0.0022834897972643375
2265,0.002997779520228505
2266,0.005260983947664499
2267,0.005174155812710524
2268,0.005033158231526613
2269,0.0028108973056077957
2270,0.003937060944736004
2271,0.004243341740220785
2272,0.0013277732068672776
2273,0.005801766645163298
2274,0.007200197316706181
2275,0.0070617347955703735
2276,0.005400149151682854
2277,0.009611235931515694
2278,0.009611237794160843
2279,0.0025825495831668377
2280,0.003090278711169958
2281,0.005504359491169453
2282,0.005313761066645384
2283,0.003364793723449111
2284,0.005097270477563143
2285,0.004255784675478935
2286,0.004255784675478935
2287,0.0048085846938192844
2288,0.005953670013695955
2289,0.005953670013695955
2290,0.005953670013695955
2291,0.0055137015879154205
2292,2.819730252667796e-05
2293,2.8197300707688555e-05
2294,2.8197300707688555e-05
2295,0.004222443327307701
2296,
2297,
2298,0.0030759801156818867
2299,0.0078085619024932384
2300,0.009872589260339737
2301,0.0024047342594712973
2302,0.0009393226355314255
2303,0.001489149290136993
2304,0.001060935785062611
2305,0.0019321977160871029
2306,0.002511471277102828
2307,0.005377619061619043
2308,0.005599028430879116
2309,0.006642349995672703
2310,0.00340355490334332
2311,
2312,0.0023736096918582916
2313,0.0006642400985583663
2314,0.001978354062885046
2315,0.004541138187050819
2316,0.0072001987136900425
2317,
2318,0.005616854876279831
2319,0.007403075695037842
2320,0.006740469019860029
2321,
2322,0.00232429476454854
2323,0.0025825498159974813
2324,0.0028149664867669344
2325,0.0053715487010777
2326,0.00553085608407855
2327,0.005375036038458347
2328,0.00425578560680151
2329,0.004251424688845873
2330,0.004232344217598438
2331,0.0048522683791816235
2332,0.005625669378787279
2333,0.005953670013695955
2334,0.005953670013695955
2335,0.0008362162625417113
2336,2.819729343173094e-05
2337,2.8197300707688555e-05
2338,0.0009913595858961344
2339,0.004222442861646414
2340,0.004222443792968988
2341,1.6350002624676563e-05
2342,
2343,0.00317041901871562
2344,0.00013864161155652255
2345,0.002373977331444621
2346,0.00312882661819458
2347,0.0030759801156818867
2348,0.006120913662016392
2349,0.001623870455659926
2350,0.0018087965436279774
2351,0.001079918583855033
2352,0.001177032943814993
2353,0.0018994912970811129
2354,0.002254927298054099
2355,0.010096987709403038
2356,0.005770727526396513
2357,0.005559347569942474
2358,0.00814839918166399
2359,0.0004667358298320323
2360,
2361,0.00920255109667778
2362,0.008124444633722305
2363,0.003043183358386159
2364,0.0011271225521340966
2365,0.00257046683691442
2366,0.002483559772372246
2367,6.359999247251835e-07
2368,0.00804759282618761
2369,0.0025825498159974813
2370,0.0026504991110414267
2371,0.005164613481611013
2372,0.005504359491169453
2373,0.004544632975012064
2374,0.0054272813722491264
2375,0.0042078131809830666
2376,0.00421060249209404
2377,0.004225662909448147
2378,0.004979249555617571
2379,0.006378785241395235
2380,0.0031996576581150293
2381,2.819729343173094e-05
2382,2.819729343173094e-05
2383,0.0009060630109161139
2384,0.004076133016496897
2385,0.004222444258630276
2386,0.003391006961464882
2387,0.0005276180454529822
2388,0.005040741991251707
2389,0.009490808472037315
2390,0.009184653870761395
2391,6.508800288429484e-05
2392,0.0021009272895753384
2393,0.0030713435262441635
2394,0.002567407675087452
2395,0.0002154931571567431
2396,0.0012414029333740473
2397,0.006180420983582735
2398,0.009050233289599419
2399,0.0031165152322500944
2400,0.0029077823273837566
2401,0.0022287522442638874
2402,0.0015526872593909502
2403,0.005429188255220652
2404,0.0017513957573100924
2405,0.009014422073960304
2406,0.00987220648676157
2407,0.005551229231059551
2408,
2409,0.0004667358298320323
2410,0.0004667358298320323
2411,
2412,0.0072001987136900425
2413,0.0072001987136900425
2414,0.011319742538034916
2415,0.008699879050254822
2416,0.003597777336835861
2417,0.0038349954411387444
2418,0.003896032925695181
2419,0.008434363640844822
2420,0.0003205857065040618
2421,
2422,0.011445768177509308
2423,0.01025098841637373
2424,0.004683491308242083
2425,0.0026875969488173723
2426,0.004936162382364273
2427,0.009426350705325603
2428,0.010846283286809921
2429,0.01407820638269186
2430,0.0042078131809830666
2431,0.0042078131809830666
2432,0.005759016610682011
2433,0.006896565202623606
2434,0.006056466139853001
2435,5.9529222198762e-05
2436,3.880971416947432e-05
2437,0.0018819737015292048
2438,0.004222444258630276
2439,0.004222444258630276
2440,0.004222444258630276
2441,0.003950050566345453
2442,0.003869671607390046
2443,0.006874073296785355
2444,0.009490808472037315
2445,0.004755440633744001
2446,6.508798833237961e-05
2447,6.508798833237961e-05
2448,0.0029176599346101284
2449,0.0031704199500381947
2450,0.0031004094053059816
2451,0.0010309151839464903
2452,0.004770034924149513
2453,0.005342981778085232
2454,0.002551223151385784
2455,0.0020177308470010757
2456,0.0034782830625772476
2457,0.004651957657188177
2458,0.0
2459,7.569001354568172e-06
2460,0.00907053705304861
2461,0.00866013951599598
2462,
2463,
2464,0.019247977063059807
2465,0.01276625320315361
2466,0.0013455834705382586
2467,0.002857147715985775
2468,0.008182745426893234
2469,0.009305099956691265
2470,0.002907037967815995
2471,0.004834132269024849
2472,0.005392626393586397
2473,0.0116166016086936
2474,0.0116166016086936
2475,0.010076707229018211
2476,0.009666388854384422
2477,0.014111760072410107
2478,0.01688474789261818
2479,0.022884579375386238
2480,0.019522951915860176
2481,0.005402200389653444
2482,0.006667017936706543
2483,0.007172334007918835
2484,0.006846723146736622
2485,0.006688196677714586
2486,0.0020082059781998396
2487,0.001015018206089735
2488,0.004032546654343605
2489,0.004222443792968988
2490,0.004222443792968988
2491,0.004138259682804346
2492,0.0038696725387126207
2493,0.003869671607390046
2494,0.009363056160509586
2495,0.008645759895443916
2496,0.0016311077633872628
2497,9.624892845749855e-05
2498,0.0005820250371471047
2499,0.0027469650376588106
2500,0.0031704192515462637
2501,0.002222473965957761
2502,0.0009274000185541809
2503,0.003743084380403161
2504,0.0011400531511753798
2505,0.0016636777436360717
2506,0.0012371741468086839
2507,0.004174812696874142
2508,
2509,0.005624382756650448
2510,2.7599999157246202e-06
2511,0.00505511648952961
2512,0.006950784474611282
2513,0.02081756852567196
2514,0.020091379061341286
2515,0.012851778417825699
2516,0.0018673620652407408
2517,0.003964326344430447
2518,0.008609279990196228
2519,0.007136414758861065
2520,0.009428918361663818
2521,0.012421755120158195
2522,0.006877332925796509
2523,0.01171967014670372
2524,0.010507569648325443
2525,0.006174774374812841
2526,0.007522266358137131
2527,0.010674131102859974
2528,0.010883568786084652
2529,0.010045817121863365
2530,0.016006093472242355
2531,0.024494297802448273
2532,0.024494297802448273
2533,0.024494297802448273
2534,0.009765181690454483
2535,0.007701947819441557
2536,0.0071197859942913055
2537,0.007172334939241409
2538,0.007172334939241409
2539,0.007172334939241409
2540,0.0011450155870988965
2541,0.0004095122858416289
2542,0.0024898750707507133
2543,0.004191924352198839
2544,0.0042060362175107
2545,0.003898386610671878
2546,0.0038696725387126207
2547,0.005794575437903404
2548,0.005905555561184883
2549,0.0028072488494217396
2550,0.0028072488494217396
2551,0.002520278561860323
2552,0.0018825666047632694
2553,0.0016144587425515056
2554,0.0027374548371881247
2555,0.0028049482498317957
2556,0.0010812331456691027
2557,0.00206730212084949
2558,0.0007562455139122903
2559,0.002833870006725192
2560,0.010794618166983128
2561,
2562,0.0
2563,
2564,0.007582675199955702
2565,0.007582674268633127
2566,0.015145475044846535
2567,0.020817572250962257
2568,0.017670728266239166
2569,0.013313565403223038
2570,0.014837841503322124
2571,0.009896064177155495
2572,0.011473780497908592
2573,0.011308267712593079
2574,0.012934011407196522
2575,0.004735349677503109
2576,0.00937060546129942
2577,0.0044104354456067085
2578,0.001707641058601439
2579,0.009558670222759247
2580,0.01171966828405857
2581,0.011719669215381145
2582,0.011843280866742134
2583,0.007353555876761675
2584,0.007113688159734011
2585,0.007113688159734011
2586,0.00808650441467762
2587,0.018027091398835182
2588,0.024494297802448273
2589,0.024494297802448273
2590,0.02430105395615101
2591,0.015605117194354534
2592,0.007875397801399231
2593,0.007172841113060713
2594,0.006359331775456667
2595,0.006951859686523676
2596,0.007172334939241409
2597,0.005190751049667597
2598,7.165770512074232e-05
2599,7.165770512074232e-05
2600,0.0030136420391499996
2601,0.003984522540122271
2602,0.0043388232588768005
2603,0.003110946621745825
2604,0.00251715793274343
2605,0.0010572741739451885
2606,0.0018920801812782884
2607,0.0023014957550913095
2608,0.0035377349704504013
2609,0.002115946961566806
2610,0.0018174758879467845
2611,0.003255350049585104
2612,0.0014361197827383876
2613,0.003807756118476391
2614,0.001871087122708559
2615,0.001312015694566071
2616,0.0014698388986289501
2617,0.009286221116781235
2618,0.010477131232619286
2619,0.0
2620,0.0
2621,0.0
2622,
2623,0.0072793676517903805
2624,0.007582674268633127
2625,0.010352768003940582
2626,0.018816949799656868
2627,0.020817572250962257
2628,0.020136095583438873
2629,0.020097339525818825
2630,0.018325386568903923
2631,0.013459932990372181
2632,0.01224636659026146
2633,0.011574706062674522
2634,0.011407891288399696
2635,0.0025398738216608763
2636,0.0021125979255884886
2637,0.0018150905380025506
2638,0.007144463714212179
2639,0.011719669215381145
2640,0.013101685792207718
2641,0.02702273055911064
2642,0.015269202180206776
2643,0.007113688159734011
2644,0.007113688159734011
2645,0.01984599232673645
2646,0.024494297802448273
2647,0.02346760779619217
2648,0.02430105395615101
2649,0.00806864071637392
2650,0.007875397801399231
2651,0.007875397801399231
2652,0.0061409627087414265
2653,0.004994026385247707
2654,0.006249093916267157
2655,0.0068691810593008995
2656,0.00378712872043252
2657,0.0001859325129771605
2658,0.003004710655659437
2659,0.004321561194956303
2660,0.008274959400296211
2661,0.006210776045918465
2662,0.0018948846263810992
2663,0.0012323356932029128
2664,0.001720836735330522
2665,0.002070486545562744
2666,0.003166278125718236
2667,0.0018558332230895758
2668,0.0013164583360776305
2669,0.0034526153467595577
2670,0.002228883793577552
2671,0.0004952525487169623
2672,0.005332876928150654
2673,0.005690373945981264
2674,0.002144318073987961
2675,0.004046129062771797
2676,0.006360319908708334
2677,
2678,
2679,0.007582674268633127
2680,0.0075826747342944145
2681,0.008033864200115204
2682,0.017373060807585716
2683,0.019038192927837372
2684,0.01615617237985134
2685,0.016052959486842155
2686,0.015392140485346317
2687,0.013629954308271408
2688,0.01001687254756689
2689,0.013034364208579063
2690,0.010097041726112366
2691,0.0017026066780090332
2692,0.0021427625324577093
2693,0.0018150900723412633
2694,0.004038847982883453
2695,0.010122680105268955
2696,0.02155175805091858
2697,0.027742328122258186
2698,0.015552678145468235
2699,0.007113687694072723
2700,0.007075871340930462
2701,0.0207416620105505
2702,0.024005763232707977
2703,0.024103468284010887
2704,0.01731795258820057
2705,0.007790293078869581
2706,0.007875398732721806
2707,0.0069278087466955185
2708,0.005852086469531059
2709,0.005987278651446104
2710,0.005987278651446104
2711,0.006135411094874144
2712,0.002747135004028678
2713,0.002863598521798849
2714,0.006203201599419117
2715,0.008274958468973637
2716,0.008274958468973637
2717,0.006039698142558336
2718,0.0007473902660422027
2719,0.0017671645618975163
2720,0.003288642270490527
2721,0.000539962959010154
2722,0.0003588558465708047
2723,0.00014937212108634412
2724,0.0030528767965734005
2725,0.0034014543052762747
2726,0.0022015823051333427
2727,0.002809391124173999
2728,0.008198563009500504
2729,0.005870007444173098
2730,
2731,0.04436177387833595
2732,0.04436177387833595
2733,
2734,
2735,0.006173319183290005
2736,0.005276015028357506
2737,0.007582673337310553
2738,0.007582674268633127
2739,0.007582674268633127
2740,0.011796241626143456
2741,0.0014719609171152115
2742,0.004678621422499418
2743,0.009426441974937916
2744,0.0063609350472688675
2745,0.005600622855126858
2746,0.0014758617617189884
2747,0.008381122723221779
2748,0.0034412590321153402
2749,0.001199374906718731
2750,0.002114559058099985
2751,0.0015566946240141988
2752,0.00044843286741524935
2753,0.011176825501024723
2754,0.027468249201774597
2755,0.027742333710193634
2756,0.02582339011132717
2757,0.013984544202685356
2758,0.004675844218581915
2759,0.024494297802448273
2760,0.024494297802448273
2761,0.024494297802448273
2762,0.009614585898816586
2763,0.007875397801399231
2764,0.007853442803025246
2765,0.005987279117107391
2766,0.006426612380892038
2767,0.00772469537332654
2768,0.005987279117107391
2769,0.0053866226226091385
2770,0.0020129529293626547
2771,0.005582064855843782
2772,0.008274959400296211
2773,0.008274959400296211
2774,0.00636391993612051
2775,0.00011095371883129701
2776,0.00013324880274012685
2777,0.00170928705483675
2778,0.00250536878593266
2779,0.0015678796917200089
2780,0.002056497847661376
2781,0.0019876109436154366
2782,0.002398461801931262
2783,0.003077438101172447
2784,0.0030376496724784374
2785,0.04436177760362625
2786,0.026617487892508507
2787,0.04436177387833595
2788,0.04258731007575989
2789,0.04436177387833595
2790,0.04436177387833595
2791,
2792,0.009285164065659046
2793,0.009366105310618877
2794,0.008463995531201363
2795,
2796,0.007582675199955702
2797,0.007582674268633127
2798,0.006624558009207249
2799,0.001244365586899221
2800,0.002088272012770176
2801,0.002518042689189315
2802,0.005402480252087116
2803,0.0063609350472688675
2804,0.0023059374652802944
2805,0.0009258673526346684
2806,0.00133786431979388
2807,0.0002489088801667094
2808,0.0016896174056455493
2809,0.0004317805578466505
2810,0.0008030579774640501
2811,0.004507903009653091
2812,0.012523075565695763
2813,0.02449888363480568
2814,0.027742333710193634
2815,0.027742333710193634
2816,0.007685731165111065
2817,0.012213695794343948
2818,0.024494297802448273
2819,0.024494297802448273
2820,0.01287500374019146
2821,0.007757340092211962
2822,0.007816367782652378
2823,0.011324431747198105
2824,0.01982627436518669
2825,0.020045939832925797
2826,0.03176894783973694
2827,0.017370400950312614
2828,0.002791833132505417
2829,0.009918943047523499
2830,0.008274959400296211
2831,0.008274959400296211
2832,0.006077263969928026
2833,5.748901457991451e-05
2834,0.004923900589346886
2835,0.008676140569150448
2836,0.009429346770048141
2837,0.003110230667516589
2838,0.0025878024753183126
2839,0.0014667976647615433
2840,0.0010121737141162157
2841,0.0029573640786111355
2842,0.0016736924881115556
2843,0.003501900704577565
2844,0.010325917042791843
2845,0.014522860758006573
2846,0.033540278673172
2847,0.04436177387833595
2848,0.03716185688972473
2849,0.04436177760362625
2850,0.04436177387833595
2851,0.03548941761255264
2852,
2853,0.009496191516518593
2854,0.009496190585196018
2855,2.121000051147348e-07
2856,0.006271301303058863
2857,0.003909336868673563
2858,0.0016765232430770993
2859,0.004176817834377289
2860,0.0060829115100204945
2861,0.006783348508179188
2862,0.0069525036960840225
2863,0.004981048870831728
2864,0.0012137918965891004
2865,0.001519329147413373
2866,0.0026359709445387125
2867,0.0015268918359652162
2868,0.0009784373687580228
2869,0.0061460230499506
2870,0.010132983326911926
2871,0.0062856776639819145
2872,0.0062856776639819145
2873,0.020427562296390533
2874,0.027742328122258186
2875,0.021208740770816803
2876,0.008021656423807144
2877,0.022579800337553024
2878,0.024494292214512825
2879,0.020435230806469917
2880,0.007484897505491972
2881,0.007484897505491972
2882,0.007498210296034813
2883,0.01979728415608406
2884,0.02487860433757305
2885,0.026325123384594917
2886,0.038618892431259155
2887,0.03602319583296776
2888,0.03819916024804115
2889,0.026895100250840187
2890,0.014486542902886868
2891,0.006740625482052565
2892,0.004886861890554428
2893,0.005767152179032564
2894,0.007558597717434168
2895,0.004333785269409418
2896,0.0034275955986231565
2897,0.003563016653060913
2898,0.0023824197705835104
2899,0.0010121735977008939
2900,0.004896982107311487
2901,0.00549023412168026
2902,0.014659130945801735
2903,0.016713805496692657
2904,0.017144080251455307
2905,0.021164875477552414
2906,0.04385766014456749
2907,0.043030984699726105
2908,0.04436177760362625
2909,0.04436177387833595
2910,
2911,0.001244365586899221
2912,0.0012268393766134977
2913,0.004280316177755594
2914,0.0076957582496106625
2915,0.0076957582496106625
2916,0.0076957582496106625
2917,0.006498630624264479
2918,0.0009120323811657727
2919,0.0015204809606075287
2920,0.002635971177369356
2921,0.00255702156573534
2922,0.0017466770950704813
2923,0.006282292306423187
2924,0.015195228159427643
2925,0.013937409967184067
2926,0.00963986199349165
2927,0.006285677198320627
2928,0.01704554259777069
2929,0.026819806545972824
2930,0.007424104027450085
2931,0.01206921972334385
2932,0.024494297802448273
2933,0.024494297802448273
2934,0.009668631479144096
2935,0.007484897971153259
2936,0.007484897971153259
2937,0.013707014732062817
2938,0.01113120000809431
2939,0.0176320131868124
2940,0.013938657008111477
2941,0.03861888870596886
2942,0.03861888870596886
2943,0.03861888870596886
2944,0.01695171184837818
2945,0.0032533525954931974
2946,0.006558126769959927
2947,0.006280414294451475
2948,0.005125018302351236
2949,0.003003231482580304
2950,0.0023728683590888977
2951,0.003724041162058711
2952,0.0036481106653809547
2953,0.003993074409663677
2954,0.0059944805689156055
2955,0.008742163889110088
2956,0.013504388742148876
2957,0.017144080251455307
2958,0.017144080251455307
2959,0.02450886368751526
2960,0.043814096599817276
2961,0.034065667539834976
2962,0.042975470423698425
2963,
2964,0.0043356590904295444
2965,0.007695757783949375
2966,0.007695757783949375
2967,0.007695757783949375
2968,0.007695757783949375
2969,0.005044648423790932
2970,0.0009120324393734336
2971,0.00233873981051147
2972,0.0026359709445387125
2973,0.0019243309507146478
2974,0.0012900433503091335
2975,0.00508661475032568
2976,0.014797353185713291
2977,0.015195228159427643
2978,0.010791659355163574
2979,0.010724984109401703
2980,0.027742333710193634
2981,0.023611905053257942
2982,0.00378583837300539
2983,0.009498515166342258
2984,0.020685840398073196
2985,0.020447811111807823
2986,0.005444037262350321
2987,0.007484898436814547
2988,0.009597388096153736
2989,0.028068561106920242
2990,0.007768592797219753
2991,0.007768592797219753
2992,0.03398383408784866
2993,0.03947814181447029
2994,0.03861888498067856
2995,0.010976864024996758
2996,0.0032206678297370672
2997,0.0031675738282501698
2998,0.007838832214474678
2999,0.005555566865950823
3000,0.004754593595862389
3001,0.0005841701640747488
3002,0.0037002565804868937
3003,0.004552733153104782
3004,0.006407035514712334
3005,0.005947513971477747
3006,0.009238310158252716
3007,0.009002666920423508
3008,0.015156237408518791
3009,0.016947021707892418
3010,0.016586564481258392
3011,0.03476737067103386
3012,0.04436177387833595
3013,0.02957451529800892
3014,0.04224930703639984
3015,0.04436177387833595
3016,0.04436177387833595
3017,0.007695760112255812
3018,0.007695760112255812
3019,0.0076957582496106625
3020,0.007695757783949375
3021,0.007695757783949375
3022,0.004108962137252092
3023,0.0012910383520647883
3024,0.002611748408526182
3025,0.002372973831370473
3026,0.0036588346119970083
3027,0.0077784713357687
3028,0.010250253602862358
3029,0.013319545425474644
3030,0.014375959523022175
3031,0.008831343613564968
3032,0.027002446353435516
3033,0.027191611006855965
3034,0.005988733377307653
3035,0.00378583837300539
3036,0.005452036391943693
3037,0.011922002770006657
3038,0.006642177235335112
3039,0.003682848298922181
3040,0.006452498026192188
3041,0.02589372918009758
3042,0.02836669236421585
3043,0.008365638554096222
3044,0.03925974667072296
3045,0.10959155112504959
3046,0.035146862268447876
3047,0.01695835590362549
3048,0.003253352362662554
3049,0.0032452752348035574
3050,0.0072288233786821365
3051,0.006153790280222893
3052,0.0049718813970685005
3053,0.00331704830750823
3054,0.0038454763125628233
3055,0.007536356337368488
3056,0.008382069878280163
3057,0.005149673204869032
3058,0.009347435086965561
3059,0.010723409242928028
3060,0.008131440728902817
3061,0.012660011649131775
3062,0.016191629692912102
3063,0.007101800758391619
3064,0.04436177387833595
3065,
3066,1.0580999969533877e-06
3067,0.04436177387833595
3068,
3069,0.007695760112255812
3070,0.0076957582496106625
3071,0.0076957582496106625
3072,0.0018096358980983496
3073,0.0025607082061469555
3074,0.002567791845649481
3075,0.007232335861772299
3076,0.010250253602862358
3077,0.009981721639633179
3078,0.010250253602862358
3079,0.017670372501015663
3080,0.02520049922168255
3081,0.02898850105702877
3082,0.02804369106888771
3083,0.022752322256565094
3084,0.004221538547426462
3085,0.0039627281948924065
3086,0.004552361089736223
3087,0.0044639152474701405
3088,0.0044786566868424416
3089,0.003710741875693202
3090,0.023159896954894066
3091,0.03374011069536209
3092,0.03982963413000107
3093,0.020880533382296562
3094,0.031697243452072144
3095,0.10071898251771927
3096,0.045450370758771896
3097,0.006448579486459494
3098,0.003478236496448517
3099,0.00330794183537364
3100,0.002325965091586113
3101,0.004388813395053148
3102,0.004532181657850742
3103,0.0044878521002829075
3104,0.006623005494475365
3105,0.005710096098482609
3106,0.00037416580016724765
3107,1.708899981167633e-05
3108,
3109,
3110,
3111,0.007695760112255812
3112,0.006413168739527464
3113,0.0013867192901670933
3114,0.002560708438977599
3115,0.002560708438977599
3116,0.007803578395396471
3117,0.010250252671539783
3118,0.010250252671539783
3119,0.010250252671539783
3120,0.014953437261283398
3121,0.030944259837269783
3122,0.030944259837269783
3123,0.030944259837269783
3124,0.019428931176662445
3125,0.010370008647441864
3126,0.006821166258305311
3127,0.005038808565586805
3128,0.005038808565586805
3129,0.008591704070568085
3130,0.021676702424883842
3131,0.005643085576593876
3132,0.022899188101291656
3133,0.05792135372757912
3134,0.06249618902802467
3135,0.05407116562128067
3136,0.05994178354740143
3137,0.09914176911115646
3138,0.018998654559254646
3139,0.004247572738677263
3140,0.004010315518826246
3141,0.005078084766864777
3142,0.0058424146845936775
3143,0.006159281358122826
3144,0.004493949934840202
3145,0.004384646192193031
3146,0.002525933785364032
3147,0.0023520824033766985
3148,1.7832000594353303e-05
3149,0.017144078388810158
3150,0.017144078388810158
3151,
3152,0.002560707973316312
3153,0.0025607082061469555
3154,0.006584308110177517
3155,0.009563088417053223
3156,0.009356938302516937
3157,0.008463622070848942
3158,0.01001130510121584
3159,0.030234193429350853
3160,0.03094426728785038
3161,0.03094426728785038
3162,0.020664380863308907
3163,0.010851779021322727
3164,0.010851779021322727
3165,0.008350850082933903
3166,0.014132441021502018
3167,0.022307537496089935
3168,0.030487462878227234
3169,0.008933594450354576
3170,0.0008435123017989099
3171,0.005906878039240837
3172,0.02068602852523327
3173,0.04285809025168419
3174,0.06249618902802467
3175,0.08930718898773193
3176,0.04727926850318909
3177,0.0061872005462646484
3178,0.004247572738677263
3179,0.007568215951323509
3180,0.0029552336782217026
3181,0.004910713993012905
3182,0.006162465084344149
3183,0.004345642402768135
3184,0.0036562515888363123
3185,0.004613368771970272
3186,
3187,0.0
3188,
3189,0.0025607082061469555
3190,0.006208312232047319
3191,0.008463622070848942
3192,0.004409342538565397
3193,0.0043406253680586815
3194,0.0043406253680586815
3195,0.009599486365914345
3196,0.02877885289490223
3197,0.03094426728785038
3198,0.03094426728785038
3199,0.01992335356771946
3200,0.007652691099792719
3201,0.010851779021322727
3202,0.018383532762527466
3203,0.031093383207917213
3204,0.031093383207917213
3205,0.023355046287178993
3206,0.008037159219384193
3207,0.004596708808094263
3208,0.008016286417841911
3209,0.008016286417841911
3210,0.015618130564689636
3211,0.050459928810596466
3212,0.03559812903404236
3213,0.013093139044940472
3214,0.014591957442462444
3215,0.012903678230941296
3216,0.013968498446047306
3217,0.015077948570251465
3218,0.020641112700104713
3219,0.005478628911077976
3220,0.0041430373676121235
3221,0.0030600542668253183
3222,0.0
3223,
3224,0.010034047067165375
3225,0.004407781176269054
3226,0.004279216285794973
3227,0.004340625833719969
3228,0.004340625833719969
3229,0.009301893413066864
3230,0.029747603461146355
3231,0.03059365786612034
3232,0.006131993141025305
3233,0.00299116806127131
3234,0.0015440904535353184
3235,0.007413625717163086
3236,0.03005269356071949
3237,0.031093386933207512
3238,0.03457830473780632
3239,0.042761508375406265
3240,0.03205856308341026
3241,0.0019846356008201838
3242,0.006060074549168348
3243,0.008016286417841911
3244,0.008016286417841911
3245,0.02163626439869404
3246,0.01942768506705761
3247,0.016952048987150192
3248,0.015851659700274467
3249,0.01611243188381195
3250,0.021745340898633003
3251,0.021745340898633003
3252,0.008869360201060772
3253,0.0035664697643369436
3254,0.004494680557399988
3255,1.908000058392645e-06
3256,1.2720000768240425e-06
3257,0.010250251740217209
3258,0.004438688047230244
3259,0.003580056596547365
3260,0.0042158327996730804
3261,0.0043406253680586815
3262,0.0043406253680586815
3263,0.011584446765482426
3264,0.014016052708029747
3265,0.0029612956568598747
3266,0.0027214083820581436
3267,0.000989286694675684
3268,0.0005663537885993719
3269,0.0012762848054990172
3270,0.023639105260372162
3271,0.03125547245144844
3272,0.044546790421009064
3273,0.045033056288957596
3274,0.022424453869462013
3275,0.0023850081488490105
3276,0.006097986362874508
3277,0.009826915338635445
3278,0.011863872408866882
3279,0.026122577488422394
3280,0.022753937169909477
3281,0.019261743873357773
3282,0.015138339251279831
3283,0.01606358028948307
3284,0.021412938833236694
3285,0.01003385242074728
3286,0.00375984120182693
3287,0.003759842598810792
3288,
3289,0.0
3290,0.0043406253680586815
3291,0.0043406253680586815
3292,0.0043406253680586815
3293,0.0043406253680586815
3294,0.0014747661771252751
3295,0.00012496802082750946
3296,0.003106549382209778
3297,0.0005516565288417041
3298,0.0005663537885993719
3299,0.0031653002370148897
3300,0.017422661185264587
3301,0.04260171577334404
3302,0.045033056288957596
3303,0.045010291039943695
3304,0.04390067979693413
3305,0.022485261783003807
3306,0.028743460774421692
3307,0.02544359304010868
3308,0.027254221960902214
3309,0.026304150000214577
3310,0.02748055011034012
3311,0.026781881228089333
3312,0.013274270109832287
3313,0.008479268290102482
3314,0.01081397756934166
3315,0.010278884321451187
3316,0.009437594562768936
3317,
3318,0.004340624902397394
3319,0.004282750654965639
3320,0.0043406253680586815
3321,0.002893078373745084
3322,0.0004399854224175215
3323,0.0008533239015378058
3324,0.0009080804884433746
3325,0.001171745709143579
3326,0.003378630615770817
3327,0.007502008229494095
3328,0.03790690377354622
3329,0.045033056288957596
3330,0.042554035782814026
3331,0.04344753921031952
3332,0.04464152082800865
3333,0.04464152082800865
3334,0.03586148843169212
3335,0.02748055011034012
3336,0.02728784829378128
3337,0.027186449617147446
3338,0.02748055011034012
3339,0.02748055011034012
3340,0.02398720197379589
3341,0.00790795311331749
3342,0.011022764258086681
3343,0.011378073133528233
3344,
3345,0.004340625833719969
3346,0.0032905435655266047
3347,0.00045034376671537757
3348,0.00036412905319593847
3349,0.0012721901293843985
3350,0.0022006931249052286
3351,0.005471932701766491
3352,0.0032671652734279633
3353,0.022747643291950226
3354,0.04503306373953819
3355,0.03756314143538475
3356,0.034177180379629135
3357,0.04464152082800865
3358,0.04464152082800865
3359,0.04464152082800865
3360,0.030405711382627487
3361,0.02748054452240467
3362,0.015804709866642952
3363,0.017687909305095673
3364,0.019571108743548393
3365,0.025220705196261406
3366,0.016463305801153183
3367,0.009308678098022938
3368,0.011402884498238564
3369,
3370,0.0004503438249230385
3371,0.0004503438249230385
3372,0.0004564934060908854
3373,
3374,0.004176470451056957
3375,0.04379497841000557
3376,0.03883551061153412
3377,0.02726675756275654
3378,0.04383338987827301
3379,0.04464152082800865
3380,0.038527876138687134
3381,0.03626057878136635
3382,0.02748055011034012
3383,0.02709515206515789
3384,0.011101091280579567
3385,0.010908391326665878
3386,0.010908391326665878
3387,0.011101090349256992
3388,0.011079041287302971
3389,0.007321925833821297
3390,0.009950435720384121
3391,0.0004503438249230385
3392,0.03248511999845505
3393,0.02726675756275654
3394,0.03352975472807884
3395,0.04464152082800865
3396,0.037706535309553146
3397,0.023936497047543526
3398,0.027026789262890816
3399,0.02748055011034012
3400,0.015918582677841187
3401,0.010908391326665878
3402,0.010908391326665878
3403,0.009391912259161472
3404,0.010403074324131012
3405,0.007183860056102276
3406,0.004379631951451302
3407,0.00037420380976982415
3408,0.026440493762493134
3409,0.027266759425401688
3410,0.04464152082800865
3411,0.032916393131017685
3412,0.02031766064465046
3413,0.024387376382946968
3414,0.02456604316830635
3415,0.01232052966952324
3416,0.010653450153768063
3417,0.010908394120633602
3418,0.010030251927673817
3419,0.005088254809379578
3420,0.007469525095075369
3421,0.011203461326658726
3422,
3423,0.02726675756275654
3424,0.03635820746421814
3425,0.030981745570898056
3426,0.02438737265765667
3427,0.02438737265765667
3428,0.02430390752851963
3429,0.02310185320675373
3430,0.01814524456858635
3431,0.008850392885506153
3432,0.008821407333016396
3433,0.008415604941546917
3434,0.006503039970993996
3435,0.004334601107984781
3436,0.0014968152390792966
3437,
3438,0.017948420718312263
3439,0.026782851666212082
3440,0.02438737265765667
3441,0.02438737265765667
3442,0.02441176399588585
3443,0.024510152637958527
3444,0.02420332282781601
3445,0.021633228287100792
3446,0.008415604941546917
3447,0.008415604941546917
3448,0.008415604941546917
3449,0.005046965554356575
3450,0.004590477794408798
3451,0.0025770135689526796
3452,0.0163651742041111
3453,0.02438737265765667
3454,0.024443628266453743
3455,0.02482939325273037
3456,0.024963483214378357
3457,0.02420332282781601
3458,0.02420332282781601
3459,0.020211026072502136
3460,0.00968588050454855
3461,0.008415604010224342
3462,0.008415604010224342
3463,0.005297817289829254
3464,0.0064610508270561695
3465,0.02438737265765667
3466,0.024532034993171692
3467,0.025086576119065285
3468,0.025086576119065285
3469,0.02469063363969326
3470,0.02420332282781601
3471,0.02420332282781601
3472,0.02420332282781601
3473,0.018396344035863876
3474,0.008415604010224342
3475,0.004679153207689524
3476,8.044199785217643e-05
3477,8.044199785217643e-05
3478,0.0016558461356908083
3479,0.01745067723095417
3480,0.024745101109147072
3481,0.025086574256420135
3482,0.025086574256420135
3483,0.025086574256420135
3484,0.024377919733524323
3485,0.02420332282781601
3486,0.02420332282781601
3487,0.02420332282781601
3488,0.018695978447794914
3489,0.008094054646790028
3490,8.044200512813404e-05
3491,8.044199785217643e-05
3492,8.044201240409166e-05
3493,
3494,0.009309748187661171
3495,0.008275331929326057
3496,0.011294426396489143
3497,0.02454184740781784
3498,0.025086574256420135
3499,0.025086574256420135
3500,0.025086574256420135
3501,0.02496332861483097
3502,0.024306029081344604
3503,0.02420332282781601
3504,0.02420332282781601
3505,0.02420332282781601
3506,0.023652588948607445
3507,0.010275310836732388
3508,8.044200512813404e-05
3509,8.044200512813404e-05
3510,6.927819777047262e-05
3511,8.044199785217643e-05
3512,
3513,0.010344165377318859
3514,0.010344164445996284
3515,0.010344166308641434
3516,0.022593827918171883
3517,0.024728186428546906
3518,0.025086574256420135
3519,0.017685526981949806
3520,0.02245895378291607
3521,0.023135704919695854
3522,0.02337936870753765
3523,0.02420332469046116
3524,0.02420332469046116
3525,0.02420332469046116
3526,0.006919580511748791
3527,8.044199785217643e-05
3528,8.044199785217643e-05
3529,8.044199785217643e-05
3530,8.044200512813404e-05
3531,8.044199785217643e-05
3532,0.010344165377318859
3533,
3534,0.019805187359452248
3535,0.011148976162075996
3536,0.007555531337857246
3537,0.012650215066969395
3538,0.02420332282781601
3539,0.022410599514842033
3540,0.019422726705670357
3541,0.0101696802303195
3542,0.0035413207951933146
3543,0.0015180381014943123
3544,8.044200512813404e-05
3545,8.044200512813404e-05
3546,7.941069634398445e-05
3547,8.044199785217643e-05
3548,0.002856206614524126
3549,0.006272070109844208
3550,0.007072858978062868
3551,0.01105668768286705
3552,0.01245102472603321
3553,0.007272050715982914
3554,0.006062595639377832
3555,0.004659451078623533
3556,0.004659451078623533
3557,0.004606206901371479
3558,0.0015180381014943123
3559,0.00279590068385005
3560,0.002184311393648386
3561,8.044199785217643e-05
3562,0.007072859443724155
3563,0.007072858512401581
3564,0.007072858512401581
3565,0.007072858512401581
3566,0.007072858512401581
3567,0.005399928893893957
3568,0.0046594515442848206
3569,0.0046594515442848206
3570,0.0046594515442848206
3571,0.0046594515442848206
3572,0.00434724660590291
3573,0.0046594515442848206
3574,0.002466685837134719
3575,0.006062450353056192
3576,0.007072858978062868
3577,0.006897676736116409
3578,0.007016733754426241
3579,0.0050242687575519085
3580,0.004659451078623533
3581,0.004659451078623533
3582,0.004659451078623533
3583,0.004659451078623533
3584,0.004659451078623533
3585,0.004659451078623533
3586,0.004659451078623533
3587,0.0046594515442848206
3588,0.0058173853904008865
3589,0.005888518411666155
3590,0.005612113047391176
3591,0.004357373807579279
3592,0.004303155466914177
3593,0.004591922741383314
3594,0.004217136185616255
3595,0.004659451078623533
3596,0.004659451078623533
3597,0.004659451078623533
3598,0.004400592762976885
3599,0.0046594515442848206
3600,0.0046594515442848206
3601,0.00442021107301116
3602,0.004659451078623533
3603,0.004659451078623533
3604,0.0046594515442848206
3605,0.004141734912991524
3606,0.004588853567838669
3607,0.004659450612962246
